<?xml version = '1.0' encoding = 'UTF-8'?>
<Entity class="oracle.dbtools.crest.model.design.logical.Entity" directorySegmentName="seg_0" id="3F638CD6-45AF-A653-4B0E-D01D983190BD" name="EMPLEADO">
<createdBy>rodri</createdBy>
<createdTime>2025-08-23 21:47:51 UTC</createdTime>
<ownerDesignName>Treabajo_Semana2</ownerDesignName>
<engineerTo>
<item key="6A2A86CF-6398-7179-228E-C38142B288AD" value="true"/>
</engineerTo>
<adequatelyNormalized>NO</adequatelyNormalized>
<expectedVolumes>0</expectedVolumes>
<fwdEngineeringStrategyName>Single Table</fwdEngineeringStrategyName>
<growthPercent>0</growthPercent>
<growthType>Year</growthType>
<maxVolumes>9999999</maxVolumes>
<minVolumes>0</minVolumes>
<normalForm>Third</normalForm>
<attributes itemClass="oracle.dbtools.crest.model.design.logical.Attribute">
<Attribute name="RUT" id="F4764608-260F-F15D-7FED-AFDB97F9330E">
<createdBy>rodri</createdBy>
<createdTime>2025-08-23 21:48:21 UTC</createdTime>
<ownerDesignName>Treabajo_Semana2</ownerDesignName>
<engineerTo>
<item key="6A2A86CF-6398-7179-228E-C38142B288AD" value="true"/>
</engineerTo>
<useDomainConstraints>false</useDomainConstraints>
<use>1</use>
<logicalDatatype>LOGDT024</logicalDatatype>
<dataTypeSize>9</dataTypeSize>
<ownDataTypeParameters>9,,</ownDataTypeParameters>
</Attribute>
<Attribute name="NombreCompleto" id="4C7C10B3-3D02-D2F8-FF66-71B9A6749178">
<createdBy>rodri</createdBy>
<createdTime>2025-08-23 21:49:39 UTC</createdTime>
<ownerDesignName>Treabajo_Semana2</ownerDesignName>
<engineerTo>
<item key="6A2A86CF-6398-7179-228E-C38142B288AD" value="true"/>
</engineerTo>
<useDomainConstraints>false</useDomainConstraints>
<use>1</use>
<logicalDatatype>LOGDT024</logicalDatatype>
<dataTypeSize>100</dataTypeSize>
<ownDataTypeParameters>100,,</ownDataTypeParameters>
</Attribute>
<Attribute name="Direccion" id="C6BB43D1-1A84-2EB4-3A5E-1AD9DDE3BA5E">
<createdBy>rodri</createdBy>
<createdTime>2025-08-23 21:50:43 UTC</createdTime>
<ownerDesignName>Treabajo_Semana2</ownerDesignName>
<engineerTo>
<item key="6A2A86CF-6398-7179-228E-C38142B288AD" value="true"/>
</engineerTo>
<useDomainConstraints>false</useDomainConstraints>
<use>1</use>
<logicalDatatype>LOGDT024</logicalDatatype>
<dataTypeSize>200</dataTypeSize>
<ownDataTypeParameters>200,,</ownDataTypeParameters>
</Attribute>
<Attribute name="SueldoBase" id="86BC08E6-A7FA-A169-9C28-71D605B9855B">
<createdBy>rodri</createdBy>
<createdTime>2025-08-23 21:51:21 UTC</createdTime>
<ownerDesignName>Treabajo_Semana2</ownerDesignName>
<engineerTo>
<item key="6A2A86CF-6398-7179-228E-C38142B288AD" value="true"/>
</engineerTo>
<useDomainConstraints>false</useDomainConstraints>
<use>1</use>
<logicalDatatype>LOGDT019</logicalDatatype>
<dataTypePrecision>20</dataTypePrecision>
<ownDataTypeParameters>,20,</ownDataTypeParameters>
</Attribute>
<Attribute name="FechaIngreso" id="9E7D2419-39B3-B034-38C6-ED82E0E23805">
<createdBy>rodri</createdBy>
<createdTime>2025-08-23 21:53:09 UTC</createdTime>
<ownerDesignName>Treabajo_Semana2</ownerDesignName>
<engineerTo>
<item key="6A2A86CF-6398-7179-228E-C38142B288AD" value="true"/>
</engineerTo>
<useDomainConstraints>false</useDomainConstraints>
<use>1</use>
<logicalDatatype>LOGDT007</logicalDatatype>
<ownDataTypeParameters>,,</ownDataTypeParameters>
</Attribute>
<Attribute name="Genero" id="08DD2D86-6F04-AEEB-0039-2B7BBB83335F">
<createdBy>rodri</createdBy>
<createdTime>2025-08-23 22:04:03 UTC</createdTime>
<ownerDesignName>Treabajo_Semana2</ownerDesignName>
<engineerTo>
<item key="6A2A86CF-6398-7179-228E-C38142B288AD" value="true"/>
</engineerTo>
<useDomainConstraints>false</useDomainConstraints>
<use>1</use>
<logicalDatatype>LOGDT025</logicalDatatype>
<ownDataTypeParameters>,,</ownDataTypeParameters>
</Attribute>
<Attribute name="TelefonoMovil" id="0EB134A5-4018-6E33-560F-6C8A8B20C865">
<createdBy>rodri</createdBy>
<createdTime>2025-08-23 22:07:44 UTC</createdTime>
<ownerDesignName>Treabajo_Semana2</ownerDesignName>
<engineerTo>
<item key="6A2A86CF-6398-7179-228E-C38142B288AD" value="true"/>
</engineerTo>
<useDomainConstraints>false</useDomainConstraints>
<use>1</use>
<logicalDatatype>LOGDT024</logicalDatatype>
<dataTypeSize>20</dataTypeSize>
<ownDataTypeParameters>20,,</ownDataTypeParameters>
</Attribute>
<Attribute name="TelefonoContacto" id="F5DEBD04-97ED-7AFD-F34B-DE9C426FDDE5">
<createdBy>rodri</createdBy>
<createdTime>2025-08-23 22:13:00 UTC</createdTime>
<ownerDesignName>Treabajo_Semana2</ownerDesignName>
<engineerTo>
<item key="6A2A86CF-6398-7179-228E-C38142B288AD" value="true"/>
</engineerTo>
<useDomainConstraints>false</useDomainConstraints>
<use>1</use>
<logicalDatatype>LOGDT024</logicalDatatype>
<dataTypeSize>20</dataTypeSize>
<ownDataTypeParameters>20,,</ownDataTypeParameters>
</Attribute>
</attributes>
<identifiers itemClass="oracle.dbtools.crest.model.design.logical.CandidateKey">
<identifier id="8856CF4F-EC02-F7A3-6D6D-435FCDD38067" name="EMPLEADO PK">
<createdBy>rodri</createdBy>
<createdTime>2025-08-23 21:49:12 UTC</createdTime>
<ownerDesignName>Treabajo_Semana2</ownerDesignName>
<engineerTo>
<item key="6A2A86CF-6398-7179-228E-C38142B288AD" value="true"/>
</engineerTo>
<pk>true</pk>
<usedAttributes>
<attributeRef>F4764608-260F-F15D-7FED-AFDB97F9330E</attributeRef>
</usedAttributes>
</identifier>
</identifiers>
</Entity>