<?xml version = '1.0' encoding = 'UTF-8'?>
<Entity class="oracle.dbtools.crest.model.design.logical.Entity" directorySegmentName="seg_0" id="86366A8D-3F4E-35FA-CE61-A0C5A4B0C969" name="VUELO">
<createdBy>rodri</createdBy>
<createdTime>2025-08-23 21:01:28 UTC</createdTime>
<ownerDesignName>Treabajo_Semana2</ownerDesignName>
<engineerTo>
<item key="6A2A86CF-6398-7179-228E-C38142B288AD" value="true"/>
</engineerTo>
<adequatelyNormalized>NO</adequatelyNormalized>
<expectedVolumes>0</expectedVolumes>
<fwdEngineeringStrategyName>Single Table</fwdEngineeringStrategyName>
<growthPercent>0</growthPercent>
<growthType>Year</growthType>
<maxVolumes>9999999</maxVolumes>
<minVolumes>0</minVolumes>
<normalForm>Third</normalForm>
<attributes itemClass="oracle.dbtools.crest.model.design.logical.Attribute">
<Attribute name="NroVuelo" id="03F36E6D-A3B4-D66A-061E-D951D3DE3D05">
<createdBy>rodri</createdBy>
<createdTime>2025-08-23 21:01:35 UTC</createdTime>
<ownerDesignName>Treabajo_Semana2</ownerDesignName>
<engineerTo>
<item key="6A2A86CF-6398-7179-228E-C38142B288AD" value="true"/>
</engineerTo>
<useDomainConstraints>false</useDomainConstraints>
<use>1</use>
<logicalDatatype>LOGDT019</logicalDatatype>
<dataTypePrecision>10</dataTypePrecision>
<ownDataTypeParameters>,10,</ownDataTypeParameters>
</Attribute>
<Attribute name="FechaDespegue" id="567FE4D9-4D24-5D11-F6DC-0880ED9963E1">
<createdBy>rodri</createdBy>
<createdTime>2025-08-23 21:03:22 UTC</createdTime>
<ownerDesignName>Treabajo_Semana2</ownerDesignName>
<engineerTo>
<item key="6A2A86CF-6398-7179-228E-C38142B288AD" value="true"/>
</engineerTo>
<useDomainConstraints>false</useDomainConstraints>
<use>1</use>
<logicalDatatype>LOGDT008</logicalDatatype>
<ownDataTypeParameters>,,</ownDataTypeParameters>
</Attribute>
<Attribute name="FechaLlegada" id="AAA44694-4ED4-9ECD-670F-59453654E90B">
<createdBy>rodri</createdBy>
<createdTime>2025-08-23 21:16:31 UTC</createdTime>
<ownerDesignName>Treabajo_Semana2</ownerDesignName>
<engineerTo>
<item key="6A2A86CF-6398-7179-228E-C38142B288AD" value="true"/>
</engineerTo>
<useDomainConstraints>false</useDomainConstraints>
<use>1</use>
<logicalDatatype>LOGDT008</logicalDatatype>
<ownDataTypeParameters>,,</ownDataTypeParameters>
</Attribute>
<Attribute name="HoraSalida" id="B6127CC5-1326-46E0-7B12-16142A94E413">
<createdBy>rodri</createdBy>
<createdTime>2025-08-23 21:20:21 UTC</createdTime>
<ownerDesignName>Treabajo_Semana2</ownerDesignName>
<engineerTo>
<item key="6A2A86CF-6398-7179-228E-C38142B288AD" value="true"/>
</engineerTo>
<useDomainConstraints>false</useDomainConstraints>
<use>1</use>
<logicalDatatype>LOGDT047</logicalDatatype>
<dataTypeScale>6</dataTypeScale>
<ownDataTypeParameters>,,6</ownDataTypeParameters>
</Attribute>
<Attribute name="HoraLlegada" id="BC15C3E5-344B-E4EB-2DD3-A3F57A1F0FAF">
<createdBy>rodri</createdBy>
<createdTime>2025-08-23 21:37:26 UTC</createdTime>
<ownerDesignName>Treabajo_Semana2</ownerDesignName>
<engineerTo>
<item key="6A2A86CF-6398-7179-228E-C38142B288AD" value="true"/>
</engineerTo>
<useDomainConstraints>false</useDomainConstraints>
<use>1</use>
<logicalDatatype>LOGDT047</logicalDatatype>
<dataTypeScale>6</dataTypeScale>
<ownDataTypeParameters>,,6</ownDataTypeParameters>
</Attribute>
<Attribute name="CiudadOrigen" id="AC790459-DEB9-E635-6735-5713A9BA30C9">
<createdBy>rodri</createdBy>
<createdTime>2025-08-23 21:38:27 UTC</createdTime>
<ownerDesignName>Treabajo_Semana2</ownerDesignName>
<engineerTo>
<item key="6A2A86CF-6398-7179-228E-C38142B288AD" value="true"/>
</engineerTo>
<useDomainConstraints>false</useDomainConstraints>
<use>1</use>
<logicalDatatype>LOGDT024</logicalDatatype>
<dataTypeSize>50</dataTypeSize>
<ownDataTypeParameters>50,,</ownDataTypeParameters>
</Attribute>
<Attribute name="CiudadDestino" id="621A2EE5-2EF4-6C9A-536E-6CE88BB7B5CA">
<createdBy>rodri</createdBy>
<createdTime>2025-08-23 21:38:38 UTC</createdTime>
<ownerDesignName>Treabajo_Semana2</ownerDesignName>
<engineerTo>
<item key="6A2A86CF-6398-7179-228E-C38142B288AD" value="true"/>
</engineerTo>
<useDomainConstraints>false</useDomainConstraints>
<use>1</use>
<logicalDatatype>LOGDT024</logicalDatatype>
<dataTypeSize>50</dataTypeSize>
<ownDataTypeParameters>50,,</ownDataTypeParameters>
</Attribute>
<Attribute name="Matricula" id="2572431D-4388-3486-1BA1-C554FF66BBB2">
<createdBy>rodri</createdBy>
<createdTime>2025-08-25 17:35:13 UTC</createdTime>
<generatorID>24C2960C-2CF8-4A9E-D766-66776D1FE1B8</generatorID>
<ownerDesignName>Treabajo_Semana2</ownerDesignName>
<engineerTo>
<item key="6A2A86CF-6398-7179-228E-C38142B288AD" value="true"/>
</engineerTo>
<referedAttribute>EF85AC8F-A2F8-B917-3475-CD54170430CC</referedAttribute>
<useDomainConstraints>false</useDomainConstraints>
<use>1</use>
<logicalDatatype>LOGDT019</logicalDatatype>
<ownDataTypeParameters>,,</ownDataTypeParameters>
</Attribute>
</attributes>
<identifiers itemClass="oracle.dbtools.crest.model.design.logical.CandidateKey">
<identifier id="652FC7DC-4619-4D4D-3344-8C3910D61F67" name="VUELO PK">
<createdBy>rodri</createdBy>
<createdTime>2025-08-23 21:02:59 UTC</createdTime>
<ownerDesignName>Treabajo_Semana2</ownerDesignName>
<engineerTo>
<item key="6A2A86CF-6398-7179-228E-C38142B288AD" value="true"/>
</engineerTo>
<pk>true</pk>
<usedAttributes>
<attributeRef>03F36E6D-A3B4-D66A-061E-D951D3DE3D05</attributeRef>
</usedAttributes>
</identifier>
</identifiers>
</Entity>