<?xml version = '1.0' encoding = 'UTF-8'?>
<Entity class="oracle.dbtools.crest.model.design.logical.Entity" directorySegmentName="seg_0" id="D4A41186-CECB-6A55-EDF7-0D0B03D902C0" name="EQUIPAJE">
<createdBy>rodri</createdBy>
<createdTime>2025-08-25 14:12:16 UTC</createdTime>
<ownerDesignName>Treabajo_Semana2</ownerDesignName>
<engineerTo>
<item key="6A2A86CF-6398-7179-228E-C38142B288AD" value="true"/>
</engineerTo>
<adequatelyNormalized>NO</adequatelyNormalized>
<expectedVolumes>0</expectedVolumes>
<fwdEngineeringStrategyName>Single Table</fwdEngineeringStrategyName>
<growthPercent>0</growthPercent>
<growthType>Year</growthType>
<maxVolumes>9999999</maxVolumes>
<minVolumes>0</minVolumes>
<normalForm>Third</normalForm>
<attributes itemClass="oracle.dbtools.crest.model.design.logical.Attribute">
<Attribute name="CodEquipaje" id="E6F201DA-F294-5FBC-13F4-C86FBDE09C40">
<createdBy>rodri</createdBy>
<createdTime>2025-08-25 17:14:50 UTC</createdTime>
<ownerDesignName>Treabajo_Semana2</ownerDesignName>
<engineerTo>
<item key="6A2A86CF-6398-7179-228E-C38142B288AD" value="true"/>
</engineerTo>
<useDomainConstraints>false</useDomainConstraints>
<use>1</use>
<logicalDatatype>LOGDT024</logicalDatatype>
<dataTypeSize>20</dataTypeSize>
<ownDataTypeParameters>20,,</ownDataTypeParameters>
</Attribute>
<Attribute name="ColorEquipaje" id="B4D9A94C-CD39-3C1E-E5EE-560EB2F0AA3A">
<createdBy>rodri</createdBy>
<createdTime>2025-08-25 17:22:40 UTC</createdTime>
<ownerDesignName>Treabajo_Semana2</ownerDesignName>
<engineerTo>
<item key="6A2A86CF-6398-7179-228E-C38142B288AD" value="true"/>
</engineerTo>
<useDomainConstraints>false</useDomainConstraints>
<use>1</use>
<logicalDatatype>LOGDT024</logicalDatatype>
<dataTypeSize>20</dataTypeSize>
<ownDataTypeParameters>20,,</ownDataTypeParameters>
</Attribute>
<Attribute name="PesoEquipaje" id="E519608C-0576-0903-9944-57CB4207492F">
<createdBy>rodri</createdBy>
<createdTime>2025-08-25 17:23:47 UTC</createdTime>
<ownerDesignName>Treabajo_Semana2</ownerDesignName>
<engineerTo>
<item key="6A2A86CF-6398-7179-228E-C38142B288AD" value="true"/>
</engineerTo>
<useDomainConstraints>false</useDomainConstraints>
<use>1</use>
<logicalDatatype>LOGDT019</logicalDatatype>
<ownDataTypeParameters>,,</ownDataTypeParameters>
</Attribute>
<Attribute name="DescripcionEquipaje" id="F66BFDC5-B6A9-D5AC-9A44-194443473525">
<createdBy>rodri</createdBy>
<createdTime>2025-08-25 17:24:48 UTC</createdTime>
<ownerDesignName>Treabajo_Semana2</ownerDesignName>
<engineerTo>
<item key="6A2A86CF-6398-7179-228E-C38142B288AD" value="true"/>
</engineerTo>
<useDomainConstraints>false</useDomainConstraints>
<use>1</use>
<logicalDatatype>LOGDT024</logicalDatatype>
<dataTypeSize>200</dataTypeSize>
<ownDataTypeParameters>200,,</ownDataTypeParameters>
</Attribute>
<Attribute name="NumPasajero" id="68C67607-472F-666B-E9C5-1D4107CC55B9">
<createdBy>rodri</createdBy>
<createdTime>2025-08-25 18:49:24 UTC</createdTime>
<generatorID>E38A804F-BAE5-BA99-B289-0A67EB765EBE</generatorID>
<ownerDesignName>Treabajo_Semana2</ownerDesignName>
<engineerTo>
<item key="6A2A86CF-6398-7179-228E-C38142B288AD" value="true"/>
</engineerTo>
<referedAttribute>83467CDC-032C-AD09-F810-6756EAE03CAA</referedAttribute>
<useDomainConstraints>false</useDomainConstraints>
<use>1</use>
<logicalDatatype>LOGDT019</logicalDatatype>
<ownDataTypeParameters>,,</ownDataTypeParameters>
</Attribute>
</attributes>
<identifiers itemClass="oracle.dbtools.crest.model.design.logical.CandidateKey">
<identifier id="B95C43D2-FB51-B387-96DA-FE2E681A58C1" name="EQUIPAJE PK">
<createdBy>rodri</createdBy>
<createdTime>2025-08-25 17:22:18 UTC</createdTime>
<ownerDesignName>Treabajo_Semana2</ownerDesignName>
<engineerTo>
<item key="6A2A86CF-6398-7179-228E-C38142B288AD" value="true"/>
</engineerTo>
<pk>true</pk>
<usedAttributes>
<attributeRef>E6F201DA-F294-5FBC-13F4-C86FBDE09C40</attributeRef>
</usedAttributes>
</identifier>
</identifiers>
</Entity>