<?xml version = '1.0' encoding = 'UTF-8'?>
<Entity class="oracle.dbtools.crest.model.design.logical.Entity" directorySegmentName="seg_0" id="FBBB17AE-19D5-4741-FB3C-83CCC1A07DCF" name="RESERVA">
<createdBy>rodri</createdBy>
<createdTime>2025-08-25 14:05:44 UTC</createdTime>
<ownerDesignName>Treabajo_Semana2</ownerDesignName>
<engineerTo>
<item key="6A2A86CF-6398-7179-228E-C38142B288AD" value="true"/>
</engineerTo>
<adequatelyNormalized>NO</adequatelyNormalized>
<expectedVolumes>0</expectedVolumes>
<fwdEngineeringStrategyName>Single Table</fwdEngineeringStrategyName>
<growthPercent>0</growthPercent>
<growthType>Year</growthType>
<maxVolumes>9999999</maxVolumes>
<minVolumes>0</minVolumes>
<normalForm>Third</normalForm>
<attributes itemClass="oracle.dbtools.crest.model.design.logical.Attribute">
<Attribute name="NumReserva" id="86A15012-4F25-7749-643F-FCE2746E29C7">
<createdBy>rodri</createdBy>
<createdTime>2025-08-25 14:06:16 UTC</createdTime>
<ownerDesignName>Treabajo_Semana2</ownerDesignName>
<engineerTo>
<item key="6A2A86CF-6398-7179-228E-C38142B288AD" value="true"/>
</engineerTo>
<useDomainConstraints>false</useDomainConstraints>
<use>1</use>
<logicalDatatype>LOGDT019</logicalDatatype>
<ownDataTypeParameters>,,</ownDataTypeParameters>
</Attribute>
<Attribute name="FechaReserva" id="413CCE40-D4B6-3D23-ADE7-10E40808D00D">
<createdBy>rodri</createdBy>
<createdTime>2025-08-25 14:10:16 UTC</createdTime>
<ownerDesignName>Treabajo_Semana2</ownerDesignName>
<engineerTo>
<item key="6A2A86CF-6398-7179-228E-C38142B288AD" value="true"/>
</engineerTo>
<useDomainConstraints>false</useDomainConstraints>
<use>1</use>
<logicalDatatype>LOGDT008</logicalDatatype>
<ownDataTypeParameters>,,</ownDataTypeParameters>
</Attribute>
<Attribute name="Precio" id="F9619488-9834-EF59-27C1-33B06CDB197B">
<createdBy>rodri</createdBy>
<createdTime>2025-08-25 18:37:45 UTC</createdTime>
<ownerDesignName>Treabajo_Semana2</ownerDesignName>
<engineerTo>
<item key="6A2A86CF-6398-7179-228E-C38142B288AD" value="true"/>
</engineerTo>
<useDomainConstraints>false</useDomainConstraints>
<use>1</use>
<logicalDatatype>LOGDT019</logicalDatatype>
<ownDataTypeParameters>,,</ownDataTypeParameters>
</Attribute>
<Attribute name="FormaPago" id="6853A4FB-8C95-A7A6-8F1E-DC0AA8DBDA2D">
<createdBy>rodri</createdBy>
<createdTime>2025-08-25 18:38:03 UTC</createdTime>
<ownerDesignName>Treabajo_Semana2</ownerDesignName>
<engineerTo>
<item key="6A2A86CF-6398-7179-228E-C38142B288AD" value="true"/>
</engineerTo>
<useDomainConstraints>false</useDomainConstraints>
<use>1</use>
<logicalDatatype>LOGDT019</logicalDatatype>
<ownDataTypeParameters>,,</ownDataTypeParameters>
</Attribute>
<Attribute name="NroVuelo" id="DF3940B7-AD3D-A041-FE7A-5AF74824BFB5">
<createdBy>rodri</createdBy>
<createdTime>2025-08-25 18:46:58 UTC</createdTime>
<generatorID>93BEC603-100C-5A2E-F6F2-792FB556BD11</generatorID>
<ownerDesignName>Treabajo_Semana2</ownerDesignName>
<engineerTo>
<item key="6A2A86CF-6398-7179-228E-C38142B288AD" value="true"/>
</engineerTo>
<referedAttribute>03F36E6D-A3B4-D66A-061E-D951D3DE3D05</referedAttribute>
<useDomainConstraints>false</useDomainConstraints>
<use>1</use>
<logicalDatatype>LOGDT019</logicalDatatype>
<dataTypePrecision>10</dataTypePrecision>
<ownDataTypeParameters>,10,</ownDataTypeParameters>
</Attribute>
<Attribute name="NumPasajero" id="770C093C-456C-C45A-1B35-F32DCC775759">
<createdBy>rodri</createdBy>
<createdTime>2025-08-25 18:48:20 UTC</createdTime>
<generatorID>F39952C3-8B5D-965F-3C0E-D6BD45C14F14</generatorID>
<ownerDesignName>Treabajo_Semana2</ownerDesignName>
<engineerTo>
<item key="6A2A86CF-6398-7179-228E-C38142B288AD" value="true"/>
</engineerTo>
<referedAttribute>83467CDC-032C-AD09-F810-6756EAE03CAA</referedAttribute>
<useDomainConstraints>false</useDomainConstraints>
<use>1</use>
<logicalDatatype>LOGDT019</logicalDatatype>
<ownDataTypeParameters>,,</ownDataTypeParameters>
</Attribute>
<Attribute name="RUT" id="AD3040FC-33C9-CEB7-7F04-1761BEF8697B">
<createdBy>rodri</createdBy>
<createdTime>2025-08-25 18:50:57 UTC</createdTime>
<generatorID>8877DF75-D852-816F-FDB9-F8E39D282453</generatorID>
<ownerDesignName>Treabajo_Semana2</ownerDesignName>
<engineerTo>
<item key="6A2A86CF-6398-7179-228E-C38142B288AD" value="true"/>
</engineerTo>
<referedAttribute>F4764608-260F-F15D-7FED-AFDB97F9330E</referedAttribute>
<useDomainConstraints>false</useDomainConstraints>
<use>1</use>
<logicalDatatype>LOGDT024</logicalDatatype>
<dataTypeSize>9</dataTypeSize>
<ownDataTypeParameters>9,,</ownDataTypeParameters>
</Attribute>
</attributes>
<identifiers itemClass="oracle.dbtools.crest.model.design.logical.CandidateKey">
<identifier id="134461E1-9B1A-E698-E39C-97FB9EB15723" name="RESERVA PK">
<createdBy>rodri</createdBy>
<createdTime>2025-08-25 14:10:13 UTC</createdTime>
<ownerDesignName>Treabajo_Semana2</ownerDesignName>
<engineerTo>
<item key="6A2A86CF-6398-7179-228E-C38142B288AD" value="true"/>
</engineerTo>
<pk>true</pk>
<usedAttributes>
<attributeRef>86A15012-4F25-7749-643F-FCE2746E29C7</attributeRef>
</usedAttributes>
</identifier>
</identifiers>
</Entity>