<?xml version = '1.0' encoding = 'UTF-8'?>
<Diagram class="oracle.dbtools.crest.swingui.relational.DPVRelationalSubView" name="From_LM_Logical - SubView_1" id="7C08ECBC-F13E-655C-8966-35DEDCF1361C">
<createdBy>rodri</createdBy>
<modifiedBy>rodri</modifiedBy>
<createdTime>2025-09-01 22:11:13 UTC</createdTime>
<autoRoute>false</autoRoute>
<boxInbox>true</boxInbox>
<showLegend>false</showLegend>
<showLabels>false</showLabels>
<showRelAttributes>false</showRelAttributes>
<gridEnabled>false</gridEnabled>
<showGrid>false</showGrid>
<diagramColor>-1</diagramColor>
<display>false</display>
<generatorId>82BEBFE0-F883-86B2-BB0E-8785EBDD84B4</generatorId>
<notation>1</notation>
<objectViews>
<OView class="oracle.dbtools.crest.swingui.relational.TVTable" oid="5E649D9A-B2A6-CE94-DA76-A9DB5088E74F" otype="Table" vid="9B0F72EF-7C4C-E306-B4D3-180765DDF46C">
<hideElementsInCurrentOnly>false</hideElementsInCurrentOnly>
<bounds x="334" y="265" width="231" height="131"/>
<generatorID>4BF1EDCF-0852-43A4-E5B4-4E043F949987</generatorID>
</OView>
</objectViews>
</Diagram>