<?xml version = '1.0' encoding = 'UTF-8'?>
<Diagram class="oracle.dbtools.crest.swingui.relational.DPVRelational" name="Relational_1" id="B011A2A4-C99F-D168-6F84-34D080F2F004">
<createdBy>rodri</createdBy>
<modifiedBy>rodri</modifiedBy>
<createdTime>2025-08-27 00:28:23 UTC</createdTime>
<autoRoute>false</autoRoute>
<boxInbox>true</boxInbox>
<showLegend>false</showLegend>
<showLabels>false</showLabels>
<showRelAttributes>false</showRelAttributes>
<gridEnabled>false</gridEnabled>
<showGrid>false</showGrid>
<diagramColor>-1</diagramColor>
<display>false</display>
<notation>1</notation>
<objectViews>
<OView class="oracle.dbtools.crest.swingui.relational.TVTable" oid="01F37B0E-3E56-F602-14DC-17AA136D7360" otype="Table" vid="BE6BA972-8AC0-F3E2-A9A1-C836F8B0675E">
<hideElementsInCurrentOnly>false</hideElementsInCurrentOnly>
<bounds x="956" y="323" width="227" height="122"/>
</OView>
<OView class="oracle.dbtools.crest.swingui.relational.TVTable" oid="58F7B312-69F6-5A4E-D076-2F26A3DE7AF2" otype="Table" vid="80745175-E9A6-98FB-B810-944896EC2424">
<hideElementsInCurrentOnly>false</hideElementsInCurrentOnly>
<bounds x="1114" y="458" width="253" height="184"/>
</OView>
<OView class="oracle.dbtools.crest.swingui.relational.TVTable" oid="5E649D9A-B2A6-CE94-DA76-A9DB5088E74F" otype="Table" vid="6DF4C3D7-0E93-558C-B70C-1E81C600FA0F">
<hideElementsInCurrentOnly>false</hideElementsInCurrentOnly>
<bounds x="496" y="292" width="368" height="172"/>
</OView>
<OView class="oracle.dbtools.crest.swingui.relational.TVTable" oid="657F4FDB-B8B3-69B9-20CC-C2E344F09532" otype="Table" vid="0B1F4CEC-B13F-31F5-79EA-93CE9AFDBC65">
<hideElementsInCurrentOnly>false</hideElementsInCurrentOnly>
<bounds x="518" y="513" width="228" height="132"/>
</OView>
<OView class="oracle.dbtools.crest.swingui.relational.TVTable" oid="6A64F382-31E8-53F1-DF63-8F7956D9F421" otype="Table" vid="F2D693F2-FFD9-B8CE-2070-352050350BCE">
<hideElementsInCurrentOnly>false</hideElementsInCurrentOnly>
<bounds x="745" y="31" width="324" height="136"/>
</OView>
<OView class="oracle.dbtools.crest.swingui.relational.TVTable" oid="A4721AE8-F758-FA48-FDBD-E6A100BA1561" otype="Table" vid="E315F7B2-03B5-DB67-8EF9-DDC81DC53E90">
<hideElementsInCurrentOnly>false</hideElementsInCurrentOnly>
<bounds x="278" y="632" width="233" height="94"/>
</OView>
<OView class="oracle.dbtools.crest.swingui.relational.TVTable" oid="A96A7B6A-CA57-050A-7F47-760B54CA7FF0" otype="Table" vid="2A82B9AC-E78A-5964-9FBA-B580212500EE">
<hideElementsInCurrentOnly>false</hideElementsInCurrentOnly>
<bounds x="62" y="315" width="339" height="190"/>
</OView>
<OView class="oracle.dbtools.crest.swingui.relational.TVTable" oid="C5AA761D-D77A-27D8-D264-9A8E8D2E5FD8" otype="Table" vid="56B783D6-7DA8-C7C7-924B-BA556757767C">
<hideElementsInCurrentOnly>false</hideElementsInCurrentOnly>
<bounds x="815" y="596" width="259" height="109"/>
</OView>
<OView class="oracle.dbtools.crest.swingui.relational.TVTable" oid="D9BEB16D-6147-84F9-D1FA-04E4785D7C3E" otype="Table" vid="D7579438-B0FE-592E-3AD5-D3766DE74BB8">
<hideElementsInCurrentOnly>false</hideElementsInCurrentOnly>
<bounds x="34" y="564" width="238" height="95"/>
</OView>
<OView class="oracle.dbtools.crest.swingui.relational.TVTable" oid="E8C4DF90-1354-E4FC-BDB1-0A287EB2686D" otype="Table" vid="52ED6C89-F33D-1CEE-452C-112D1695241B">
<hideElementsInCurrentOnly>false</hideElementsInCurrentOnly>
<bounds x="363" y="69" width="324" height="150"/>
</OView>
<OView class="oracle.dbtools.crest.swingui.relational.TVTable" oid="F067B392-AB8F-BBE3-7890-E4C2DBA416BD" otype="Table" vid="CE96AE04-51CE-8FE3-7235-8D590953091D">
<hideElementsInCurrentOnly>false</hideElementsInCurrentOnly>
<bounds x="169" y="231" width="869" height="174"/>
</OView>
<OView class="oracle.dbtools.crest.swingui.relational.TVTable" oid="FBEABB3E-7433-7A6A-2528-9803CDDAC1EE" otype="Table" vid="3CE6150A-41B2-29B1-D0CF-680DC68281BE">
<hideElementsInCurrentOnly>false</hideElementsInCurrentOnly>
<bounds x="54" y="61" width="234" height="88"/>
</OView>
</objectViews>
<connectors>
<Connector class="oracle.dbtools.crest.swingui.relational.TVFKRelation" oid="02D36111-D1CD-89D1-0675-53181140A1A2" otype="FKIndexAssociation" vid_source="2A82B9AC-E78A-5964-9FBA-B580212500EE" vid_target="E315F7B2-03B5-DB67-8EF9-DDC81DC53E90">
<hideElementsInCurrentOnly>false</hideElementsInCurrentOnly>
<backgroundColor>-16777216</backgroundColor>
<lineWidth>1</lineWidth>
<points>
<point x="339" y="505"/>
<point x="339" y="632"/>
</points>
</Connector>
<Connector class="oracle.dbtools.crest.swingui.relational.TVFKRelation" oid="1BC98855-6027-A9D9-2D95-52A6851B852C" otype="FKIndexAssociation" vid_source="3CE6150A-41B2-29B1-D0CF-680DC68281BE" vid_target="52ED6C89-F33D-1CEE-452C-112D1695241B">
<hideElementsInCurrentOnly>false</hideElementsInCurrentOnly>
<backgroundColor>-16777216</backgroundColor>
<lineWidth>1</lineWidth>
<points>
<point x="288" y="109"/>
<point x="363" y="109"/>
</points>
</Connector>
<Connector class="oracle.dbtools.crest.swingui.relational.TVFKRelation" oid="34A62F16-B07A-6868-C9F6-34A769C8FEDC" otype="FKIndexAssociation" vid_source="3CE6150A-41B2-29B1-D0CF-680DC68281BE" vid_target="6DF4C3D7-0E93-558C-B70C-1E81C600FA0F">
<hideElementsInCurrentOnly>false</hideElementsInCurrentOnly>
<backgroundColor>-16777216</backgroundColor>
<lineWidth>1</lineWidth>
<points>
<point x="254" y="61"/>
<point x="254" y="20"/>
<point x="715" y="23"/>
<point x="715" y="292"/>
</points>
</Connector>
<Connector class="oracle.dbtools.crest.swingui.relational.TVFKRelation" oid="4091D5C2-AA3C-8788-2021-45D03B62A7F1" otype="FKIndexAssociation" vid_source="52ED6C89-F33D-1CEE-452C-112D1695241B" vid_target="2A82B9AC-E78A-5964-9FBA-B580212500EE">
<hideElementsInCurrentOnly>false</hideElementsInCurrentOnly>
<backgroundColor>-16777216</backgroundColor>
<lineWidth>1</lineWidth>
<points>
<point x="363" y="163"/>
<point x="105" y="163"/>
<point x="105" y="315"/>
</points>
</Connector>
<Connector class="oracle.dbtools.crest.swingui.relational.TVFKRelation" oid="42796549-F83F-9C68-A4D0-B541D2BCDFA6" otype="FKIndexAssociation" vid_source="CE96AE04-51CE-8FE3-7235-8D590953091D" vid_target="2A82B9AC-E78A-5964-9FBA-B580212500EE">
<hideElementsInCurrentOnly>false</hideElementsInCurrentOnly>
<backgroundColor>-16777216</backgroundColor>
<lineWidth>1</lineWidth>
<points>
<point x="169" y="360"/>
<point x="401" y="360"/>
</points>
</Connector>
<Connector class="oracle.dbtools.crest.swingui.relational.TVFKRelation" oid="4B4B73E7-027D-2851-4E35-ED0AA3C353D1" otype="FKIndexAssociation" vid_source="6DF4C3D7-0E93-558C-B70C-1E81C600FA0F" vid_target="0B1F4CEC-B13F-31F5-79EA-93CE9AFDBC65">
<hideElementsInCurrentOnly>false</hideElementsInCurrentOnly>
<backgroundColor>-16777216</backgroundColor>
<lineWidth>1</lineWidth>
<points>
<point x="632" y="464"/>
<point x="632" y="513"/>
</points>
</Connector>
<Connector class="oracle.dbtools.crest.swingui.relational.TVFKRelation" oid="51CE1C6E-A4DF-1027-9EDF-FFDFA46525FF" otype="FKIndexAssociation" vid_source="CE96AE04-51CE-8FE3-7235-8D590953091D" vid_target="BE6BA972-8AC0-F3E2-A9A1-C836F8B0675E">
<hideElementsInCurrentOnly>false</hideElementsInCurrentOnly>
<backgroundColor>-16777216</backgroundColor>
<lineWidth>1</lineWidth>
<points>
<point x="1038" y="379"/>
<point x="956" y="379"/>
</points>
</Connector>
<Connector class="oracle.dbtools.crest.swingui.relational.TVFKRelation" oid="75FFE457-7C1C-2A27-7C1F-10D334EAF96F" otype="FKIndexAssociation" vid_source="F2D693F2-FFD9-B8CE-2070-352050350BCE" vid_target="80745175-E9A6-98FB-B810-944896EC2424">
<hideElementsInCurrentOnly>false</hideElementsInCurrentOnly>
<backgroundColor>-16777216</backgroundColor>
<lineWidth>1</lineWidth>
<points>
<point x="1069" y="80"/>
<point x="1286" y="80"/>
<point x="1286" y="458"/>
</points>
</Connector>
<Connector class="oracle.dbtools.crest.swingui.relational.TVFKRelation" oid="83EAA152-D3E6-623F-3DEC-32E0235EAC22" otype="FKIndexAssociation" vid_source="BE6BA972-8AC0-F3E2-A9A1-C836F8B0675E" vid_target="F2D693F2-FFD9-B8CE-2070-352050350BCE">
<hideElementsInCurrentOnly>false</hideElementsInCurrentOnly>
<backgroundColor>-16777216</backgroundColor>
<lineWidth>1</lineWidth>
<points>
<point x="1127" y="323"/>
<point x="1127" y="135"/>
<point x="1069" y="135"/>
</points>
</Connector>
<Connector class="oracle.dbtools.crest.swingui.relational.TVFKRelation" oid="8BE5EDB5-9AFD-1B42-46F0-BA142110C9EC" otype="FKIndexAssociation" vid_source="2A82B9AC-E78A-5964-9FBA-B580212500EE" vid_target="80745175-E9A6-98FB-B810-944896EC2424">
<hideElementsInCurrentOnly>false</hideElementsInCurrentOnly>
<backgroundColor>-16777216</backgroundColor>
<lineWidth>1</lineWidth>
<points>
<point x="62" y="494"/>
<point x="17" y="494"/>
<point x="16" y="738"/>
<point x="1358" y="743"/>
<point x="1358" y="642"/>
</points>
</Connector>
<Connector class="oracle.dbtools.crest.swingui.relational.TVFKRelation" oid="95BA2636-2D18-45A8-E6E1-F2DEE35B12AE" otype="FKIndexAssociation" vid_source="0B1F4CEC-B13F-31F5-79EA-93CE9AFDBC65" vid_target="0B1F4CEC-B13F-31F5-79EA-93CE9AFDBC65">
<hideElementsInCurrentOnly>false</hideElementsInCurrentOnly>
<backgroundColor>-16777216</backgroundColor>
<lineWidth>1</lineWidth>
<points>
<point x="746" y="583"/>
<point x="779" y="583"/>
<point x="780" y="721"/>
<point x="630" y="719"/>
<point x="629" y="670"/>
<point x="629" y="645"/>
</points>
</Connector>
<Connector class="oracle.dbtools.crest.swingui.relational.TVFKRelation" oid="AAA7D865-58E6-3A9B-0802-058EF1E3FCD1" otype="FKIndexAssociation" vid_source="2A82B9AC-E78A-5964-9FBA-B580212500EE" vid_target="D7579438-B0FE-592E-3AD5-D3766DE74BB8">
<hideElementsInCurrentOnly>false</hideElementsInCurrentOnly>
<backgroundColor>-16777216</backgroundColor>
<lineWidth>1</lineWidth>
<points>
<point x="167" y="505"/>
<point x="167" y="564"/>
</points>
</Connector>
<Connector class="oracle.dbtools.crest.swingui.relational.TVFKRelation" oid="CAA192B6-7E01-013E-C4EA-8B836293659B" otype="FKIndexAssociation" vid_source="6DF4C3D7-0E93-558C-B70C-1E81C600FA0F" vid_target="56B783D6-7DA8-C7C7-924B-BA556757767C">
<hideElementsInCurrentOnly>false</hideElementsInCurrentOnly>
<backgroundColor>-16777216</backgroundColor>
<lineWidth>1</lineWidth>
<points>
<point x="839" y="464"/>
<point x="839" y="596"/>
</points>
</Connector>
<Connector class="oracle.dbtools.crest.swingui.relational.TVFKRelation" oid="EABFE014-DA68-5BE4-7BF5-483155FBF4DF" otype="FKIndexAssociation" vid_source="CE96AE04-51CE-8FE3-7235-8D590953091D" vid_target="6DF4C3D7-0E93-558C-B70C-1E81C600FA0F">
<hideElementsInCurrentOnly>false</hideElementsInCurrentOnly>
<backgroundColor>-16777216</backgroundColor>
<lineWidth>1</lineWidth>
<points>
<point x="1038" y="348"/>
<point x="496" y="348"/>
</points>
</Connector>
</connectors>
<arcs>
<Arc class="oracle.dbtools.crest.swingui.relational.TVFKArc" oid="05C70BAE-56DE-67D5-6A06-1547F0079D96" otype="FKArc" vid="47ADF22C-9EB4-90B3-580C-58CF36E93267">
<hideElementsInCurrentOnly>false</hideElementsInCurrentOnly>
<bounds x="476" y="272" width="408" height="212"/>
</Arc>
<Arc class="oracle.dbtools.crest.swingui.relational.TVFKArc" oid="A94EBDE9-F829-93CF-2733-14BF5F1C9EAA" otype="FKArc" vid="D394F834-957D-E7C9-5E0B-14C00EE4D718">
<hideElementsInCurrentOnly>false</hideElementsInCurrentOnly>
<bounds x="149" y="211" width="909" height="214"/>
</Arc>
<Arc class="oracle.dbtools.crest.swingui.relational.TVFKArc" oid="C5F03A49-9438-BB32-7137-DFC14D6B3A34" otype="FKArc" vid="B5D19231-8382-9AA8-0BB4-24EBA3EEDC6D">
<hideElementsInCurrentOnly>false</hideElementsInCurrentOnly>
<bounds x="42" y="295" width="379" height="230"/>
</Arc>
</arcs>
</Diagram>