<?xml version = '1.0' encoding = 'UTF-8'?>
<Diagram class="oracle.dbtools.crest.swingui.relational.DPVRelationalSubView" name="From_LM_Logical - SubView_3" id="E90137B2-F045-1C06-F807-8729D9E2F00B">
<createdBy>rodri</createdBy>
<modifiedBy>rodri</modifiedBy>
<createdTime>2025-09-01 22:11:13 UTC</createdTime>
<autoRoute>false</autoRoute>
<boxInbox>true</boxInbox>
<showLegend>false</showLegend>
<showLabels>false</showLabels>
<showRelAttributes>false</showRelAttributes>
<gridEnabled>false</gridEnabled>
<showGrid>false</showGrid>
<diagramColor>-1</diagramColor>
<display>false</display>
<generatorId>1BE2C700-572B-7C9D-D4BD-8AE764D3FA42</generatorId>
<notation>1</notation>
<objectViews>
<OView class="oracle.dbtools.crest.swingui.relational.TVTable" oid="5E649D9A-B2A6-CE94-DA76-A9DB5088E74F" otype="Table" vid="17B210C4-4033-40F8-3D6E-E049E2F4BF71">
<hideElementsInCurrentOnly>false</hideElementsInCurrentOnly>
<bounds x="334" y="265" width="231" height="131"/>
<generatorID>F2D82ACA-E66F-3C60-019D-EA19A9F86A8D</generatorID>
</OView>
</objectViews>
</Diagram>