<?xml version = '1.0' encoding = 'UTF-8'?>
<Diagram class="oracle.dbtools.crest.swingui.relational.DPVRelationalSubView" name="From_LM_Logical - SubView_2" id="FF89C24B-7AE8-5401-448E-042B0722CD0A">
<createdBy>rodri</createdBy>
<modifiedBy>rodri</modifiedBy>
<createdTime>2025-09-01 22:11:13 UTC</createdTime>
<autoRoute>false</autoRoute>
<boxInbox>true</boxInbox>
<showLegend>false</showLegend>
<showLabels>false</showLabels>
<showRelAttributes>false</showRelAttributes>
<gridEnabled>false</gridEnabled>
<showGrid>false</showGrid>
<diagramColor>-1</diagramColor>
<display>false</display>
<generatorId>853E93EF-DDE7-F9E6-5F1C-376CB1E77F00</generatorId>
<notation>1</notation>
<objectViews>
<OView class="oracle.dbtools.crest.swingui.relational.TVTable" oid="5E649D9A-B2A6-CE94-DA76-A9DB5088E74F" otype="Table" vid="E0B81675-3440-2E13-44A6-9A9A9B97DA7D">
<hideElementsInCurrentOnly>false</hideElementsInCurrentOnly>
<bounds x="334" y="265" width="231" height="131"/>
<generatorID>38DC9EB4-B159-9202-29DD-51BA3F2A17BC</generatorID>
</OView>
</objectViews>
</Diagram>