<?xml version = '1.0' encoding = 'UTF-8'?>
<Diagram class="oracle.dbtools.crest.swingui.relational.DPVRelational" name="Relational_1" id="445F36DF-6649-0EF3-966D-8378392A6F39">
<createdBy>rodri</createdBy>
<modifiedBy>rodri</modifiedBy>
<createdTime>2025-08-23 22:16:06 UTC</createdTime>
<autoRoute>false</autoRoute>
<boxInbox>true</boxInbox>
<showLegend>false</showLegend>
<showLabels>false</showLabels>
<showRelAttributes>false</showRelAttributes>
<gridEnabled>false</gridEnabled>
<showGrid>false</showGrid>
<diagramColor>-1</diagramColor>
<display>false</display>
<notation>1</notation>
<objectViews>
<OView class="oracle.dbtools.crest.swingui.relational.TVTable" oid="06F0B6EE-68EC-2487-5EA6-EE784E7875F6" otype="Table" vid="2D19AD71-9E5A-6EDC-91EE-1404E37F25A4">
<hideElementsInCurrentOnly>false</hideElementsInCurrentOnly>
<bounds x="49" y="5" width="196" height="127"/>
</OView>
<OView class="oracle.dbtools.crest.swingui.relational.TVTable" oid="2ADC199C-3749-D96B-3C1F-D44932C4873E" otype="Table" vid="AB637345-7714-FD41-73BF-B3B9FACE5377">
<hideElementsInCurrentOnly>false</hideElementsInCurrentOnly>
<bounds x="869" y="279" width="298" height="128"/>
</OView>
<OView class="oracle.dbtools.crest.swingui.relational.TVTable" oid="5923F364-8B51-77E6-0252-30E991EBDDF3" otype="Table" vid="D5FEE5A7-26BA-A88A-FA6C-561599383DAE">
<hideElementsInCurrentOnly>false</hideElementsInCurrentOnly>
<bounds x="356" y="3" width="322" height="194"/>
</OView>
<OView class="oracle.dbtools.crest.swingui.relational.TVTable" oid="A9A0D882-B6F9-BE4E-C2CB-BF70F1D70118" otype="Table" vid="249520E4-299C-ECE0-3DDA-BBC21632B944">
<hideElementsInCurrentOnly>false</hideElementsInCurrentOnly>
<bounds x="38" y="235" width="231" height="142"/>
</OView>
<OView class="oracle.dbtools.crest.swingui.relational.TVTable" oid="B1905DD7-9DAF-8F98-78F1-9F8B5EFC3A37" otype="Table" vid="002FACED-C01C-ECE4-47BF-0AB46570E964">
<hideElementsInCurrentOnly>false</hideElementsInCurrentOnly>
<bounds x="866" y="1" width="318" height="200"/>
</OView>
<OView class="oracle.dbtools.crest.swingui.relational.TVTable" oid="D9E61769-9114-59BE-0341-45A186B6C258" otype="Table" vid="9FE4DCC4-E912-52E2-C461-5D0BFAAB50E1">
<hideElementsInCurrentOnly>false</hideElementsInCurrentOnly>
<bounds x="43" y="420" width="523" height="168"/>
</OView>
<OView class="oracle.dbtools.crest.swingui.relational.TVTable" oid="EECEBE26-904C-9946-6C8B-B0FC0996EDDB" otype="Table" vid="286271B5-23FA-AA56-3F7C-B9BD1BD578AB">
<hideElementsInCurrentOnly>false</hideElementsInCurrentOnly>
<bounds x="336" y="230" width="239" height="140"/>
</OView>
<OView class="oracle.dbtools.crest.swingui.relational.TVTable" oid="FF9734AF-35C5-FFA7-847B-29179425C3A6" otype="Table" vid="E0661D27-9830-0EF8-718D-DA4DC605D6C6">
<hideElementsInCurrentOnly>false</hideElementsInCurrentOnly>
<bounds x="870" y="444" width="306" height="145"/>
</OView>
</objectViews>
<connectors>
<Connector class="oracle.dbtools.crest.swingui.relational.TVFKRelation" oid="014E99F9-89B7-8A50-E4B3-55F086E17D41" otype="FKIndexAssociation" vid_source="9FE4DCC4-E912-52E2-C461-5D0BFAAB50E1" vid_target="249520E4-299C-ECE0-3DDA-BBC21632B944">
<hideElementsInCurrentOnly>false</hideElementsInCurrentOnly>
<backgroundColor>-16777216</backgroundColor>
<lineWidth>1</lineWidth>
<points>
<point x="156" y="420"/>
<point x="156" y="377"/>
</points>
</Connector>
<Connector class="oracle.dbtools.crest.swingui.relational.TVFKRelation" oid="0C9E0E02-6A0D-BDDC-5B09-570709AA6BFC" otype="FKIndexAssociation" vid_source="D5FEE5A7-26BA-A88A-FA6C-561599383DAE" vid_target="002FACED-C01C-ECE4-47BF-0AB46570E964">
<hideElementsInCurrentOnly>false</hideElementsInCurrentOnly>
<backgroundColor>-16777216</backgroundColor>
<lineWidth>1</lineWidth>
<points>
<point x="678" y="100"/>
<point x="866" y="100"/>
</points>
</Connector>
<Connector class="oracle.dbtools.crest.swingui.relational.TVFKRelation" oid="4C94EFE8-A5CC-3F26-A81E-C6DEF3D3EA3D" otype="FKIndexAssociation" vid_source="AB637345-7714-FD41-73BF-B3B9FACE5377" vid_target="002FACED-C01C-ECE4-47BF-0AB46570E964">
<hideElementsInCurrentOnly>false</hideElementsInCurrentOnly>
<backgroundColor>-16777216</backgroundColor>
<lineWidth>1</lineWidth>
<points>
<point x="1018" y="279"/>
<point x="1018" y="201"/>
</points>
</Connector>
<Connector class="oracle.dbtools.crest.swingui.relational.TVFKRelation" oid="C2AA48C9-2263-7B52-E0BE-5ED529DDE094" otype="FKIndexAssociation" vid_source="9FE4DCC4-E912-52E2-C461-5D0BFAAB50E1" vid_target="286271B5-23FA-AA56-3F7C-B9BD1BD578AB">
<hideElementsInCurrentOnly>false</hideElementsInCurrentOnly>
<backgroundColor>-16777216</backgroundColor>
<lineWidth>1</lineWidth>
<points>
<point x="451" y="420"/>
<point x="451" y="370"/>
</points>
</Connector>
<Connector class="oracle.dbtools.crest.swingui.relational.TVFKRelation" oid="CD0584DA-C19E-B8C3-E55E-5C7A38192A88" otype="FKIndexAssociation" vid_source="286271B5-23FA-AA56-3F7C-B9BD1BD578AB" vid_target="002FACED-C01C-ECE4-47BF-0AB46570E964">
<hideElementsInCurrentOnly>false</hideElementsInCurrentOnly>
<backgroundColor>-16777216</backgroundColor>
<lineWidth>1</lineWidth>
<points>
<point x="575" y="258"/>
<point x="866" y="156"/>
</points>
</Connector>
<Connector class="oracle.dbtools.crest.swingui.relational.TVFKRelation" oid="D0B4B31C-A872-3FC5-C613-C6EE4EE5EAEA" otype="FKIndexAssociation" vid_source="2D19AD71-9E5A-6EDC-91EE-1404E37F25A4" vid_target="D5FEE5A7-26BA-A88A-FA6C-561599383DAE">
<hideElementsInCurrentOnly>false</hideElementsInCurrentOnly>
<backgroundColor>-16777216</backgroundColor>
<lineWidth>1</lineWidth>
<points>
<point x="245" y="68"/>
<point x="356" y="68"/>
</points>
</Connector>
<Connector class="oracle.dbtools.crest.swingui.relational.TVFKRelation" oid="E1B9FA29-32DA-8361-C0ED-11F9B88AB883" otype="FKIndexAssociation" vid_source="AB637345-7714-FD41-73BF-B3B9FACE5377" vid_target="E0661D27-9830-0EF8-718D-DA4DC605D6C6">
<hideElementsInCurrentOnly>false</hideElementsInCurrentOnly>
<backgroundColor>-16777216</backgroundColor>
<lineWidth>1</lineWidth>
<points>
<point x="1018" y="407"/>
<point x="1018" y="444"/>
</points>
</Connector>
</connectors>
<arcs>
<Arc class="oracle.dbtools.crest.swingui.relational.TVFKArc" oid="4CB67D44-ED65-9B26-CAFE-E61E50689AED" otype="FKArc" vid="D7BB6D37-E26D-0A47-16F4-5DB9CCECA2C5">
<hideElementsInCurrentOnly>false</hideElementsInCurrentOnly>
<bounds x="23" y="400" width="563" height="208"/>
</Arc>
</arcs>
</Diagram>