<?xml version = '1.0' encoding = 'UTF-8'?>
<InheritanceRelation class="oracle.dbtools.crest.model.design.logical.InheritanceRelation" name="Hierarchy_6" directorySegmentName="seg_0" id="36542A4A-DA5E-7C06-ACC8-19FCCE9C8509">
<createdBy>rodri</createdBy>
<createdTime>2025-08-27 03:24:35 UTC</createdTime>
<ownerDesignName>Semana3</ownerDesignName>
<engineerTo>
<item key="3DB25668-0EDE-2CAA-C44B-53E37E1F957B" value="true"/>
</engineerTo>
<identifying>false</identifying>
<nameOnSource>Super Type</nameOnSource>
<nameOnTarget>Sub Type</nameOnTarget>
<optionalSource>true</optionalSource>
<optionalTarget>true</optionalTarget>
<sourceEntity>4B7FBBD2-2442-E853-5010-D67F9729AE30</sourceEntity>
<targetEntity>F93AF155-9030-9854-580A-4DA7B486CFD1</targetEntity>
<transferable>true</transferable>
<deleteRule>NO ACTION</deleteRule>
</InheritanceRelation>