<?xml version = '1.0' encoding = 'UTF-8'?>
<InheritanceRelation class="oracle.dbtools.crest.model.design.logical.InheritanceRelation" name="Hierarchy_12" directorySegmentName="seg_0" id="6A349FDA-122A-B0D6-7916-6D2FF64B0211">
<createdBy>rodri</createdBy>
<createdTime>2025-09-01 21:47:22 UTC</createdTime>
<ownerDesignName>Trabajo_Sem3</ownerDesignName>
<engineerTo>
<item key="3DB25668-0EDE-2CAA-C44B-53E37E1F957B" value="true"/>
</engineerTo>
<identifying>false</identifying>
<nameOnSource>Super Type</nameOnSource>
<nameOnTarget>Sub Type</nameOnTarget>
<optionalSource>true</optionalSource>
<optionalTarget>true</optionalTarget>
<sourceEntity>0DE2CEBC-2F85-AC9E-69DB-7F2DA7E7FDAC</sourceEntity>
<targetEntity>2BF59942-0A63-BB9E-D4E3-7FE3A847F65D</targetEntity>
<transferable>true</transferable>
<deleteRule>NO ACTION</deleteRule>
</InheritanceRelation>