<?xml version = '1.0' encoding = 'UTF-8'?>
<InheritanceRelation class="oracle.dbtools.crest.model.design.logical.InheritanceRelation" name="Hierarchy_1" directorySegmentName="seg_0" id="8CCBD739-56A6-326E-BF99-F25A19B84A70">
<createdBy>rodri</createdBy>
<createdTime>2025-08-27 03:20:58 UTC</createdTime>
<ownerDesignName>Semana3</ownerDesignName>
<engineerTo>
<item key="3DB25668-0EDE-2CAA-C44B-53E37E1F957B" value="true"/>
</engineerTo>
<identifying>false</identifying>
<nameOnSource>Super Type</nameOnSource>
<nameOnTarget>Sub Type</nameOnTarget>
<optionalSource>true</optionalSource>
<optionalTarget>true</optionalTarget>
<sourceEntity>E95887A1-92AA-2A18-E4FC-E82BDCB010E5</sourceEntity>
<targetEntity>0DE2CEBC-2F85-AC9E-69DB-7F2DA7E7FDAC</targetEntity>
<transferable>true</transferable>
<deleteRule>NO ACTION</deleteRule>
</InheritanceRelation>