<?xml version = '1.0' encoding = 'UTF-8'?>
<InheritanceRelation class="oracle.dbtools.crest.model.design.logical.InheritanceRelation" name="Hierarchy_5" directorySegmentName="seg_0" id="A163F96D-3BFB-9351-EF2E-647820A9C628">
<createdBy>rodri</createdBy>
<createdTime>2025-08-27 03:23:54 UTC</createdTime>
<ownerDesignName>Semana3</ownerDesignName>
<engineerTo>
<item key="3DB25668-0EDE-2CAA-C44B-53E37E1F957B" value="true"/>
</engineerTo>
<identifying>false</identifying>
<nameOnSource>Super Type</nameOnSource>
<nameOnTarget>Sub Type</nameOnTarget>
<optionalSource>true</optionalSource>
<optionalTarget>true</optionalTarget>
<sourceEntity>4B7FBBD2-2442-E853-5010-D67F9729AE30</sourceEntity>
<targetEntity>381D5C63-40B8-F4C6-E306-1B7161674249</targetEntity>
<transferable>true</transferable>
<deleteRule>NO ACTION</deleteRule>
</InheritanceRelation>