<?xml version = '1.0' encoding = 'UTF-8'?>
<InheritanceRelation class="oracle.dbtools.crest.model.design.logical.InheritanceRelation" name="Hierarchy_7" directorySegmentName="seg_0" id="A43AFDAB-9330-110F-9850-41D96A738DED">
<createdBy>rodri</createdBy>
<createdTime>2025-08-27 03:24:59 UTC</createdTime>
<ownerDesignName>Semana3</ownerDesignName>
<engineerTo>
<item key="3DB25668-0EDE-2CAA-C44B-53E37E1F957B" value="true"/>
</engineerTo>
<identifying>false</identifying>
<nameOnSource>Super Type</nameOnSource>
<nameOnTarget>Sub Type</nameOnTarget>
<optionalSource>true</optionalSource>
<optionalTarget>true</optionalTarget>
<sourceEntity>E95887A1-92AA-2A18-E4FC-E82BDCB010E5</sourceEntity>
<targetEntity>E0A6C2C5-A834-48E4-2759-ACCB91F249DB</targetEntity>
<transferable>true</transferable>
<deleteRule>NO ACTION</deleteRule>
</InheritanceRelation>