<?xml version = '1.0' encoding = 'UTF-8'?>
<InheritanceRelation class="oracle.dbtools.crest.model.design.logical.InheritanceRelation" name="Hierarchy_4" directorySegmentName="seg_0" id="EBCFAD28-782D-DC6C-10A1-0C52D6F444C5">
<createdBy>rodri</createdBy>
<createdTime>2025-08-27 03:23:07 UTC</createdTime>
<ownerDesignName>Semana3</ownerDesignName>
<engineerTo>
<item key="3DB25668-0EDE-2CAA-C44B-53E37E1F957B" value="true"/>
</engineerTo>
<identifying>false</identifying>
<nameOnSource>Super Type</nameOnSource>
<nameOnTarget>Sub Type</nameOnTarget>
<optionalSource>true</optionalSource>
<optionalTarget>true</optionalTarget>
<sourceEntity>E95887A1-92AA-2A18-E4FC-E82BDCB010E5</sourceEntity>
<targetEntity>4B7FBBD2-2442-E853-5010-D67F9729AE30</targetEntity>
<transferable>true</transferable>
<deleteRule>NO ACTION</deleteRule>
</InheritanceRelation>