<?xml version = '1.0' encoding = 'UTF-8'?>
<Entity class="oracle.dbtools.crest.model.design.logical.Entity" directorySegmentName="seg_0" id="18E2DA2E-6E18-6E3F-FAA2-85E3BE44CC32" name="ANEXO">
<createdBy>rodri</createdBy>
<createdTime>2025-08-27 03:17:33 UTC</createdTime>
<ownerDesignName>Trabajo_Sem3</ownerDesignName>
<engineerTo>
<item key="3DB25668-0EDE-2CAA-C44B-53E37E1F957B" value="true"/>
</engineerTo>
<adequatelyNormalized>NO</adequatelyNormalized>
<expectedVolumes>0</expectedVolumes>
<fwdEngineeringStrategyName>Single Table</fwdEngineeringStrategyName>
<growthPercent>0</growthPercent>
<growthType>Year</growthType>
<maxVolumes>9999999</maxVolumes>
<minVolumes>0</minVolumes>
<normalForm>Third</normalForm>
<attributes itemClass="oracle.dbtools.crest.model.design.logical.Attribute">
<Attribute name="IdAnexo" id="19B17FF0-1B44-19D6-6FBF-F3B8693606F4">
<createdBy>rodri</createdBy>
<createdTime>2025-09-01 20:29:56 UTC</createdTime>
<ownerDesignName>Trabajo_Sem3</ownerDesignName>
<engineerTo>
<item key="3DB25668-0EDE-2CAA-C44B-53E37E1F957B" value="true"/>
</engineerTo>
<useDomainConstraints>false</useDomainConstraints>
<use>1</use>
<logicalDatatype>LOGDT019</logicalDatatype>
<ownDataTypeParameters>,,</ownDataTypeParameters>
</Attribute>
<Attribute name="FechaInicioEstadia" id="FBC71CE8-FD57-A8AB-70B4-2A7DBD840E6F">
<createdBy>rodri</createdBy>
<createdTime>2025-09-01 20:30:23 UTC</createdTime>
<ownerDesignName>Trabajo_Sem3</ownerDesignName>
<engineerTo>
<item key="3DB25668-0EDE-2CAA-C44B-53E37E1F957B" value="true"/>
</engineerTo>
<useDomainConstraints>false</useDomainConstraints>
<use>1</use>
<logicalDatatype>LOGDT007</logicalDatatype>
<ownDataTypeParameters>,,</ownDataTypeParameters>
</Attribute>
<Attribute name="fechaTerminoEstadia" id="A186EFB8-B476-736C-D447-35FD2DF607A4">
<createdBy>rodri</createdBy>
<createdTime>2025-09-01 20:30:47 UTC</createdTime>
<ownerDesignName>Trabajo_Sem3</ownerDesignName>
<engineerTo>
<item key="3DB25668-0EDE-2CAA-C44B-53E37E1F957B" value="true"/>
</engineerTo>
<useDomainConstraints>false</useDomainConstraints>
<use>1</use>
<logicalDatatype>LOGDT007</logicalDatatype>
<ownDataTypeParameters>,,</ownDataTypeParameters>
</Attribute>
<Attribute name="Observaciones" id="B5E9ED25-9D11-8BD1-A85A-7235D337C891">
<createdBy>rodri</createdBy>
<createdTime>2025-09-01 20:31:04 UTC</createdTime>
<ownerDesignName>Trabajo_Sem3</ownerDesignName>
<engineerTo>
<item key="3DB25668-0EDE-2CAA-C44B-53E37E1F957B" value="true"/>
</engineerTo>
<useDomainConstraints>false</useDomainConstraints>
<use>1</use>
<logicalDatatype>LOGDT024</logicalDatatype>
<dataTypeSize>200 CHAR</dataTypeSize>
<ownDataTypeParameters>200 CHAR,,</ownDataTypeParameters>
</Attribute>
<Attribute name="IdContrato" id="896E2C52-0B99-901B-2364-0D842AD49E60">
<createdBy>rodri</createdBy>
<createdTime>2025-09-01 21:15:58 UTC</createdTime>
<generatorID>87CFF995-A347-3DF9-1B94-2832AB3BF24F</generatorID>
<ownerDesignName>Trabajo_Sem3</ownerDesignName>
<engineerTo>
<item key="3DB25668-0EDE-2CAA-C44B-53E37E1F957B" value="true"/>
</engineerTo>
<referedAttribute>9D90296F-9F05-BF1E-6BF5-D185F7B4D8A9</referedAttribute>
<useDomainConstraints>false</useDomainConstraints>
<use>1</use>
<logicalDatatype>LOGDT024</logicalDatatype>
<dataTypeSize>15 CHAR</dataTypeSize>
<ownDataTypeParameters>,,</ownDataTypeParameters>
</Attribute>
<Attribute name="IdResidente" id="2834EDF5-CD29-590E-A028-4A37B9C5ABD9">
<createdBy>rodri</createdBy>
<createdTime>2025-09-01 22:08:27 UTC</createdTime>
<generatorID>3702B6EB-6171-B584-A584-73802CBF31DB</generatorID>
<ownerDesignName>Trabajo_Sem3</ownerDesignName>
<engineerTo>
<item key="3DB25668-0EDE-2CAA-C44B-53E37E1F957B" value="true"/>
</engineerTo>
<referedAttribute>731FFCE4-884B-4728-732E-B5B41EDAA4DF</referedAttribute>
<useDomainConstraints>false</useDomainConstraints>
<use>1</use>
<structuredType>47E390DE-0671-C4B1-8428-0F45CBEE18F8</structuredType>
<logicalDatatype>LOGDT019</logicalDatatype>
<ownDataTypeParameters>,,</ownDataTypeParameters>
</Attribute>
</attributes>
<identifiers itemClass="oracle.dbtools.crest.model.design.logical.CandidateKey">
<identifier id="14ADAE55-6C6D-A6E6-DC35-66D7259D57F4" name="ANEXO PK">
<createdBy>rodri</createdBy>
<createdTime>2025-09-01 20:30:16 UTC</createdTime>
<ownerDesignName>Trabajo_Sem3</ownerDesignName>
<shouldEngineer>false</shouldEngineer>
<engineerTo>
<item key="3DB25668-0EDE-2CAA-C44B-53E37E1F957B" value="false"/>
</engineerTo>
<pk>true</pk>
<usedAttributes>
<attributeRef>19B17FF0-1B44-19D6-6FBF-F3B8693606F4</attributeRef>
</usedAttributes>
</identifier>
</identifiers>
</Entity>