<?xml version = '1.0' encoding = 'UTF-8'?>
<Entity class="oracle.dbtools.crest.model.design.logical.Entity" directorySegmentName="seg_0" id="2BF59942-0A63-BB9E-D4E3-7FE3A847F65D" name="Permanente">
<createdBy>rodri</createdBy>
<createdTime>2025-09-01 21:46:07 UTC</createdTime>
<ownerDesignName>Trabajo_Sem3</ownerDesignName>
<engineerTo>
<item key="3DB25668-0EDE-2CAA-C44B-53E37E1F957B" value="true"/>
</engineerTo>
<adequatelyNormalized>NO</adequatelyNormalized>
<expectedVolumes>0</expectedVolumes>
<fwdEngineeringStrategyName>Single Table</fwdEngineeringStrategyName>
<growthPercent>0</growthPercent>
<growthType>Year</growthType>
<hierarchicalParent>0DE2CEBC-2F85-AC9E-69DB-7F2DA7E7FDAC</hierarchicalParent>
<maxVolumes>9999999</maxVolumes>
<minVolumes>0</minVolumes>
<normalForm>Third</normalForm>
<attributes itemClass="oracle.dbtools.crest.model.design.logical.Attribute">
<Attribute name="HistorialClinico" id="ADEE1165-7D56-0021-2C1A-21602F2A4E13">
<createdBy>rodri</createdBy>
<createdTime>2025-09-01 21:46:27 UTC</createdTime>
<ownerDesignName>Trabajo_Sem3</ownerDesignName>
<engineerTo>
<item key="3DB25668-0EDE-2CAA-C44B-53E37E1F957B" value="true"/>
</engineerTo>
<useDomainConstraints>false</useDomainConstraints>
<use>1</use>
<logicalDatatype>LOGDT040</logicalDatatype>
<ownDataTypeParameters>,,</ownDataTypeParameters>
</Attribute>
</attributes>
</Entity>