<?xml version = '1.0' encoding = 'UTF-8'?>
<Entity class="oracle.dbtools.crest.model.design.logical.Entity" directorySegmentName="seg_0" id="381D5C63-40B8-F4C6-E306-1B7161674249" name="MEDICO">
<createdBy>rodri</createdBy>
<createdTime>2025-08-27 03:23:40 UTC</createdTime>
<ownerDesignName>Trabajo_Sem3</ownerDesignName>
<engineerTo>
<item key="3DB25668-0EDE-2CAA-C44B-53E37E1F957B" value="true"/>
</engineerTo>
<adequatelyNormalized>NO</adequatelyNormalized>
<expectedVolumes>0</expectedVolumes>
<fwdEngineeringStrategyName>Single Table</fwdEngineeringStrategyName>
<growthPercent>0</growthPercent>
<growthType>Year</growthType>
<hierarchicalParent>4B7FBBD2-2442-E853-5010-D67F9729AE30</hierarchicalParent>
<maxVolumes>9999999</maxVolumes>
<minVolumes>0</minVolumes>
<normalForm>Third</normalForm>
<attributes itemClass="oracle.dbtools.crest.model.design.logical.Attribute">
<Attribute name="Especialidad" id="C61973DF-3099-6EAD-CF8E-382FE44886DA">
<createdBy>rodri</createdBy>
<createdTime>2025-09-01 20:57:39 UTC</createdTime>
<ownerDesignName>Trabajo_Sem3</ownerDesignName>
<engineerTo>
<item key="3DB25668-0EDE-2CAA-C44B-53E37E1F957B" value="true"/>
</engineerTo>
<useDomainConstraints>false</useDomainConstraints>
<use>1</use>
<logicalDatatype>LOGDT024</logicalDatatype>
<dataTypeSize>20 CHAR</dataTypeSize>
<ownDataTypeParameters>20 CHAR,,</ownDataTypeParameters>
</Attribute>
<Attribute name="FechaIngreso " id="DEA602D8-00CF-73FA-2FBC-9257C2E49A85">
<createdBy>rodri</createdBy>
<createdTime>2025-09-01 21:57:15 UTC</createdTime>
<generatorID>614B8AC7-D041-D126-4272-BD4F10B73E44</generatorID>
<ownerDesignName>Trabajo_Sem3</ownerDesignName>
<engineerTo>
<item key="3DB25668-0EDE-2CAA-C44B-53E37E1F957B" value="true"/>
</engineerTo>
<nullsAllowed>true</nullsAllowed>
<referedAttribute>5EFAF604-F693-10B1-5D2E-9A30D6EC8265</referedAttribute>
<useDomainConstraints>false</useDomainConstraints>
<use>1</use>
<logicalDatatype>LOGDT007</logicalDatatype>
<ownDataTypeParameters>,,</ownDataTypeParameters>
</Attribute>
</attributes>
</Entity>