<?xml version = '1.0' encoding = 'UTF-8'?>
<Entity class="oracle.dbtools.crest.model.design.logical.Entity" directorySegmentName="seg_0" id="445EBCFD-DBF4-A067-022F-C4D0E8DF9B3A" name="CONTRATO">
<createdBy>rodri</createdBy>
<createdTime>2025-08-27 03:19:19 UTC</createdTime>
<ownerDesignName>Trabajo_Sem3</ownerDesignName>
<engineerTo>
<item key="3DB25668-0EDE-2CAA-C44B-53E37E1F957B" value="true"/>
</engineerTo>
<adequatelyNormalized>NO</adequatelyNormalized>
<expectedVolumes>0</expectedVolumes>
<fwdEngineeringStrategyName>Single Table</fwdEngineeringStrategyName>
<growthPercent>0</growthPercent>
<growthType>Year</growthType>
<maxVolumes>9999999</maxVolumes>
<minVolumes>0</minVolumes>
<normalForm>Third</normalForm>
<attributes itemClass="oracle.dbtools.crest.model.design.logical.Attribute">
<Attribute name="IdContrato" id="9D90296F-9F05-BF1E-6BF5-D185F7B4D8A9">
<createdBy>rodri</createdBy>
<createdTime>2025-09-01 20:27:09 UTC</createdTime>
<ownerDesignName>Trabajo_Sem3</ownerDesignName>
<engineerTo>
<item key="3DB25668-0EDE-2CAA-C44B-53E37E1F957B" value="true"/>
</engineerTo>
<useDomainConstraints>false</useDomainConstraints>
<use>1</use>
<logicalDatatype>LOGDT024</logicalDatatype>
<dataTypeSize>15 CHAR</dataTypeSize>
<ownDataTypeParameters>15 CHAR,,</ownDataTypeParameters>
</Attribute>
<Attribute name="FechaInicio" id="0961C1A7-816B-11D3-D7AF-7084D810BF80">
<createdBy>rodri</createdBy>
<createdTime>2025-09-01 20:27:32 UTC</createdTime>
<ownerDesignName>Trabajo_Sem3</ownerDesignName>
<engineerTo>
<item key="3DB25668-0EDE-2CAA-C44B-53E37E1F957B" value="true"/>
</engineerTo>
<nullsAllowed>true</nullsAllowed>
<useDomainConstraints>false</useDomainConstraints>
<use>1</use>
<logicalDatatype>LOGDT007</logicalDatatype>
<ownDataTypeParameters>,,</ownDataTypeParameters>
</Attribute>
<Attribute name="FechaTermino" id="8F76B7DA-F54A-DF00-9A03-909E9C655086">
<createdBy>rodri</createdBy>
<createdTime>2025-09-01 20:29:18 UTC</createdTime>
<ownerDesignName>Trabajo_Sem3</ownerDesignName>
<engineerTo>
<item key="3DB25668-0EDE-2CAA-C44B-53E37E1F957B" value="true"/>
</engineerTo>
<nullsAllowed>true</nullsAllowed>
<useDomainConstraints>false</useDomainConstraints>
<use>1</use>
<logicalDatatype>LOGDT007</logicalDatatype>
<ownDataTypeParameters>,,</ownDataTypeParameters>
</Attribute>
<Attribute name="TipoFinanciamiento" id="E5E54F6C-445A-1871-39BB-DDA0ADAA3A1D">
<createdBy>rodri</createdBy>
<createdTime>2025-09-01 20:28:09 UTC</createdTime>
<ownerDesignName>Trabajo_Sem3</ownerDesignName>
<engineerTo>
<item key="3DB25668-0EDE-2CAA-C44B-53E37E1F957B" value="true"/>
</engineerTo>
<useDomainConstraints>false</useDomainConstraints>
<use>1</use>
<logicalDatatype>LOGDT024</logicalDatatype>
<dataTypeSize>20 CHAR</dataTypeSize>
<ownDataTypeParameters>20 CHAR,,</ownDataTypeParameters>
</Attribute>
<Attribute name="IdApoderado" id="6F056349-B95A-AE81-D2D4-CA57CBD1CCF4">
<createdBy>rodri</createdBy>
<createdTime>2025-09-01 22:06:06 UTC</createdTime>
<generatorID>57E5D9CB-56AC-B159-65F3-C81B3A366B40</generatorID>
<ownerDesignName>Trabajo_Sem3</ownerDesignName>
<engineerTo>
<item key="3DB25668-0EDE-2CAA-C44B-53E37E1F957B" value="true"/>
</engineerTo>
<referedAttribute>8149D280-A99C-4F74-0D36-277C1C14CF9E</referedAttribute>
<useDomainConstraints>false</useDomainConstraints>
<use>1</use>
<logicalDatatype>LOGDT019</logicalDatatype>
<ownDataTypeParameters>,,</ownDataTypeParameters>
</Attribute>
</attributes>
<identifiers itemClass="oracle.dbtools.crest.model.design.logical.CandidateKey">
<identifier id="8F798A36-04BE-8EB7-25E2-9414F81415C0" name="CONTRATO PK">
<createdBy>rodri</createdBy>
<createdTime>2025-09-01 20:27:29 UTC</createdTime>
<ownerDesignName>Trabajo_Sem3</ownerDesignName>
<shouldEngineer>false</shouldEngineer>
<engineerTo>
<item key="3DB25668-0EDE-2CAA-C44B-53E37E1F957B" value="false"/>
</engineerTo>
<pk>true</pk>
<usedAttributes>
<attributeRef>9D90296F-9F05-BF1E-6BF5-D185F7B4D8A9</attributeRef>
</usedAttributes>
</identifier>
</identifiers>
</Entity>