<?xml version = '1.0' encoding = 'UTF-8'?>
<Entity class="oracle.dbtools.crest.model.design.logical.Entity" directorySegmentName="seg_0" id="4B7FBBD2-2442-E853-5010-D67F9729AE30" name="PERSONAL">
<createdBy>rodri</createdBy>
<createdTime>2025-08-27 03:22:57 UTC</createdTime>
<ownerDesignName>Trabajo_Sem3</ownerDesignName>
<engineerTo>
<item key="3DB25668-0EDE-2CAA-C44B-53E37E1F957B" value="true"/>
</engineerTo>
<adequatelyNormalized>NO</adequatelyNormalized>
<expectedVolumes>0</expectedVolumes>
<fwdEngineeringStrategyName>Single Table</fwdEngineeringStrategyName>
<growthPercent>0</growthPercent>
<growthType>Year</growthType>
<hierarchicalParent>E95887A1-92AA-2A18-E4FC-E82BDCB010E5</hierarchicalParent>
<maxVolumes>9999999</maxVolumes>
<minVolumes>0</minVolumes>
<normalForm>Third</normalForm>
<attributes itemClass="oracle.dbtools.crest.model.design.logical.Attribute">
<Attribute name="FechaIngreso " id="5EFAF604-F693-10B1-5D2E-9A30D6EC8265">
<createdBy>rodri</createdBy>
<createdTime>2025-09-01 21:50:41 UTC</createdTime>
<ownerDesignName>Trabajo_Sem3</ownerDesignName>
<engineerTo>
<item key="3DB25668-0EDE-2CAA-C44B-53E37E1F957B" value="true"/>
</engineerTo>
<useDomainConstraints>false</useDomainConstraints>
<use>1</use>
<logicalDatatype>LOGDT007</logicalDatatype>
<ownDataTypeParameters>,,</ownDataTypeParameters>
</Attribute>
<Attribute name="TipoPersonal" id="A128D509-2014-6EE8-AFE2-F77BA59FEA53">
<createdBy>rodri</createdBy>
<createdTime>2025-09-01 21:51:16 UTC</createdTime>
<ownerDesignName>Trabajo_Sem3</ownerDesignName>
<engineerTo>
<item key="3DB25668-0EDE-2CAA-C44B-53E37E1F957B" value="true"/>
</engineerTo>
<nullsAllowed>true</nullsAllowed>
<useDomainConstraints>false</useDomainConstraints>
<use>1</use>
<logicalDatatype>LOGDT024</logicalDatatype>
<dataTypeSize>10</dataTypeSize>
<ownDataTypeParameters>10,,</ownDataTypeParameters>
</Attribute>
<Attribute name="IdResidencia" id="945F5929-8EC2-2DFB-E6F0-67860D2A2FF2">
<createdBy>rodri</createdBy>
<createdTime>2025-09-01 22:04:45 UTC</createdTime>
<generatorID>CB8B72D8-42CC-8D13-3D14-1EA996A2B888</generatorID>
<ownerDesignName>Trabajo_Sem3</ownerDesignName>
<engineerTo>
<item key="3DB25668-0EDE-2CAA-C44B-53E37E1F957B" value="true"/>
</engineerTo>
<referedAttribute>AABB0B33-DBBD-BE3D-3198-BE4E089C2CD9</referedAttribute>
<useDomainConstraints>false</useDomainConstraints>
<use>1</use>
<logicalDatatype>LOGDT024</logicalDatatype>
<dataTypeSize>10 CHAR</dataTypeSize>
<ownDataTypeParameters>,,</ownDataTypeParameters>
</Attribute>
</attributes>
<identifiers itemClass="oracle.dbtools.crest.model.design.logical.CandidateKey">
<identifier id="1BF7F843-B452-4086-43E9-7F4A43291DF4" name="PERSONAL PK">
<createdBy>rodri</createdBy>
<createdTime>2025-09-01 21:50:56 UTC</createdTime>
<ownerDesignName>Trabajo_Sem3</ownerDesignName>
<engineerTo>
<item key="3DB25668-0EDE-2CAA-C44B-53E37E1F957B" value="true"/>
</engineerTo>
<pk>true</pk>
<usedAttributes>
<attributeRef>5EFAF604-F693-10B1-5D2E-9A30D6EC8265</attributeRef>
</usedAttributes>
</identifier>
</identifiers>
</Entity>