<?xml version = '1.0' encoding = 'UTF-8'?>
<Entity class="oracle.dbtools.crest.model.design.logical.Entity" directorySegmentName="seg_0" id="556B2F4C-95FE-7D19-3F61-9E78496278F2" name="HABITACION">
<createdBy>rodri</createdBy>
<createdTime>2025-08-27 03:17:00 UTC</createdTime>
<ownerDesignName>Trabajo_Sem3</ownerDesignName>
<engineerTo>
<item key="3DB25668-0EDE-2CAA-C44B-53E37E1F957B" value="true"/>
</engineerTo>
<adequatelyNormalized>NO</adequatelyNormalized>
<expectedVolumes>0</expectedVolumes>
<fwdEngineeringStrategyName>Single Table</fwdEngineeringStrategyName>
<growthPercent>0</growthPercent>
<growthType>Year</growthType>
<maxVolumes>9999999</maxVolumes>
<minVolumes>0</minVolumes>
<normalForm>Third</normalForm>
<attributes itemClass="oracle.dbtools.crest.model.design.logical.Attribute">
<Attribute name="IdHabitacion" id="458F7B40-DA2D-FD60-F1B0-9133E8812314">
<createdBy>rodri</createdBy>
<createdTime>2025-09-01 20:24:21 UTC</createdTime>
<ownerDesignName>Trabajo_Sem3</ownerDesignName>
<engineerTo>
<item key="3DB25668-0EDE-2CAA-C44B-53E37E1F957B" value="true"/>
</engineerTo>
<useDomainConstraints>false</useDomainConstraints>
<use>1</use>
<logicalDatatype>LOGDT024</logicalDatatype>
<dataTypeSize>10 CHAR</dataTypeSize>
<ownDataTypeParameters>10 CHAR,,</ownDataTypeParameters>
</Attribute>
<Attribute name="Tipo" id="04C7BE49-89ED-6D33-A877-CEF1550C114D">
<createdBy>rodri</createdBy>
<createdTime>2025-09-01 20:25:23 UTC</createdTime>
<ownerDesignName>Trabajo_Sem3</ownerDesignName>
<engineerTo>
<item key="3DB25668-0EDE-2CAA-C44B-53E37E1F957B" value="true"/>
</engineerTo>
<useDomainConstraints>false</useDomainConstraints>
<use>1</use>
<logicalDatatype>LOGDT024</logicalDatatype>
<dataTypeSize>20 CHAR</dataTypeSize>
<ownDataTypeParameters>20 CHAR,,</ownDataTypeParameters>
</Attribute>
<Attribute name="IdResidencia" id="092752BB-C731-C758-B178-E0AECFC65C43">
<createdBy>rodri</createdBy>
<createdTime>2025-09-01 21:05:14 UTC</createdTime>
<generatorID>4E6779A3-5147-1D73-6805-FA61094ED3F9</generatorID>
<ownerDesignName>Trabajo_Sem3</ownerDesignName>
<engineerTo>
<item key="3DB25668-0EDE-2CAA-C44B-53E37E1F957B" value="true"/>
</engineerTo>
<referedAttribute>AABB0B33-DBBD-BE3D-3198-BE4E089C2CD9</referedAttribute>
<useDomainConstraints>false</useDomainConstraints>
<use>1</use>
<logicalDatatype>LOGDT024</logicalDatatype>
<dataTypeSize>10 CHAR</dataTypeSize>
<ownDataTypeParameters>,,</ownDataTypeParameters>
</Attribute>
<Attribute name="IdResidente" id="0279C996-8805-287A-232E-5DE7199317C1">
<createdBy>rodri</createdBy>
<createdTime>2025-09-01 22:34:05 UTC</createdTime>
<generatorID>50DFAAF3-90AD-7312-4BF1-11245E4FED6E</generatorID>
<ownerDesignName>Trabajo_Sem3</ownerDesignName>
<engineerTo>
<item key="3DB25668-0EDE-2CAA-C44B-53E37E1F957B" value="true"/>
</engineerTo>
<nullsAllowed>true</nullsAllowed>
<referedAttribute>731FFCE4-884B-4728-732E-B5B41EDAA4DF</referedAttribute>
<useDomainConstraints>false</useDomainConstraints>
<use>1</use>
<structuredType>47E390DE-0671-C4B1-8428-0F45CBEE18F8</structuredType>
<logicalDatatype>LOGDT019</logicalDatatype>
<ownDataTypeParameters>,,</ownDataTypeParameters>
</Attribute>
</attributes>
<identifiers itemClass="oracle.dbtools.crest.model.design.logical.CandidateKey">
<identifier id="C432A7C1-12BC-4B65-0D5E-88284A8342B2" name="HABITACION PK">
<createdBy>rodri</createdBy>
<createdTime>2025-09-01 20:24:42 UTC</createdTime>
<ownerDesignName>Trabajo_Sem3</ownerDesignName>
<shouldEngineer>false</shouldEngineer>
<engineerTo>
<item key="3DB25668-0EDE-2CAA-C44B-53E37E1F957B" value="false"/>
</engineerTo>
<pk>true</pk>
<usedAttributes>
<attributeRef>458F7B40-DA2D-FD60-F1B0-9133E8812314</attributeRef>
</usedAttributes>
</identifier>
</identifiers>
</Entity>