<?xml version = '1.0' encoding = 'UTF-8'?>
<Entity class="oracle.dbtools.crest.model.design.logical.Entity" directorySegmentName="seg_0" id="986445F2-3299-9EA5-B7DC-2B20E1757966" name="RESIDENCIA">
<createdBy>rodri</createdBy>
<createdTime>2025-08-27 03:16:29 UTC</createdTime>
<ownerDesignName>Trabajo_Sem3</ownerDesignName>
<engineerTo>
<item key="3DB25668-0EDE-2CAA-C44B-53E37E1F957B" value="true"/>
</engineerTo>
<adequatelyNormalized>NO</adequatelyNormalized>
<expectedVolumes>0</expectedVolumes>
<fwdEngineeringStrategyName>Single Table</fwdEngineeringStrategyName>
<growthPercent>0</growthPercent>
<growthType>Year</growthType>
<maxVolumes>9999999</maxVolumes>
<minVolumes>0</minVolumes>
<normalForm>Third</normalForm>
<attributes itemClass="oracle.dbtools.crest.model.design.logical.Attribute">
<Attribute name="IdResidencia" id="AABB0B33-DBBD-BE3D-3198-BE4E089C2CD9">
<createdBy>rodri</createdBy>
<createdTime>2025-09-01 20:21:10 UTC</createdTime>
<ownerDesignName>Trabajo_Sem3</ownerDesignName>
<engineerTo>
<item key="3DB25668-0EDE-2CAA-C44B-53E37E1F957B" value="true"/>
</engineerTo>
<useDomainConstraints>false</useDomainConstraints>
<use>1</use>
<logicalDatatype>LOGDT024</logicalDatatype>
<dataTypeSize>10 CHAR</dataTypeSize>
<ownDataTypeParameters>10 CHAR,,</ownDataTypeParameters>
</Attribute>
<Attribute name="Nombre" id="9809589E-3DB4-017E-59C1-4B18E91C05EE">
<createdBy>rodri</createdBy>
<createdTime>2025-09-01 20:21:43 UTC</createdTime>
<ownerDesignName>Trabajo_Sem3</ownerDesignName>
<engineerTo>
<item key="3DB25668-0EDE-2CAA-C44B-53E37E1F957B" value="true"/>
</engineerTo>
<useDomainConstraints>false</useDomainConstraints>
<use>1</use>
<logicalDatatype>LOGDT024</logicalDatatype>
<dataTypeSize>100 CHAR</dataTypeSize>
<ownDataTypeParameters>100 CHAR,,</ownDataTypeParameters>
</Attribute>
<Attribute name="Direccion" id="87DD69B9-A0FE-6AB8-57A2-715EA5912424">
<createdBy>rodri</createdBy>
<createdTime>2025-09-01 20:22:04 UTC</createdTime>
<ownerDesignName>Trabajo_Sem3</ownerDesignName>
<engineerTo>
<item key="3DB25668-0EDE-2CAA-C44B-53E37E1F957B" value="true"/>
</engineerTo>
<useDomainConstraints>false</useDomainConstraints>
<use>1</use>
<logicalDatatype>LOGDT024</logicalDatatype>
<dataTypeSize>50 CHAR</dataTypeSize>
<ownDataTypeParameters>50 CHAR,,</ownDataTypeParameters>
</Attribute>
</attributes>
<identifiers itemClass="oracle.dbtools.crest.model.design.logical.CandidateKey">
<identifier id="A0334523-927C-5FBE-EC4C-94BFB935B88E" name="RESIDENCIA PK">
<createdBy>rodri</createdBy>
<createdTime>2025-09-01 20:21:35 UTC</createdTime>
<ownerDesignName>Trabajo_Sem3</ownerDesignName>
<shouldEngineer>false</shouldEngineer>
<engineerTo>
<item key="3DB25668-0EDE-2CAA-C44B-53E37E1F957B" value="false"/>
</engineerTo>
<pk>true</pk>
<usedAttributes>
<attributeRef>AABB0B33-DBBD-BE3D-3198-BE4E089C2CD9</attributeRef>
</usedAttributes>
</identifier>
</identifiers>
</Entity>