<?xml version = '1.0' encoding = 'UTF-8'?>
<Entity class="oracle.dbtools.crest.model.design.logical.Entity" directorySegmentName="seg_0" id="E95887A1-92AA-2A18-E4FC-E82BDCB010E5" name="PERSONA">
<createdBy>rodri</createdBy>
<createdTime>2025-08-27 03:20:00 UTC</createdTime>
<ownerDesignName>Trabajo_Sem3</ownerDesignName>
<engineerTo>
<item key="3DB25668-0EDE-2CAA-C44B-53E37E1F957B" value="true"/>
</engineerTo>
<adequatelyNormalized>NO</adequatelyNormalized>
<expectedVolumes>0</expectedVolumes>
<fwdEngineeringStrategyName>Single Table</fwdEngineeringStrategyName>
<growthPercent>0</growthPercent>
<growthType>Year</growthType>
<maxVolumes>9999999</maxVolumes>
<minVolumes>0</minVolumes>
<normalForm>Third</normalForm>
<attributes itemClass="oracle.dbtools.crest.model.design.logical.Attribute">
<Attribute name="Rut" id="B9B996B2-9D94-F424-413A-3EF8F9CE55ED">
<createdBy>rodri</createdBy>
<createdTime>2025-09-01 20:31:39 UTC</createdTime>
<ownerDesignName>Trabajo_Sem3</ownerDesignName>
<engineerTo>
<item key="3DB25668-0EDE-2CAA-C44B-53E37E1F957B" value="true"/>
</engineerTo>
<useDomainConstraints>false</useDomainConstraints>
<use>1</use>
<logicalDatatype>LOGDT024</logicalDatatype>
<dataTypeSize>12 CHAR</dataTypeSize>
<ownDataTypeParameters>12 CHAR,,</ownDataTypeParameters>
</Attribute>
<Attribute name="Nombre" id="BCD09D90-A1AA-8A86-4656-7D5DCADEA0B1">
<createdBy>rodri</createdBy>
<createdTime>2025-09-01 20:32:23 UTC</createdTime>
<ownerDesignName>Trabajo_Sem3</ownerDesignName>
<engineerTo>
<item key="3DB25668-0EDE-2CAA-C44B-53E37E1F957B" value="true"/>
</engineerTo>
<useDomainConstraints>false</useDomainConstraints>
<use>1</use>
<logicalDatatype>LOGDT024</logicalDatatype>
<dataTypeSize>100 CHAR</dataTypeSize>
<ownDataTypeParameters>100 CHAR,,</ownDataTypeParameters>
</Attribute>
<Attribute name="FechaNacimiento" id="CA3D4C51-E5B5-6C69-ECED-6BF2F270138E">
<createdBy>rodri</createdBy>
<createdTime>2025-09-01 20:33:12 UTC</createdTime>
<ownerDesignName>Trabajo_Sem3</ownerDesignName>
<engineerTo>
<item key="3DB25668-0EDE-2CAA-C44B-53E37E1F957B" value="true"/>
</engineerTo>
<useDomainConstraints>false</useDomainConstraints>
<use>1</use>
<logicalDatatype>LOGDT007</logicalDatatype>
<ownDataTypeParameters>,,</ownDataTypeParameters>
</Attribute>
</attributes>
<identifiers itemClass="oracle.dbtools.crest.model.design.logical.CandidateKey">
<identifier id="E375882D-F738-3038-2A9A-A0CD5BB7DED5" name="PERSONA PK">
<createdBy>rodri</createdBy>
<createdTime>2025-09-01 20:32:15 UTC</createdTime>
<ownerDesignName>Trabajo_Sem3</ownerDesignName>
<shouldEngineer>false</shouldEngineer>
<engineerTo>
<item key="3DB25668-0EDE-2CAA-C44B-53E37E1F957B" value="false"/>
</engineerTo>
<pk>true</pk>
<usedAttributes>
<attributeRef>B9B996B2-9D94-F424-413A-3EF8F9CE55ED</attributeRef>
</usedAttributes>
</identifier>
</identifiers>
</Entity>