<?xml version = '1.0' encoding = 'UTF-8'?>
<Diagram class="oracle.dbtools.crest.swingui.relational.DPVRelational" name="Relational_1" id="F7C37296-99D9-C81D-EE36-9F9E5EAF2EC8">
<createdBy>rodri</createdBy>
<modifiedBy>rodri</modifiedBy>
<createdTime>2025-09-04 04:10:24 UTC</createdTime>
<autoRoute>false</autoRoute>
<boxInbox>true</boxInbox>
<showLegend>false</showLegend>
<showLabels>false</showLabels>
<showRelAttributes>false</showRelAttributes>
<gridEnabled>false</gridEnabled>
<showGrid>false</showGrid>
<diagramColor>-1</diagramColor>
<display>false</display>
<notation>1</notation>
<objectViews>
<OView class="oracle.dbtools.crest.swingui.relational.TVTable" oid="40955AE1-F05D-F2C3-997C-D3624DE9FCAC" otype="Table" vid="9FBF48CB-293B-5E33-1B10-BECFBAE3A1F9">
<hideElementsInCurrentOnly>false</hideElementsInCurrentOnly>
<bounds x="24" y="14" width="285" height="292"/>
</OView>
<OView class="oracle.dbtools.crest.swingui.relational.TVTable" oid="4C83B098-B79C-1DE1-9BFB-85B594A466AD" otype="Table" vid="A7A7B8EB-AE26-D52F-0FA1-8DFC7AEEDD8B">
<hideElementsInCurrentOnly>false</hideElementsInCurrentOnly>
<bounds x="86" y="388" width="180" height="115"/>
</OView>
<OView class="oracle.dbtools.crest.swingui.relational.TVTable" oid="6C44FB3C-F272-67E3-A79D-4F919EBAC330" otype="Table" vid="7324BF6B-A40E-F35B-877E-355F5928788F">
<hideElementsInCurrentOnly>false</hideElementsInCurrentOnly>
<bounds x="348" y="484" width="174" height="108"/>
</OView>
<OView class="oracle.dbtools.crest.swingui.relational.TVTable" oid="9E15EFB0-99EC-497C-B1ED-7EEF8C1D3BA8" otype="Table" vid="9567E21F-FFA6-527A-5DDF-900E288139FE">
<hideElementsInCurrentOnly>false</hideElementsInCurrentOnly>
<bounds x="902" y="21" width="256" height="157"/>
</OView>
<OView class="oracle.dbtools.crest.swingui.relational.TVTable" oid="ACCF179B-413F-4CC1-F352-5C5C56EEAA22" otype="Table" vid="FB90F6EB-29B8-AE96-B5B2-88CB1F843DE5">
<hideElementsInCurrentOnly>false</hideElementsInCurrentOnly>
<bounds x="620" y="21" width="179" height="126"/>
</OView>
<OView class="oracle.dbtools.crest.swingui.relational.TVTable" oid="E7F8F792-1494-A7D7-1AA9-C43DE3C56602" otype="Table" vid="EA33A736-C2D7-8AB1-D5F6-F0A9C33BF758">
<hideElementsInCurrentOnly>false</hideElementsInCurrentOnly>
<bounds x="700" y="186" width="174" height="127"/>
</OView>
<OView class="oracle.dbtools.crest.swingui.relational.TVTable" oid="F8BEA929-EA6F-0EDE-54D1-094173B20363" otype="Table" vid="DF45FE63-F890-61BF-D39A-E1EAF8BDAC24">
<hideElementsInCurrentOnly>false</hideElementsInCurrentOnly>
<bounds x="451" y="286" width="170" height="110"/>
</OView>
<OView class="oracle.dbtools.crest.swingui.relational.TVTable" oid="FAB6D988-6741-27EE-9036-9634874C2BE5" otype="Table" vid="5BB21525-8396-27E3-693C-CF1C9E7362A1">
<hideElementsInCurrentOnly>false</hideElementsInCurrentOnly>
<bounds x="708" y="373" width="165" height="73"/>
</OView>
</objectViews>
<connectors>
<Connector class="oracle.dbtools.crest.swingui.relational.TVFKRelation" oid="0A4FCE73-629B-DFA4-A526-06F7CB71B591" otype="FKIndexAssociation" vid_source="FB90F6EB-29B8-AE96-B5B2-88CB1F843DE5" vid_target="9FBF48CB-293B-5E33-1B10-BECFBAE3A1F9">
<hideElementsInCurrentOnly>false</hideElementsInCurrentOnly>
<backgroundColor>-16777216</backgroundColor>
<lineWidth>1</lineWidth>
<points>
<point x="753" y="147"/>
<point x="753" y="168"/>
<point x="309" y="168"/>
</points>
</Connector>
<Connector class="oracle.dbtools.crest.swingui.relational.TVFKRelation" oid="0ADFEFB9-D492-2328-BD29-2023123685EB" otype="FKIndexAssociation" vid_source="9FBF48CB-293B-5E33-1B10-BECFBAE3A1F9" vid_target="DF45FE63-F890-61BF-D39A-E1EAF8BDAC24">
<hideElementsInCurrentOnly>false</hideElementsInCurrentOnly>
<backgroundColor>-16777216</backgroundColor>
<lineWidth>1</lineWidth>
<points>
<point x="172" y="306"/>
<point x="172" y="292"/>
<point x="451" y="292"/>
</points>
</Connector>
<Connector class="oracle.dbtools.crest.swingui.relational.TVFKRelation" oid="0F0512A6-190E-8C7B-BA7D-D8CA6E20A81D" otype="FKIndexAssociation" vid_source="A7A7B8EB-AE26-D52F-0FA1-8DFC7AEEDD8B" vid_target="9FBF48CB-293B-5E33-1B10-BECFBAE3A1F9">
<hideElementsInCurrentOnly>false</hideElementsInCurrentOnly>
<backgroundColor>-16777216</backgroundColor>
<lineWidth>1</lineWidth>
<points>
<point x="126" y="388"/>
<point x="126" y="273"/>
<point x="126" y="306"/>
</points>
</Connector>
<Connector class="oracle.dbtools.crest.swingui.relational.TVFKRelation" oid="1961AAC4-8CF6-F456-0776-A1CF68F09F7B" otype="FKIndexAssociation" vid_source="5BB21525-8396-27E3-693C-CF1C9E7362A1" vid_target="A7A7B8EB-AE26-D52F-0FA1-8DFC7AEEDD8B">
<hideElementsInCurrentOnly>false</hideElementsInCurrentOnly>
<backgroundColor>-16777216</backgroundColor>
<lineWidth>1</lineWidth>
<points>
<point x="708" y="417"/>
<point x="266" y="417"/>
</points>
</Connector>
<Connector class="oracle.dbtools.crest.swingui.relational.TVFKRelation" oid="1F4E94EC-2FAB-8423-AC14-751FC042EFB7" otype="FKIndexAssociation" vid_source="FB90F6EB-29B8-AE96-B5B2-88CB1F843DE5" vid_target="9567E21F-FFA6-527A-5DDF-900E288139FE">
<hideElementsInCurrentOnly>false</hideElementsInCurrentOnly>
<backgroundColor>-16777216</backgroundColor>
<lineWidth>1</lineWidth>
<points>
<point x="799" y="84"/>
<point x="902" y="84"/>
</points>
</Connector>
<Connector class="oracle.dbtools.crest.swingui.relational.TVFKRelation" oid="62B4D25A-C2D0-1A83-C87D-A50BF926FC61" otype="FKIndexAssociation" vid_source="9FBF48CB-293B-5E33-1B10-BECFBAE3A1F9" vid_target="7324BF6B-A40E-F35B-877E-355F5928788F">
<hideElementsInCurrentOnly>false</hideElementsInCurrentOnly>
<backgroundColor>-16777216</backgroundColor>
<lineWidth>1</lineWidth>
<points>
<point x="35" y="306"/>
<point x="35" y="555"/>
<point x="348" y="555"/>
</points>
</Connector>
<Connector class="oracle.dbtools.crest.swingui.relational.TVFKRelation" oid="8307C62B-CA2D-9D3B-6DB5-7852350FBADC" otype="FKIndexAssociation" vid_source="EA33A736-C2D7-8AB1-D5F6-F0A9C33BF758" vid_target="DF45FE63-F890-61BF-D39A-E1EAF8BDAC24">
<hideElementsInCurrentOnly>false</hideElementsInCurrentOnly>
<backgroundColor>-16777216</backgroundColor>
<lineWidth>1</lineWidth>
<points>
<point x="700" y="299"/>
<point x="621" y="299"/>
</points>
</Connector>
<Connector class="oracle.dbtools.crest.swingui.relational.TVFKRelation" oid="A88D4164-EE01-B3B5-675E-F5B94283CCF4" otype="FKIndexAssociation" vid_source="9567E21F-FFA6-527A-5DDF-900E288139FE" vid_target="FB90F6EB-29B8-AE96-B5B2-88CB1F843DE5">
<hideElementsInCurrentOnly>false</hideElementsInCurrentOnly>
<backgroundColor>-16777216</backgroundColor>
<lineWidth>1</lineWidth>
<points>
<point x="902" y="99"/>
<point x="799" y="99"/>
</points>
</Connector>
<Connector class="oracle.dbtools.crest.swingui.relational.TVFKRelation" oid="F45A7002-058D-EEFF-5543-D9F45CCAE922" otype="FKIndexAssociation" vid_source="A7A7B8EB-AE26-D52F-0FA1-8DFC7AEEDD8B" vid_target="5BB21525-8396-27E3-693C-CF1C9E7362A1">
<hideElementsInCurrentOnly>false</hideElementsInCurrentOnly>
<backgroundColor>-16777216</backgroundColor>
<lineWidth>1</lineWidth>
<points>
<point x="266" y="432"/>
<point x="708" y="432"/>
</points>
</Connector>
</connectors>
</Diagram>