<?xml version = '1.0' encoding = 'UTF-8'?>
<Diagram class="oracle.dbtools.crest.swingui.logical.DPVLogical" name="Logical" id="643FE16B-10E0-6E87-1B3A-4824A1E4C624">
<createdBy>rodri</createdBy>
<modifiedBy>rodri</modifiedBy>
<createdTime>2025-08-23 20:45:43 UTC</createdTime>
<autoRoute>false</autoRoute>
<boxInbox>true</boxInbox>
<showLegend>false</showLegend>
<showLabels>false</showLabels>
<showRelAttributes>false</showRelAttributes>
<gridEnabled>false</gridEnabled>
<showGrid>false</showGrid>
<diagramColor>-1</diagramColor>
<display>false</display>
<notation>1</notation>
<objectViews>
<OView class="oracle.dbtools.crest.swingui.logical.TVEntity" oid="07C37C65-457C-0446-948C-42D8BD7F14C2" otype="Entity" vid="9DC71B96-5992-7EF2-320B-33B333284814">
<hideElementsInCurrentOnly>false</hideElementsInCurrentOnly>
<bounds x="352" y="377" width="141" height="80"/>
</OView>
<OView class="oracle.dbtools.crest.swingui.logical.TVEntity" oid="2CAA0E21-B506-3998-E175-FAEAF4130F20" otype="Entity" vid="A511A974-EE0D-B70D-32DC-4E06C423330D">
<hideElementsInCurrentOnly>false</hideElementsInCurrentOnly>
<bounds x="173" y="377" width="142" height="84"/>
</OView>
<OView class="oracle.dbtools.crest.swingui.logical.TVEntity" oid="3F638CD6-45AF-A653-4B0E-D01D983190BD" otype="Entity" vid="B5B4EB95-6237-26C0-3284-2760DA7E84CE">
<hideElementsInCurrentOnly>false</hideElementsInCurrentOnly>
<bounds x="37" y="269" width="491" height="219"/>
</OView>
<OView class="oracle.dbtools.crest.swingui.logical.TVEntity" oid="86366A8D-3F4E-35FA-CE61-A0C5A4B0C969" otype="Entity" vid="9484960F-45AE-F489-6CB7-05412E8AB2D1">
<hideElementsInCurrentOnly>false</hideElementsInCurrentOnly>
<bounds x="348" y="39" width="170" height="136"/>
</OView>
<OView class="oracle.dbtools.crest.swingui.logical.TVEntity" oid="B326A066-CE31-34B2-F536-016207A5118E" otype="Entity" vid="16C9A22E-C487-825E-0699-52D03855A56F">
<hideElementsInCurrentOnly>false</hideElementsInCurrentOnly>
<bounds x="49" y="44" width="158" height="136"/>
</OView>
<OView class="oracle.dbtools.crest.swingui.logical.TVEntity" oid="D4A41186-CECB-6A55-EDF7-0D0B03D902C0" otype="Entity" vid="6D2DEA37-43B3-57BE-8328-E97CE0987EC1">
<hideElementsInCurrentOnly>false</hideElementsInCurrentOnly>
<bounds x="688" y="373" width="237" height="84"/>
</OView>
<OView class="oracle.dbtools.crest.swingui.logical.TVEntity" oid="E7F4FEE3-1BAB-E697-E129-E09A6D72878E" otype="Entity" vid="68B7EE25-AB45-D88A-9DD6-20854C87A343">
<hideElementsInCurrentOnly>false</hideElementsInCurrentOnly>
<bounds x="684" y="219" width="244" height="100"/>
</OView>
<OView class="oracle.dbtools.crest.swingui.logical.TVEntity" oid="FBBB17AE-19D5-4741-FB3C-83CCC1A07DCF" otype="Entity" vid="D857439B-1668-3E30-2149-B6F03DB6DA41">
<hideElementsInCurrentOnly>false</hideElementsInCurrentOnly>
<bounds x="684" y="71" width="236" height="78"/>
</OView>
</objectViews>
<connectors>
<Connector class="oracle.dbtools.crest.swingui.logical.TVInheritanceRelation" oid="03154215-5DE7-8E56-064F-7A0CAEC50CB1" otype="Hierarchy relation" vid_source="B5B4EB95-6237-26C0-3284-2760DA7E84CE" vid_target="A511A974-EE0D-B70D-32DC-4E06C423330D">
<hideElementsInCurrentOnly>false</hideElementsInCurrentOnly>
<backgroundColor>-65536</backgroundColor>
<lineWidth>1</lineWidth>
</Connector>
<Connector class="oracle.dbtools.crest.swingui.logical.TVRelation" oid="24C2960C-2CF8-4A9E-D766-66776D1FE1B8" otype="Relation" vid_source="16C9A22E-C487-825E-0699-52D03855A56F" vid_target="9484960F-45AE-F489-6CB7-05412E8AB2D1">
<hideElementsInCurrentOnly>false</hideElementsInCurrentOnly>
<backgroundColor>-16777216</backgroundColor>
<lineWidth>1</lineWidth>
<points>
<point x="207" y="109"/>
<point x="348" y="109"/>
</points>
</Connector>
<Connector class="oracle.dbtools.crest.swingui.logical.TVInheritanceRelation" oid="3AB45D16-710B-638A-842C-AFE12049258B" otype="Hierarchy relation" vid_source="B5B4EB95-6237-26C0-3284-2760DA7E84CE" vid_target="9DC71B96-5992-7EF2-320B-33B333284814">
<hideElementsInCurrentOnly>false</hideElementsInCurrentOnly>
<backgroundColor>-65536</backgroundColor>
<lineWidth>1</lineWidth>
</Connector>
<Connector class="oracle.dbtools.crest.swingui.logical.TVRelation" oid="8877DF75-D852-816F-FDB9-F8E39D282453" otype="Relation" vid_source="9DC71B96-5992-7EF2-320B-33B333284814" vid_target="D857439B-1668-3E30-2149-B6F03DB6DA41">
<hideElementsInCurrentOnly>false</hideElementsInCurrentOnly>
<backgroundColor>-16777216</backgroundColor>
<lineWidth>1</lineWidth>
<points>
<point x="476" y="377"/>
<point x="743" y="149"/>
</points>
</Connector>
<Connector class="oracle.dbtools.crest.swingui.logical.TVRelation" oid="93BEC603-100C-5A2E-F6F2-792FB556BD11" otype="Relation" vid_source="9484960F-45AE-F489-6CB7-05412E8AB2D1" vid_target="D857439B-1668-3E30-2149-B6F03DB6DA41">
<hideElementsInCurrentOnly>false</hideElementsInCurrentOnly>
<backgroundColor>-16777216</backgroundColor>
<lineWidth>1</lineWidth>
<points>
<point x="518" y="110"/>
<point x="684" y="110"/>
</points>
</Connector>
<Connector class="oracle.dbtools.crest.swingui.logical.TVRelation" oid="E38A804F-BAE5-BA99-B289-0A67EB765EBE" otype="Relation" vid_source="68B7EE25-AB45-D88A-9DD6-20854C87A343" vid_target="6D2DEA37-43B3-57BE-8328-E97CE0987EC1">
<hideElementsInCurrentOnly>false</hideElementsInCurrentOnly>
<backgroundColor>-16777216</backgroundColor>
<lineWidth>1</lineWidth>
<points>
<point x="806" y="319"/>
<point x="806" y="373"/>
</points>
</Connector>
<Connector class="oracle.dbtools.crest.swingui.logical.TVRelation" oid="F39952C3-8B5D-965F-3C0E-D6BD45C14F14" otype="Relation" vid_source="68B7EE25-AB45-D88A-9DD6-20854C87A343" vid_target="D857439B-1668-3E30-2149-B6F03DB6DA41">
<hideElementsInCurrentOnly>false</hideElementsInCurrentOnly>
<backgroundColor>-16777216</backgroundColor>
<lineWidth>1</lineWidth>
<points>
<point x="802" y="219"/>
<point x="802" y="149"/>
</points>
</Connector>
</connectors>
</Diagram>