<?xml version = '1.0' encoding = 'UTF-8'?>
<FKArc class="oracle.dbtools.crest.model.design.relational.FKArc" directorySegmentName="seg_0" id="4CB67D44-ED65-9B26-CAFE-E61E50689AED" name="FKArc_1">
<createdBy>rodri</createdBy>
<createdTime>2025-08-25 22:54:47 UTC</createdTime>
<ownerDesignName>Treabajo_Semana2</ownerDesignName>
<mandatory>false</mandatory>
<reverseArc>true</reverseArc>
<table>D9E61769-9114-59BE-0341-45A186B6C258</table>
<fkeys>
<fkeyID>014E99F9-89B7-8A50-E4B3-55F086E17D41</fkeyID>
<fkeyID>C2AA48C9-2263-7B52-E0BE-5ED529DDE094</fkeyID>
</fkeys>
</FKArc>