<?xml version = '1.0' encoding = 'UTF-8'?>
<Diagram class="oracle.dbtools.crest.swingui.logical.DPVLogicalSubView" name="Logical - SubView_1" id="82BEBFE0-F883-86B2-BB0E-8785EBDD84B4">
<createdBy>rodri</createdBy>
<modifiedBy>rodri</modifiedBy>
<createdTime>2025-09-01 21:56:02 UTC</createdTime>
<autoRoute>false</autoRoute>
<boxInbox>true</boxInbox>
<showLegend>false</showLegend>
<showLabels>false</showLabels>
<showRelAttributes>false</showRelAttributes>
<gridEnabled>false</gridEnabled>
<showGrid>false</showGrid>
<diagramColor>-1</diagramColor>
<display>false</display>
<notation>1</notation>
<objectViews>
<OView class="oracle.dbtools.crest.swingui.logical.TVEntity" oid="4B7FBBD2-2442-E853-5010-D67F9729AE30" otype="Entity" vid="4BF1EDCF-0852-43A4-E5B4-4E043F949987">
<hideElementsInCurrentOnly>false</hideElementsInCurrentOnly>
<bounds x="334" y="265" width="231" height="131"/>
</OView>
</objectViews>
</Diagram>