<?xml version = '1.0' encoding = 'UTF-8'?>
<Diagram class="oracle.dbtools.crest.swingui.logical.DPVLogicalSubView" name="Logical - SubView_2" id="853E93EF-DDE7-F9E6-5F1C-376CB1E77F00">
<createdBy>rodri</createdBy>
<modifiedBy>rodri</modifiedBy>
<createdTime>2025-09-01 21:56:10 UTC</createdTime>
<autoRoute>false</autoRoute>
<boxInbox>true</boxInbox>
<showLegend>false</showLegend>
<showLabels>false</showLabels>
<showRelAttributes>false</showRelAttributes>
<gridEnabled>false</gridEnabled>
<showGrid>false</showGrid>
<diagramColor>-1</diagramColor>
<display>false</display>
<notation>1</notation>
<objectViews>
<OView class="oracle.dbtools.crest.swingui.logical.TVEntity" oid="4B7FBBD2-2442-E853-5010-D67F9729AE30" otype="Entity" vid="38DC9EB4-B159-9202-29DD-51BA3F2A17BC">
<hideElementsInCurrentOnly>false</hideElementsInCurrentOnly>
<bounds x="334" y="265" width="231" height="131"/>
</OView>
</objectViews>
</Diagram>