<?xml version = '1.0' encoding = 'UTF-8'?>
<Diagram class="oracle.dbtools.crest.swingui.logical.DPVLogical" name="Logical" id="CA8E0D7A-85DC-7862-43EE-C73FE90B73B7">
<createdBy>rodri</createdBy>
<modifiedBy>rodri</modifiedBy>
<createdTime>2025-08-27 00:27:21 UTC</createdTime>
<autoRoute>false</autoRoute>
<boxInbox>true</boxInbox>
<showLegend>false</showLegend>
<showLabels>false</showLabels>
<showRelAttributes>false</showRelAttributes>
<gridEnabled>false</gridEnabled>
<showGrid>false</showGrid>
<diagramColor>-1</diagramColor>
<display>false</display>
<notation>1</notation>
<objectViews>
<OView class="oracle.dbtools.crest.swingui.logical.TVEntity" oid="0DE2CEBC-2F85-AC9E-69DB-7F2DA7E7FDAC" otype="Entity" vid="C5C7B943-7496-8D1E-C9D6-18438C898FA7">
<hideElementsInCurrentOnly>false</hideElementsInCurrentOnly>
<bounds x="60" y="267" width="242" height="151"/>
</OView>
<OView class="oracle.dbtools.crest.swingui.logical.TVEntity" oid="18E2DA2E-6E18-6E3F-FAA2-85E3BE44CC32" otype="Entity" vid="3FA0E214-C87F-60F3-9821-87B55F47E7EE">
<hideElementsInCurrentOnly>false</hideElementsInCurrentOnly>
<bounds x="810" y="190" width="140" height="122"/>
</OView>
<OView class="oracle.dbtools.crest.swingui.logical.TVEntity" oid="2BF59942-0A63-BB9E-D4E3-7FE3A847F65D" otype="Entity" vid="E40B1A5F-BAE5-E76D-D76C-D54401697309">
<hideElementsInCurrentOnly>false</hideElementsInCurrentOnly>
<bounds x="67" y="350" width="98" height="52"/>
</OView>
<OView class="oracle.dbtools.crest.swingui.logical.TVEntity" oid="381D5C63-40B8-F4C6-E306-1B7161674249" otype="Entity" vid="E4788D21-47F0-F5CB-301B-E5B7CEBC8BE0">
<hideElementsInCurrentOnly>false</hideElementsInCurrentOnly>
<bounds x="354" y="337" width="85" height="59"/>
</OView>
<OView class="oracle.dbtools.crest.swingui.logical.TVEntity" oid="445EBCFD-DBF4-A067-022F-C4D0E8DF9B3A" otype="Entity" vid="B79FF833-E839-C00E-19D7-C2056DF23557">
<hideElementsInCurrentOnly>false</hideElementsInCurrentOnly>
<bounds x="510" y="30" width="141" height="121"/>
</OView>
<OView class="oracle.dbtools.crest.swingui.logical.TVEntity" oid="4B7FBBD2-2442-E853-5010-D67F9729AE30" otype="Entity" vid="A4930FB9-C0E9-4694-6821-2F2E0A53097A">
<hideElementsInCurrentOnly>false</hideElementsInCurrentOnly>
<bounds x="344" y="275" width="231" height="131"/>
</OView>
<OView class="oracle.dbtools.crest.swingui.logical.TVEntity" oid="556B2F4C-95FE-7D19-3F61-9E78496278F2" otype="Entity" vid="2A940025-A23C-DCFB-3117-1DA8D9B1585C">
<hideElementsInCurrentOnly>false</hideElementsInCurrentOnly>
<bounds x="288" y="59" width="119" height="93"/>
</OView>
<OView class="oracle.dbtools.crest.swingui.logical.TVEntity" oid="582D5F0B-C18B-ADB4-AB85-6877826A70EB" otype="Entity" vid="FB0770B8-8247-3B39-8695-3ABC20D49226">
<hideElementsInCurrentOnly>false</hideElementsInCurrentOnly>
<bounds x="170" y="350" width="119" height="52"/>
</OView>
<OView class="oracle.dbtools.crest.swingui.logical.TVEntity" oid="986445F2-3299-9EA5-B7DC-2B20E1757966" otype="Entity" vid="7CCAB975-8035-5FA7-B45F-A6B511DD818E">
<hideElementsInCurrentOnly>false</hideElementsInCurrentOnly>
<bounds x="72" y="63" width="124" height="89"/>
</OView>
<OView class="oracle.dbtools.crest.swingui.logical.TVEntity" oid="E0A6C2C5-A834-48E4-2759-ACCB91F249DB" otype="Entity" vid="9908E14F-010A-F35B-6EAE-BB9092D503D7">
<hideElementsInCurrentOnly>false</hideElementsInCurrentOnly>
<bounds x="620" y="247" width="101" height="81"/>
</OView>
<OView class="oracle.dbtools.crest.swingui.logical.TVEntity" oid="E95887A1-92AA-2A18-E4FC-E82BDCB010E5" otype="Entity" vid="7FA74513-4FCF-4548-2C8E-2FD5E142C130">
<hideElementsInCurrentOnly>false</hideElementsInCurrentOnly>
<bounds x="50" y="190" width="697" height="238"/>
</OView>
<OView class="oracle.dbtools.crest.swingui.logical.TVEntity" oid="F93AF155-9030-9854-580A-4DA7B486CFD1" otype="Entity" vid="75BE3765-B274-9800-D9AE-5BF3DA962D49">
<hideElementsInCurrentOnly>false</hideElementsInCurrentOnly>
<bounds x="473" y="336" width="82" height="60"/>
</OView>
</objectViews>
<connectors>
<Connector class="oracle.dbtools.crest.swingui.logical.TVInheritanceRelation" oid="27D71CCF-4421-E79A-8489-87BFE15D31DC" otype="Hierarchy relation" vid_source="C5C7B943-7496-8D1E-C9D6-18438C898FA7" vid_target="FB0770B8-8247-3B39-8695-3ABC20D49226">
<hideElementsInCurrentOnly>false</hideElementsInCurrentOnly>
<backgroundColor>-65536</backgroundColor>
<lineWidth>1</lineWidth>
</Connector>
<Connector class="oracle.dbtools.crest.swingui.logical.TVInheritanceRelation" oid="36542A4A-DA5E-7C06-ACC8-19FCCE9C8509" otype="Hierarchy relation" vid_source="A4930FB9-C0E9-4694-6821-2F2E0A53097A" vid_target="75BE3765-B274-9800-D9AE-5BF3DA962D49">
<hideElementsInCurrentOnly>false</hideElementsInCurrentOnly>
<backgroundColor>-65536</backgroundColor>
<lineWidth>1</lineWidth>
</Connector>
<Connector class="oracle.dbtools.crest.swingui.logical.TVRelation" oid="3702B6EB-6171-B584-A584-73802CBF31DB" otype="Relation" vid_source="C5C7B943-7496-8D1E-C9D6-18438C898FA7" vid_target="3FA0E214-C87F-60F3-9821-87B55F47E7EE">
<hideElementsInCurrentOnly>false</hideElementsInCurrentOnly>
<backgroundColor>-16777216</backgroundColor>
<lineWidth>1</lineWidth>
<points>
<point x="248" y="418"/>
<point x="248" y="481"/>
<point x="857" y="480"/>
<point x="857" y="312"/>
</points>
</Connector>
<Connector class="oracle.dbtools.crest.swingui.logical.TVRelation" oid="4E6779A3-5147-1D73-6805-FA61094ED3F9" otype="Relation" vid_source="7CCAB975-8035-5FA7-B45F-A6B511DD818E" vid_target="2A940025-A23C-DCFB-3117-1DA8D9B1585C">
<hideElementsInCurrentOnly>false</hideElementsInCurrentOnly>
<backgroundColor>-16777216</backgroundColor>
<lineWidth>1</lineWidth>
<points>
<point x="196" y="107"/>
<point x="288" y="107"/>
</points>
</Connector>
<Connector class="oracle.dbtools.crest.swingui.logical.TVRelation" oid="50DFAAF3-90AD-7312-4BF1-11245E4FED6E" otype="Relation" vid_source="2A940025-A23C-DCFB-3117-1DA8D9B1585C" vid_target="C5C7B943-7496-8D1E-C9D6-18438C898FA7">
<hideElementsInCurrentOnly>false</hideElementsInCurrentOnly>
<backgroundColor>-16777216</backgroundColor>
<lineWidth>1</lineWidth>
<points>
<point x="288" y="139"/>
<point x="255" y="139"/>
<point x="255" y="267"/>
</points>
</Connector>
<Connector class="oracle.dbtools.crest.swingui.logical.TVRelation" oid="57E5D9CB-56AC-B159-65F3-C81B3A366B40" otype="Relation" vid_source="9908E14F-010A-F35B-6EAE-BB9092D503D7" vid_target="B79FF833-E839-C00E-19D7-C2056DF23557">
<hideElementsInCurrentOnly>false</hideElementsInCurrentOnly>
<backgroundColor>-16777216</backgroundColor>
<lineWidth>1</lineWidth>
<points>
<point x="702" y="247"/>
<point x="702" y="128"/>
<point x="651" y="128"/>
</points>
</Connector>
<Connector class="oracle.dbtools.crest.swingui.logical.TVRelation" oid="614B8AC7-D041-D126-4272-BD4F10B73E44" otype="Relation" vid_source="E4788D21-47F0-F5CB-301B-E5B7CEBC8BE0" vid_target="E4788D21-47F0-F5CB-301B-E5B7CEBC8BE0">
<hideElementsInCurrentOnly>false</hideElementsInCurrentOnly>
<backgroundColor>-16777216</backgroundColor>
<lineWidth>1</lineWidth>
<points>
<point x="439" y="380"/>
<point x="465" y="380"/>
<point x="465" y="451"/>
<point x="385" y="451"/>
<point x="385" y="396"/>
</points>
</Connector>
<Connector class="oracle.dbtools.crest.swingui.logical.TVInheritanceRelation" oid="6A349FDA-122A-B0D6-7916-6D2FF64B0211" otype="Hierarchy relation" vid_source="C5C7B943-7496-8D1E-C9D6-18438C898FA7" vid_target="E40B1A5F-BAE5-E76D-D76C-D54401697309">
<hideElementsInCurrentOnly>false</hideElementsInCurrentOnly>
<backgroundColor>-65536</backgroundColor>
<lineWidth>1</lineWidth>
</Connector>
<Connector class="oracle.dbtools.crest.swingui.logical.TVRelation" oid="87CFF995-A347-3DF9-1B94-2832AB3BF24F" otype="Relation" vid_source="B79FF833-E839-C00E-19D7-C2056DF23557" vid_target="3FA0E214-C87F-60F3-9821-87B55F47E7EE">
<hideElementsInCurrentOnly>false</hideElementsInCurrentOnly>
<backgroundColor>-16777216</backgroundColor>
<lineWidth>1</lineWidth>
<points>
<point x="651" y="72"/>
<point x="877" y="72"/>
<point x="877" y="190"/>
</points>
</Connector>
<Connector class="oracle.dbtools.crest.swingui.logical.TVInheritanceRelation" oid="8CCBD739-56A6-326E-BF99-F25A19B84A70" otype="Hierarchy relation" vid_source="7FA74513-4FCF-4548-2C8E-2FD5E142C130" vid_target="C5C7B943-7496-8D1E-C9D6-18438C898FA7">
<hideElementsInCurrentOnly>false</hideElementsInCurrentOnly>
<backgroundColor>-65536</backgroundColor>
<lineWidth>1</lineWidth>
</Connector>
<Connector class="oracle.dbtools.crest.swingui.logical.TVInheritanceRelation" oid="A163F96D-3BFB-9351-EF2E-647820A9C628" otype="Hierarchy relation" vid_source="A4930FB9-C0E9-4694-6821-2F2E0A53097A" vid_target="E4788D21-47F0-F5CB-301B-E5B7CEBC8BE0">
<hideElementsInCurrentOnly>false</hideElementsInCurrentOnly>
<backgroundColor>-65536</backgroundColor>
<lineWidth>1</lineWidth>
</Connector>
<Connector class="oracle.dbtools.crest.swingui.logical.TVInheritanceRelation" oid="A43AFDAB-9330-110F-9850-41D96A738DED" otype="Hierarchy relation" vid_source="7FA74513-4FCF-4548-2C8E-2FD5E142C130" vid_target="9908E14F-010A-F35B-6EAE-BB9092D503D7">
<hideElementsInCurrentOnly>false</hideElementsInCurrentOnly>
<backgroundColor>-65536</backgroundColor>
<lineWidth>1</lineWidth>
</Connector>
<Connector class="oracle.dbtools.crest.swingui.logical.TVRelation" oid="CB8B72D8-42CC-8D13-3D14-1EA996A2B888" otype="Relation" vid_source="7CCAB975-8035-5FA7-B45F-A6B511DD818E" vid_target="A4930FB9-C0E9-4694-6821-2F2E0A53097A">
<hideElementsInCurrentOnly>false</hideElementsInCurrentOnly>
<backgroundColor>-16777216</backgroundColor>
<lineWidth>1</lineWidth>
<points>
<point x="166" y="63"/>
<point x="166" y="15"/>
<point x="484" y="16"/>
<point x="484" y="275"/>
</points>
</Connector>
<Connector class="oracle.dbtools.crest.swingui.logical.TVInheritanceRelation" oid="EBCFAD28-782D-DC6C-10A1-0C52D6F444C5" otype="Hierarchy relation" vid_source="7FA74513-4FCF-4548-2C8E-2FD5E142C130" vid_target="A4930FB9-C0E9-4694-6821-2F2E0A53097A">
<hideElementsInCurrentOnly>false</hideElementsInCurrentOnly>
<backgroundColor>-65536</backgroundColor>
<lineWidth>1</lineWidth>
</Connector>
</connectors>
</Diagram>