<?xml version = '1.0' encoding = 'UTF-8'?>
<Diagram class="oracle.dbtools.crest.swingui.relational.DPVRelational" name="Relational_1" id="DE7ABDF3-DE10-CC05-C674-8BEC0740B5B7">
<createdBy>rodri</createdBy>
<modifiedBy>rodri</modifiedBy>
<createdTime>2025-10-09 17:39:40 UTC</createdTime>
<autoRoute>false</autoRoute>
<boxInbox>true</boxInbox>
<showLegend>false</showLegend>
<showLabels>false</showLabels>
<showRelAttributes>false</showRelAttributes>
<gridEnabled>false</gridEnabled>
<showGrid>false</showGrid>
<diagramColor>-1</diagramColor>
<display>false</display>
<notation>1</notation>
<objectViews>
<OView class="oracle.dbtools.crest.swingui.relational.TVTable" oid="0788B48A-3724-59C5-9CE6-497B5ED02B65" otype="Table" vid="F90D1217-5368-2AB3-A770-C5BDCCC15C86">
<hideElementsInCurrentOnly>false</hideElementsInCurrentOnly>
<bounds x="278" y="202" width="154" height="180"/>
</OView>
<OView class="oracle.dbtools.crest.swingui.relational.TVTable" oid="15042D91-7835-52FE-BD49-68098BDBBA34" otype="Table" vid="810D3DE7-DE4A-213A-6C0B-A65E523C30AB">
<hideElementsInCurrentOnly>false</hideElementsInCurrentOnly>
<bounds x="192" y="629" width="187" height="110"/>
</OView>
<OView class="oracle.dbtools.crest.swingui.relational.TVTable" oid="1936C6FD-E799-A6AB-E56E-57563C068A23" otype="Table" vid="A42D2E9A-83D4-521C-9000-E971F6A12F06">
<hideElementsInCurrentOnly>false</hideElementsInCurrentOnly>
<bounds x="1130" y="77" width="119" height="80"/>
</OView>
<OView class="oracle.dbtools.crest.swingui.relational.TVTable" oid="239888BF-75C7-B782-7831-11AD71B8BF83" otype="Table" vid="4AB0B664-5CCE-7894-185A-99FA442901BA">
<hideElementsInCurrentOnly>false</hideElementsInCurrentOnly>
<bounds x="46" y="42" width="125" height="81"/>
</OView>
<OView class="oracle.dbtools.crest.swingui.relational.TVTable" oid="4DD8E7ED-3A62-468C-8C9E-128F936902AB" otype="Table" vid="8148D6D3-B44F-6E42-4F09-386F527D3906">
<hideElementsInCurrentOnly>false</hideElementsInCurrentOnly>
<bounds x="16" y="159" width="167" height="88"/>
</OView>
<OView class="oracle.dbtools.crest.swingui.relational.TVTable" oid="532C39D2-FFF7-548A-E5C2-B33C60FD8EFA" otype="Table" vid="637AB64C-9279-3CD9-5037-F883321B848D">
<hideElementsInCurrentOnly>false</hideElementsInCurrentOnly>
<bounds x="909" y="34" width="126" height="116"/>
</OView>
<OView class="oracle.dbtools.crest.swingui.relational.TVTable" oid="68A94EEB-30A0-E952-47B0-2495B8EC0B8F" otype="Table" vid="A57AF16E-1C69-A5A6-1913-0449BE340024">
<hideElementsInCurrentOnly>false</hideElementsInCurrentOnly>
<bounds x="5" y="639" width="121" height="81"/>
</OView>
<OView class="oracle.dbtools.crest.swingui.relational.TVTable" oid="731DDA84-F387-65AC-F53B-587974287114" otype="Table" vid="ED6E3F0A-2386-2A07-F6F6-BA28A41A59F3">
<hideElementsInCurrentOnly>false</hideElementsInCurrentOnly>
<bounds x="630" y="24" width="123" height="83"/>
</OView>
<OView class="oracle.dbtools.crest.swingui.relational.TVTable" oid="7EDCFAA1-60B3-F178-B653-7B552397E40A" otype="Table" vid="E82B15C9-D9B1-4234-95E1-2A2A12671B9C">
<hideElementsInCurrentOnly>false</hideElementsInCurrentOnly>
<bounds x="325" y="490" width="205" height="95"/>
</OView>
<OView class="oracle.dbtools.crest.swingui.relational.TVTable" oid="97FD6A61-7D7F-7384-A89E-66A5B8DA1BA7" otype="Table" vid="340B6B66-9B72-0E99-0893-E974398123C7">
<hideElementsInCurrentOnly>false</hideElementsInCurrentOnly>
<bounds x="267" y="41" width="125" height="81"/>
</OView>
<OView class="oracle.dbtools.crest.swingui.relational.TVTable" oid="C190C9B5-88AC-469B-65BB-75650B5F9336" otype="Table" vid="47877657-2250-1FC1-CD48-E43EA3144914">
<hideElementsInCurrentOnly>false</hideElementsInCurrentOnly>
<bounds x="527" y="203" width="195" height="94"/>
</OView>
<OView class="oracle.dbtools.crest.swingui.relational.TVTable" oid="C261CAD2-2D50-0EBC-659D-F548DC6CD112" otype="Table" vid="33ADE1E9-1FEE-E167-915B-059F2BAA97BF">
<hideElementsInCurrentOnly>false</hideElementsInCurrentOnly>
<bounds x="777" y="492" width="167" height="85"/>
</OView>
</objectViews>
<connectors>
<Connector class="oracle.dbtools.crest.swingui.relational.TVFKRelation" oid="3E2A0F67-2B94-44EA-71C9-E07FB106F27B" otype="FKIndexAssociation" vid_source="340B6B66-9B72-0E99-0893-E974398123C7" vid_target="4AB0B664-5CCE-7894-185A-99FA442901BA">
<hideElementsInCurrentOnly>false</hideElementsInCurrentOnly>
<backgroundColor>-16777216</backgroundColor>
<lineWidth>1</lineWidth>
<points>
<point x="267" y="82"/>
<point x="171" y="82"/>
</points>
</Connector>
<Connector class="oracle.dbtools.crest.swingui.relational.TVFKRelation" oid="4B646DD8-EEB0-1595-AF1B-05841BDF5E92" otype="FKIndexAssociation" vid_source="ED6E3F0A-2386-2A07-F6F6-BA28A41A59F3" vid_target="F90D1217-5368-2AB3-A770-C5BDCCC15C86">
<hideElementsInCurrentOnly>false</hideElementsInCurrentOnly>
<backgroundColor>-16777216</backgroundColor>
<lineWidth>1</lineWidth>
<points>
<point x="682" y="107"/>
<point x="682" y="161"/>
<point x="283" y="162"/>
<point x="283" y="202"/>
</points>
</Connector>
<Connector class="oracle.dbtools.crest.swingui.relational.TVFKRelation" oid="4C782CC7-59F7-B318-6DEE-3099567D1AFB" otype="FKIndexAssociation" vid_source="F90D1217-5368-2AB3-A770-C5BDCCC15C86" vid_target="810D3DE7-DE4A-213A-6C0B-A65E523C30AB">
<hideElementsInCurrentOnly>false</hideElementsInCurrentOnly>
<backgroundColor>-16777216</backgroundColor>
<lineWidth>1</lineWidth>
<points>
<point x="293" y="382"/>
<point x="293" y="620"/>
<point x="293" y="629"/>
</points>
</Connector>
<Connector class="oracle.dbtools.crest.swingui.relational.TVFKRelation" oid="4D7FA4A5-98D1-4DFD-8723-DAB30AC89AB9" otype="FKIndexAssociation" vid_source="810D3DE7-DE4A-213A-6C0B-A65E523C30AB" vid_target="637AB64C-9279-3CD9-5037-F883321B848D">
<hideElementsInCurrentOnly>false</hideElementsInCurrentOnly>
<backgroundColor>-16777216</backgroundColor>
<lineWidth>1</lineWidth>
<points>
<point x="379" y="655"/>
<point x="990" y="655"/>
<point x="990" y="150"/>
</points>
</Connector>
<Connector class="oracle.dbtools.crest.swingui.relational.TVFKRelation" oid="52CDD076-131C-B418-19FE-D701A9F78816" otype="FKIndexAssociation" vid_source="F90D1217-5368-2AB3-A770-C5BDCCC15C86" vid_target="A57AF16E-1C69-A5A6-1913-0449BE340024">
<hideElementsInCurrentOnly>false</hideElementsInCurrentOnly>
<backgroundColor>-16777216</backgroundColor>
<lineWidth>1</lineWidth>
<points>
<point x="278" y="317"/>
<point x="30" y="317"/>
<point x="35" y="684"/>
<point x="35" y="688"/>
</points>
</Connector>
<Connector class="oracle.dbtools.crest.swingui.relational.TVFKRelation" oid="5AE35753-DE28-DF1B-4929-3152A74AB4A0" otype="FKIndexAssociation" vid_source="E82B15C9-D9B1-4234-95E1-2A2A12671B9C" vid_target="33ADE1E9-1FEE-E167-915B-059F2BAA97BF">
<hideElementsInCurrentOnly>false</hideElementsInCurrentOnly>
<backgroundColor>-16777216</backgroundColor>
<lineWidth>1</lineWidth>
<points>
<point x="530" y="534"/>
<point x="777" y="534"/>
</points>
</Connector>
<Connector class="oracle.dbtools.crest.swingui.relational.TVFKRelation" oid="5BCA4A32-D062-B13C-7D65-84DC19EFFA24" otype="FKIndexAssociation" vid_source="A57AF16E-1C69-A5A6-1913-0449BE340024" vid_target="810D3DE7-DE4A-213A-6C0B-A65E523C30AB">
<hideElementsInCurrentOnly>false</hideElementsInCurrentOnly>
<backgroundColor>-16777216</backgroundColor>
<lineWidth>1</lineWidth>
<points>
<point x="126" y="679"/>
<point x="192" y="679"/>
</points>
</Connector>
<Connector class="oracle.dbtools.crest.swingui.relational.TVFKRelation" oid="6B50C78B-139F-7579-C04E-D196290453B4" otype="FKIndexAssociation" vid_source="340B6B66-9B72-0E99-0893-E974398123C7" vid_target="ED6E3F0A-2386-2A07-F6F6-BA28A41A59F3">
<hideElementsInCurrentOnly>false</hideElementsInCurrentOnly>
<backgroundColor>-16777216</backgroundColor>
<lineWidth>1</lineWidth>
<points>
<point x="392" y="74"/>
<point x="630" y="74"/>
</points>
</Connector>
<Connector class="oracle.dbtools.crest.swingui.relational.TVFKRelation" oid="82B9FC2D-B752-9C76-B1C7-14643AEB0A78" otype="FKIndexAssociation" vid_source="A42D2E9A-83D4-521C-9000-E971F6A12F06" vid_target="637AB64C-9279-3CD9-5037-F883321B848D">
<hideElementsInCurrentOnly>false</hideElementsInCurrentOnly>
<backgroundColor>-16777216</backgroundColor>
<lineWidth>1</lineWidth>
<points>
<point x="1130" y="113"/>
<point x="1035" y="113"/>
</points>
</Connector>
<Connector class="oracle.dbtools.crest.swingui.relational.TVFKRelation" oid="B3A4D06E-BCCD-0FB5-8390-738C74A236F1" otype="FKIndexAssociation" vid_source="F90D1217-5368-2AB3-A770-C5BDCCC15C86" vid_target="F90D1217-5368-2AB3-A770-C5BDCCC15C86">
<hideElementsInCurrentOnly>false</hideElementsInCurrentOnly>
<backgroundColor>-16777216</backgroundColor>
<lineWidth>1</lineWidth>
<points>
<point x="432" y="305"/>
<point x="458" y="305"/>
<point x="460" y="407"/>
<point x="391" y="408"/>
<point x="391" y="382"/>
</points>
</Connector>
<Connector class="oracle.dbtools.crest.swingui.relational.TVFKRelation" oid="C1212BA3-67FF-EF2A-8ED9-5F79EC07572D" otype="FKIndexAssociation" vid_source="637AB64C-9279-3CD9-5037-F883321B848D" vid_target="33ADE1E9-1FEE-E167-915B-059F2BAA97BF">
<hideElementsInCurrentOnly>false</hideElementsInCurrentOnly>
<backgroundColor>-16777216</backgroundColor>
<lineWidth>1</lineWidth>
<points>
<point x="926" y="150"/>
<point x="926" y="492"/>
</points>
</Connector>
<Connector class="oracle.dbtools.crest.swingui.relational.TVFKRelation" oid="EE712F1C-A7FA-CFA8-3E12-C54EAFB34752" otype="FKIndexAssociation" vid_source="ED6E3F0A-2386-2A07-F6F6-BA28A41A59F3" vid_target="637AB64C-9279-3CD9-5037-F883321B848D">
<hideElementsInCurrentOnly>false</hideElementsInCurrentOnly>
<backgroundColor>-16777216</backgroundColor>
<lineWidth>1</lineWidth>
<points>
<point x="753" y="62"/>
<point x="843" y="62"/>
<point x="909" y="62"/>
</points>
</Connector>
</connectors>
</Diagram>