<?xml version = '1.0' encoding = 'UTF-8'?>
<Diagram class="oracle.dbtools.crest.swingui.logical.DPVLogical" name="Logical" id="4CA00632-F111-FE6C-ABB4-35D031815981">
<createdBy>rodri</createdBy>
<modifiedBy>rodri</modifiedBy>
<createdTime>2025-10-09 15:25:23 UTC</createdTime>
<autoRoute>false</autoRoute>
<boxInbox>true</boxInbox>
<showLegend>false</showLegend>
<showLabels>false</showLabels>
<showRelAttributes>false</showRelAttributes>
<gridEnabled>false</gridEnabled>
<showGrid>false</showGrid>
<diagramColor>-1</diagramColor>
<display>false</display>
<notation>1</notation>
<objectViews>
<OView class="oracle.dbtools.crest.swingui.logical.TVEntity" oid="131E7675-B5A0-797E-B8F1-DE9C6C495580" otype="Entity" vid="98A2D46D-24EC-225A-7C75-264F67151B5F">
<hideElementsInCurrentOnly>false</hideElementsInCurrentOnly>
<bounds x="278" y="202" width="154" height="180"/>
</OView>
<OView class="oracle.dbtools.crest.swingui.logical.TVEntity" oid="1D3A6E23-E2A4-E47D-B71A-1FA2591B299F" otype="Entity" vid="E5EDEFDD-A585-2F84-8339-41B0903F10C0">
<hideElementsInCurrentOnly>false</hideElementsInCurrentOnly>
<bounds x="46" y="42" width="125" height="81"/>
</OView>
<OView class="oracle.dbtools.crest.swingui.logical.TVEntity" oid="596618CD-81EA-E7CC-1918-46292DFAE200" otype="Entity" vid="88BEAE99-CB04-F7E1-5796-97C7D9998D8C">
<hideElementsInCurrentOnly>false</hideElementsInCurrentOnly>
<bounds x="192" y="600" width="187" height="110"/>
</OView>
<OView class="oracle.dbtools.crest.swingui.logical.TVEntity" oid="889BE31D-B2A3-93DE-CA53-B2920391A1C9" otype="Entity" vid="477F18BE-ABF2-4817-E956-69FB353AAEA8">
<hideElementsInCurrentOnly>false</hideElementsInCurrentOnly>
<bounds x="808" y="109" width="126" height="116"/>
</OView>
<OView class="oracle.dbtools.crest.swingui.logical.TVEntity" oid="A3D442E5-4361-6901-DDB9-6392DA7B399D" otype="Entity" vid="66C345E4-1D93-8EA7-BB51-97EB590C9DCD">
<hideElementsInCurrentOnly>false</hideElementsInCurrentOnly>
<bounds x="512" y="201" width="195" height="94"/>
</OView>
<OView class="oracle.dbtools.crest.swingui.logical.TVEntity" oid="B88B5E00-47F7-33A1-38DA-ECD2A4633773" otype="Entity" vid="5BD575EF-42A5-2F1A-1881-734B48522019">
<hideElementsInCurrentOnly>false</hideElementsInCurrentOnly>
<bounds x="630" y="24" width="123" height="83"/>
</OView>
<OView class="oracle.dbtools.crest.swingui.logical.TVEntity" oid="BFE0A1C1-9910-0A38-A9EC-CB696C129B3B" otype="Entity" vid="2EBD9160-5090-1DBD-3A05-68B485CD59E5">
<hideElementsInCurrentOnly>false</hideElementsInCurrentOnly>
<bounds x="5" y="639" width="121" height="81"/>
</OView>
<OView class="oracle.dbtools.crest.swingui.logical.TVEntity" oid="C5773223-3B98-F5BE-9015-9EBE7DF03194" otype="Entity" vid="8851ACA8-3085-B99D-6530-53B4343B6294">
<hideElementsInCurrentOnly>false</hideElementsInCurrentOnly>
<bounds x="16" y="159" width="167" height="88"/>
</OView>
<OView class="oracle.dbtools.crest.swingui.logical.TVEntity" oid="C8A413F3-7A44-489E-BCE6-955AD20D5293" otype="Entity" vid="BE1A6565-A26F-DB48-D3DF-AC7B8BC500DA">
<hideElementsInCurrentOnly>false</hideElementsInCurrentOnly>
<bounds x="282" y="488" width="205" height="95"/>
</OView>
<OView class="oracle.dbtools.crest.swingui.logical.TVEntity" oid="D23C43B1-F2B1-AE24-0DD0-E4D0F3AF6F8E" otype="Entity" vid="E2C17B1E-0726-5C02-2993-6D50000FB288">
<hideElementsInCurrentOnly>false</hideElementsInCurrentOnly>
<bounds x="267" y="41" width="125" height="81"/>
</OView>
<OView class="oracle.dbtools.crest.swingui.logical.TVEntity" oid="D944CD80-5CBE-085E-2F78-E24A52079397" otype="Entity" vid="B4633CCD-6565-69C3-EAC6-4AD699C90468">
<hideElementsInCurrentOnly>false</hideElementsInCurrentOnly>
<bounds x="819" y="492" width="167" height="85"/>
</OView>
<OView class="oracle.dbtools.crest.swingui.logical.TVEntity" oid="EEEAD083-BD3E-98EA-DCB7-B7A5913623A7" otype="Entity" vid="D5AAE10E-6097-54DD-198F-257ABB33BB0A">
<hideElementsInCurrentOnly>false</hideElementsInCurrentOnly>
<bounds x="1047" y="214" width="119" height="80"/>
</OView>
</objectViews>
<connectors>
<Connector class="oracle.dbtools.crest.swingui.logical.TVRelation" oid="09D17E10-3D2D-8E53-8F34-2FD5CC003B14" otype="Relation" vid_source="BE1A6565-A26F-DB48-D3DF-AC7B8BC500DA" vid_target="B4633CCD-6565-69C3-EAC6-4AD699C90468">
<hideElementsInCurrentOnly>false</hideElementsInCurrentOnly>
<backgroundColor>-16777216</backgroundColor>
<lineWidth>1</lineWidth>
<points>
<point x="487" y="534"/>
<point x="819" y="534"/>
</points>
</Connector>
<Connector class="oracle.dbtools.crest.swingui.logical.TVRelation" oid="1CA49578-DCB1-2C36-ABB2-42D817D9F9E9" otype="Relation" vid_source="98A2D46D-24EC-225A-7C75-264F67151B5F" vid_target="66C345E4-1D93-8EA7-BB51-97EB590C9DCD">
<hideElementsInCurrentOnly>false</hideElementsInCurrentOnly>
<backgroundColor>-16777216</backgroundColor>
<lineWidth>1</lineWidth>
<points>
<point x="432" y="248"/>
<point x="512" y="248"/>
</points>
</Connector>
<Connector class="oracle.dbtools.crest.swingui.logical.TVRelation" oid="2355CF54-D2C1-D081-94B0-709270C60392" otype="Relation" vid_source="98A2D46D-24EC-225A-7C75-264F67151B5F" vid_target="98A2D46D-24EC-225A-7C75-264F67151B5F">
<hideElementsInCurrentOnly>false</hideElementsInCurrentOnly>
<backgroundColor>-16777216</backgroundColor>
<lineWidth>1</lineWidth>
<points>
<point x="432" y="305"/>
<point x="458" y="305"/>
<point x="460" y="407"/>
<point x="391" y="408"/>
<point x="391" y="382"/>
</points>
</Connector>
<Connector class="oracle.dbtools.crest.swingui.logical.TVRelation" oid="513CB0EE-391E-996F-B28D-95CCADE04CE6" otype="Relation" vid_source="5BD575EF-42A5-2F1A-1881-734B48522019" vid_target="E2C17B1E-0726-5C02-2993-6D50000FB288">
<hideElementsInCurrentOnly>false</hideElementsInCurrentOnly>
<backgroundColor>-16777216</backgroundColor>
<lineWidth>1</lineWidth>
<points>
<point x="630" y="74"/>
<point x="392" y="74"/>
</points>
</Connector>
<Connector class="oracle.dbtools.crest.swingui.logical.TVRelation" oid="5F2F9B52-B191-9736-12CD-B0B6F47E978F" otype="Relation" vid_source="98A2D46D-24EC-225A-7C75-264F67151B5F" vid_target="8851ACA8-3085-B99D-6530-53B4343B6294">
<hideElementsInCurrentOnly>false</hideElementsInCurrentOnly>
<backgroundColor>-16777216</backgroundColor>
<lineWidth>1</lineWidth>
<points>
<point x="278" y="268"/>
<point x="159" y="268"/>
<point x="60" y="270"/>
<point x="60" y="247"/>
</points>
</Connector>
<Connector class="oracle.dbtools.crest.swingui.logical.TVRelation" oid="655C0CCA-117D-15D3-FA06-4651468AEA80" otype="Relation" vid_source="5BD575EF-42A5-2F1A-1881-734B48522019" vid_target="477F18BE-ABF2-4817-E956-69FB353AAEA8">
<hideElementsInCurrentOnly>false</hideElementsInCurrentOnly>
<backgroundColor>-16777216</backgroundColor>
<lineWidth>1</lineWidth>
<points>
<point x="753" y="62"/>
<point x="843" y="62"/>
<point x="843" y="109"/>
</points>
</Connector>
<Connector class="oracle.dbtools.crest.swingui.logical.TVRelation" oid="6DB75B3D-DE81-5256-B8EE-3F76243E5ED7" otype="Relation" vid_source="477F18BE-ABF2-4817-E956-69FB353AAEA8" vid_target="D5AAE10E-6097-54DD-198F-257ABB33BB0A">
<hideElementsInCurrentOnly>false</hideElementsInCurrentOnly>
<backgroundColor>-16777216</backgroundColor>
<lineWidth>1</lineWidth>
<points>
<point x="934" y="219"/>
<point x="1047" y="219"/>
</points>
</Connector>
<Connector class="oracle.dbtools.crest.swingui.logical.TVRelation" oid="73F22679-8EDB-985E-2459-89A2C84D8627" otype="Relation" vid_source="2EBD9160-5090-1DBD-3A05-68B485CD59E5" vid_target="88BEAE99-CB04-F7E1-5796-97C7D9998D8C">
<hideElementsInCurrentOnly>false</hideElementsInCurrentOnly>
<backgroundColor>-16777216</backgroundColor>
<lineWidth>1</lineWidth>
<points>
<point x="126" y="674"/>
<point x="192" y="674"/>
</points>
</Connector>
<Connector class="oracle.dbtools.crest.swingui.logical.TVRelation" oid="79FFAC2E-7865-08C0-0068-0862D514B178" otype="Relation" vid_source="E5EDEFDD-A585-2F84-8339-41B0903F10C0" vid_target="E2C17B1E-0726-5C02-2993-6D50000FB288">
<hideElementsInCurrentOnly>false</hideElementsInCurrentOnly>
<backgroundColor>-16777216</backgroundColor>
<lineWidth>1</lineWidth>
<points>
<point x="171" y="82"/>
<point x="267" y="82"/>
</points>
</Connector>
<Connector class="oracle.dbtools.crest.swingui.logical.TVRelation" oid="A9620F74-7F6B-8874-8924-E9FA3D457A60" otype="Relation" vid_source="88BEAE99-CB04-F7E1-5796-97C7D9998D8C" vid_target="98A2D46D-24EC-225A-7C75-264F67151B5F">
<hideElementsInCurrentOnly>false</hideElementsInCurrentOnly>
<backgroundColor>-16777216</backgroundColor>
<lineWidth>1</lineWidth>
<points>
<point x="226" y="600"/>
<point x="226" y="614"/>
<point x="226" y="364"/>
<point x="278" y="364"/>
</points>
</Connector>
<Connector class="oracle.dbtools.crest.swingui.logical.TVRelation" oid="BF2914DC-83D2-E979-1ECD-FD210BB05FA3" otype="Relation" vid_source="98A2D46D-24EC-225A-7C75-264F67151B5F" vid_target="2EBD9160-5090-1DBD-3A05-68B485CD59E5">
<hideElementsInCurrentOnly>false</hideElementsInCurrentOnly>
<backgroundColor>-16777216</backgroundColor>
<lineWidth>1</lineWidth>
<points>
<point x="278" y="317"/>
<point x="30" y="317"/>
<point x="35" y="684"/>
<point x="35" y="688"/>
</points>
</Connector>
<Connector class="oracle.dbtools.crest.swingui.logical.TVRelation" oid="C755764C-682A-131F-4FAD-536661686EF6" otype="Relation" vid_source="98A2D46D-24EC-225A-7C75-264F67151B5F" vid_target="BE1A6565-A26F-DB48-D3DF-AC7B8BC500DA">
<hideElementsInCurrentOnly>false</hideElementsInCurrentOnly>
<backgroundColor>-16777216</backgroundColor>
<lineWidth>1</lineWidth>
<points>
<point x="357" y="382"/>
<point x="357" y="488"/>
</points>
</Connector>
<Connector class="oracle.dbtools.crest.swingui.logical.TVRelation" oid="D6BEF8C7-8247-2AC5-2A65-01D112A07431" otype="Relation" vid_source="5BD575EF-42A5-2F1A-1881-734B48522019" vid_target="98A2D46D-24EC-225A-7C75-264F67151B5F">
<hideElementsInCurrentOnly>false</hideElementsInCurrentOnly>
<backgroundColor>-16777216</backgroundColor>
<lineWidth>1</lineWidth>
<points>
<point x="682" y="107"/>
<point x="682" y="161"/>
<point x="283" y="162"/>
<point x="283" y="202"/>
</points>
</Connector>
<Connector class="oracle.dbtools.crest.swingui.logical.TVRelation" oid="E5EA3DF6-F024-750C-2172-05E5E619A64E" otype="Relation" vid_source="477F18BE-ABF2-4817-E956-69FB353AAEA8" vid_target="B4633CCD-6565-69C3-EAC6-4AD699C90468">
<hideElementsInCurrentOnly>false</hideElementsInCurrentOnly>
<backgroundColor>-16777216</backgroundColor>
<lineWidth>1</lineWidth>
<points>
<point x="876" y="225"/>
<point x="876" y="492"/>
</points>
</Connector>
</connectors>
</Diagram>