<?xml version = '1.0' encoding = 'UTF-8'?>
<InheritanceRelation class="oracle.dbtools.crest.model.design.logical.InheritanceRelation" name="Hierarchy_2" directorySegmentName="seg_0" id="03154215-5DE7-8E56-064F-7A0CAEC50CB1">
<createdBy>rodri</createdBy>
<createdTime>2025-08-25 13:57:59 UTC</createdTime>
<ownerDesignName>trabajo</ownerDesignName>
<engineerTo>
<item key="6A2A86CF-6398-7179-228E-C38142B288AD" value="true"/>
</engineerTo>
<identifying>false</identifying>
<nameOnSource>Super Type</nameOnSource>
<nameOnTarget>Sub Type</nameOnTarget>
<optionalSource>true</optionalSource>
<optionalTarget>true</optionalTarget>
<sourceEntity>3F638CD6-45AF-A653-4B0E-D01D983190BD</sourceEntity>
<targetEntity>2CAA0E21-B506-3998-E175-FAEAF4130F20</targetEntity>
<transferable>true</transferable>
<deleteRule>NO ACTION</deleteRule>
</InheritanceRelation>