<?xml version = '1.0' encoding = 'UTF-8'?>
<relationalModel class="oracle.dbtools.crest.model.design.relational.RelationalDesign" name="Relational_1" id="1BA74862-06A5-31D3-273E-3912B6FE0E96" mainViewID="DE7ABDF3-DE10-CC05-C674-8BEC0740B5B7">
<createdBy>rodri</createdBy>
<createdTime>2025-10-09 15:24:59 UTC</createdTime>
<ownerDesignName>Modelo_Entidades</ownerDesignName>
<shouldBeOpen>true</shouldBeOpen>
<selectedRDBMSSite>32076570-2523-435C-2E92-BF29817DFF70</selectedRDBMSSite>
</relationalModel>