<?xml version = '1.0' encoding = 'UTF-8'?>
<Relation class="oracle.dbtools.crest.model.design.logical.Relation" name="Relation_1" directorySegmentName="seg_0" id="24C2960C-2CF8-4A9E-D766-66776D1FE1B8">
<createdBy>rodri</createdBy>
<createdTime>2025-08-25 17:35:13 UTC</createdTime>
<ownerDesignName>Treabajo_Semana2</ownerDesignName>
<engineerTo>
<item key="6A2A86CF-6398-7179-228E-C38142B288AD" value="true"/>
</engineerTo>
<sourcePk>24C6CCD5-1216-D9D8-5C6B-1F9424E7A248</sourcePk>
<identifying>false</identifying>
<optionalSource>false</optionalSource>
<optionalTarget>false</optionalTarget>
<sourceCardinality>1</sourceCardinality>
<sourceEntity>B326A066-CE31-34B2-F536-016207A5118E</sourceEntity>
<targetCardinalityString>*</targetCardinalityString>
<targetEntity>86366A8D-3F4E-35FA-CE61-A0C5A4B0C969</targetEntity>
<transferable>true</transferable>
<deleteRule>NO ACTION</deleteRule>
</Relation>