<?xml version = '1.0' encoding = 'UTF-8'?>
<Relation class="oracle.dbtools.crest.model.design.logical.Relation" name="Relation_6" directorySegmentName="seg_0" id="8877DF75-D852-816F-FDB9-F8E39D282453">
<createdBy>rodri</createdBy>
<createdTime>2025-08-25 18:50:57 UTC</createdTime>
<ownerDesignName>Treabajo_Semana2</ownerDesignName>
<engineerTo>
<item key="6A2A86CF-6398-7179-228E-C38142B288AD" value="true"/>
</engineerTo>
<sourcePk>8856CF4F-EC02-F7A3-6D6D-435FCDD38067</sourcePk>
<identifying>false</identifying>
<optionalSource>false</optionalSource>
<optionalTarget>false</optionalTarget>
<sourceCardinality>1</sourceCardinality>
<sourceEntity>07C37C65-457C-0446-948C-42D8BD7F14C2</sourceEntity>
<targetCardinalityString>*</targetCardinalityString>
<targetEntity>FBBB17AE-19D5-4741-FB3C-83CCC1A07DCF</targetEntity>
<transferable>true</transferable>
<deleteRule>NO ACTION</deleteRule>
</Relation>