<?xml version = '1.0' encoding = 'UTF-8'?>
<Relation class="oracle.dbtools.crest.model.design.logical.Relation" name="Relation_2" directorySegmentName="seg_0" id="93BEC603-100C-5A2E-F6F2-792FB556BD11">
<createdBy>rodri</createdBy>
<createdTime>2025-08-25 18:46:58 UTC</createdTime>
<ownerDesignName>Treabajo_Semana2</ownerDesignName>
<engineerTo>
<item key="6A2A86CF-6398-7179-228E-C38142B288AD" value="true"/>
</engineerTo>
<sourcePk>652FC7DC-4619-4D4D-3344-8C3910D61F67</sourcePk>
<identifying>false</identifying>
<optionalSource>false</optionalSource>
<optionalTarget>false</optionalTarget>
<sourceCardinality>1</sourceCardinality>
<sourceEntity>86366A8D-3F4E-35FA-CE61-A0C5A4B0C969</sourceEntity>
<targetCardinalityString>*</targetCardinalityString>
<targetEntity>FBBB17AE-19D5-4741-FB3C-83CCC1A07DCF</targetEntity>
<transferable>true</transferable>
<deleteRule>NO ACTION</deleteRule>
</Relation>