<?xml version = '1.0' encoding = 'UTF-8'?>
<Relation class="oracle.dbtools.crest.model.design.logical.Relation" name="Relation_4" directorySegmentName="seg_0" id="E38A804F-BAE5-BA99-B289-0A67EB765EBE">
<createdBy>rodri</createdBy>
<createdTime>2025-08-25 18:49:24 UTC</createdTime>
<ownerDesignName>Treabajo_Semana2</ownerDesignName>
<engineerTo>
<item key="6A2A86CF-6398-7179-228E-C38142B288AD" value="true"/>
</engineerTo>
<sourcePk>CD111C23-1DED-2CFA-3F0B-B54459340679</sourcePk>
<identifying>false</identifying>
<optionalSource>false</optionalSource>
<optionalTarget>false</optionalTarget>
<sourceCardinality>1</sourceCardinality>
<sourceEntity>E7F4FEE3-1BAB-E697-E129-E09A6D72878E</sourceEntity>
<targetCardinalityString>*</targetCardinalityString>
<targetEntity>D4A41186-CECB-6A55-EDF7-0D0B03D902C0</targetEntity>
<transferable>true</transferable>
<deleteRule>NO ACTION</deleteRule>
</Relation>