<?xml version = '1.0' encoding = 'UTF-8'?>
<Table class="oracle.dbtools.crest.model.design.relational.Table" directorySegmentName="seg_0" id="01F37B0E-3E56-F602-14DC-17AA136D7360" name="APODERADO">
<createdBy>rodri</createdBy>
<createdTime>2025-09-01 22:11:13 UTC</createdTime>
<generatorID>E0A6C2C5-A834-48E4-2759-ACCB91F249DB</generatorID>
<ownerDesignName>Trabajo_Sem3</ownerDesignName>
<allowColumnReorder>false</allowColumnReorder>
<existDependencyGenerateInDDl>true</existDependencyGenerateInDDl>
<parsed>true</parsed>
<columns itemClass="oracle.dbtools.crest.model.design.relational.Column">
<Column name="Rut" id="7EDC8661-92C8-5EF0-4468-F2237C4157F5">
<createdBy>rodri</createdBy>
<createdTime>2025-09-01 22:11:13 UTC</createdTime>
<generatorID>B9B996B2-9D94-F424-413A-3EF8F9CE55ED</generatorID>
<ownerDesignName>Trabajo_Sem3</ownerDesignName>
<useDomainConstraints>false</useDomainConstraints>
<use>1</use>
<logicalDatatype>LOGDT024</logicalDatatype>
<dataTypeSize>12 CHAR</dataTypeSize>
<ownDataTypeParameters>,,</ownDataTypeParameters>
<autoIncrementCycle>false</autoIncrementCycle>
<associations>
<colAssociation fkAssociation="51CE1C6E-A4DF-1027-9EDF-FFDFA46525FF" referredColumn="578B3ACD-FAA6-82B8-E57A-3625B1F7EB60"/>
</associations>
</Column>
<Column name="IdApoderado" id="94255FED-DFB1-C9AF-060A-895D4164A64E">
<createdBy>rodri</createdBy>
<createdTime>2025-09-01 22:11:13 UTC</createdTime>
<generatorID>8149D280-A99C-4F74-0D36-277C1C14CF9E</generatorID>
<ownerDesignName>Trabajo_Sem3</ownerDesignName>
<useDomainConstraints>false</useDomainConstraints>
<use>1</use>
<logicalDatatype>LOGDT019</logicalDatatype>
<ownDataTypeParameters>,,</ownDataTypeParameters>
<autoIncrementCycle>false</autoIncrementCycle>
</Column>
<Column name="Contacto" id="1CE31FE6-5BAE-59C4-D2EA-F58AD51236E8">
<createdBy>rodri</createdBy>
<createdTime>2025-09-01 22:11:13 UTC</createdTime>
<generatorID>DF165F2D-B629-099B-46FE-D9010F9242A1</generatorID>
<ownerDesignName>Trabajo_Sem3</ownerDesignName>
<useDomainConstraints>false</useDomainConstraints>
<use>1</use>
<logicalDatatype>LOGDT019</logicalDatatype>
<ownDataTypeParameters>,,</ownDataTypeParameters>
<autoIncrementCycle>false</autoIncrementCycle>
</Column>
</columns>
<indexes itemClass="oracle.dbtools.crest.model.design.relational.Index">
<ind_PK_UK id="9745BCE9-9B28-C393-7D1D-E8A8873659CE" name="APODERADO_PK">
<createdBy>rodri</createdBy>
<createdTime>2025-09-01 22:11:13 UTC</createdTime>
<generatorID>E375882D-F738-3038-2A9A-A0CD5BB7DED5</generatorID>
<ownerDesignName>Trabajo_Sem3</ownerDesignName>
<pk>true</pk>
<indexState>Primary Constraint</indexState>
<isSurrogateKey>false</isSurrogateKey>
<indexColumnUsage>
<colUsage columnID="7EDC8661-92C8-5EF0-4468-F2237C4157F5"/>
</indexColumnUsage>
</ind_PK_UK>
<ind_PK_UK id="74843927-30F3-4518-CEA3-8E99B469F667" name="APODERADO_PKv1">
<createdBy>rodri</createdBy>
<createdTime>2025-09-01 22:11:13 UTC</createdTime>
<generatorID>F94DDEE6-A869-641E-E568-62BC0ACAC9E0</generatorID>
<ownerDesignName>Trabajo_Sem3</ownerDesignName>
<indexState>Unique Constraint</indexState>
<isSurrogateKey>false</isSurrogateKey>
<indexColumnUsage>
<colUsage columnID="94255FED-DFB1-C9AF-060A-895D4164A64E"/>
</indexColumnUsage>
</ind_PK_UK>
<ind_PK_UK id="14B0E9E8-B6AE-80FC-02D9-E99E4081B73E" name="APODERADO_PERSONA_FK">
<createdBy>rodri</createdBy>
<createdTime>2025-09-01 22:11:13 UTC</createdTime>
<generatorID>A43AFDAB-9330-110F-9850-41D96A738DED</generatorID>
<ownerDesignName>Trabajo_Sem3</ownerDesignName>
<indexState>Foreign Key</indexState>
<isSurrogateKey>false</isSurrogateKey>
<indexColumnUsage>
<colUsage columnID="7EDC8661-92C8-5EF0-4468-F2237C4157F5"/>
</indexColumnUsage>
</ind_PK_UK>
</indexes>
</Table>