<?xml version = '1.0' encoding = 'UTF-8'?>
<Table class="oracle.dbtools.crest.model.design.relational.Table" directorySegmentName="seg_0" id="58F7B312-69F6-5A4E-D076-2F26A3DE7AF2" name="ANEXO">
<createdBy>rodri</createdBy>
<createdTime>2025-09-01 22:11:13 UTC</createdTime>
<generatorID>18E2DA2E-6E18-6E3F-FAA2-85E3BE44CC32</generatorID>
<ownerDesignName>Trabajo_Sem3</ownerDesignName>
<allowColumnReorder>false</allowColumnReorder>
<existDependencyGenerateInDDl>true</existDependencyGenerateInDDl>
<parsed>true</parsed>
<columns itemClass="oracle.dbtools.crest.model.design.relational.Column">
<Column name="IdAnexo" id="4EB0F08F-07ED-8F6F-1DE1-68EED0715C5A">
<createdBy>rodri</createdBy>
<createdTime>2025-09-01 22:11:13 UTC</createdTime>
<generatorID>19B17FF0-1B44-19D6-6FBF-F3B8693606F4</generatorID>
<ownerDesignName>Trabajo_Sem3</ownerDesignName>
<useDomainConstraints>false</useDomainConstraints>
<use>1</use>
<logicalDatatype>LOGDT019</logicalDatatype>
<ownDataTypeParameters>,,</ownDataTypeParameters>
<autoIncrementCycle>false</autoIncrementCycle>
</Column>
<Column name="FechaInicioEstadia" id="109DBBCF-0F97-1A59-7ACC-EE4C6F512304">
<createdBy>rodri</createdBy>
<createdTime>2025-09-01 22:11:13 UTC</createdTime>
<generatorID>FBC71CE8-FD57-A8AB-70B4-2A7DBD840E6F</generatorID>
<ownerDesignName>Trabajo_Sem3</ownerDesignName>
<useDomainConstraints>false</useDomainConstraints>
<use>1</use>
<logicalDatatype>LOGDT007</logicalDatatype>
<ownDataTypeParameters>,,</ownDataTypeParameters>
<autoIncrementCycle>false</autoIncrementCycle>
</Column>
<Column name="fechaTerminoEstadia" id="D6276B65-BA5C-923A-3881-2CAEAFBA4FA1">
<createdBy>rodri</createdBy>
<createdTime>2025-09-01 22:11:13 UTC</createdTime>
<generatorID>A186EFB8-B476-736C-D447-35FD2DF607A4</generatorID>
<ownerDesignName>Trabajo_Sem3</ownerDesignName>
<useDomainConstraints>false</useDomainConstraints>
<use>1</use>
<logicalDatatype>LOGDT007</logicalDatatype>
<ownDataTypeParameters>,,</ownDataTypeParameters>
<autoIncrementCycle>false</autoIncrementCycle>
</Column>
<Column name="Observaciones" id="6ED4586A-038B-FC2D-557E-CCCF69A3F4D9">
<createdBy>rodri</createdBy>
<createdTime>2025-09-01 22:11:13 UTC</createdTime>
<generatorID>B5E9ED25-9D11-8BD1-A85A-7235D337C891</generatorID>
<ownerDesignName>Trabajo_Sem3</ownerDesignName>
<useDomainConstraints>false</useDomainConstraints>
<use>1</use>
<logicalDatatype>LOGDT024</logicalDatatype>
<dataTypeSize>200 CHAR</dataTypeSize>
<ownDataTypeParameters>200 CHAR,,</ownDataTypeParameters>
<autoIncrementCycle>false</autoIncrementCycle>
</Column>
<Column name="CONTRATO_IdContrato" id="669CF92F-C01E-EFC9-412A-773C0FEE447F">
<createdBy>rodri</createdBy>
<createdTime>2025-09-01 22:11:13 UTC</createdTime>
<generatorID>896E2C52-0B99-901B-2364-0D842AD49E60</generatorID>
<ownerDesignName>Trabajo_Sem3</ownerDesignName>
<useDomainConstraints>false</useDomainConstraints>
<use>1</use>
<logicalDatatype>LOGDT024</logicalDatatype>
<dataTypeSize>15 CHAR</dataTypeSize>
<ownDataTypeParameters>,,</ownDataTypeParameters>
<previousColumn>false</previousColumn>
<autoIncrementCycle>false</autoIncrementCycle>
<associations>
<colAssociation fkAssociation="75FFE457-7C1C-2A27-7C1F-10D334EAF96F" referredColumn="636AC958-C002-9DEC-3744-A52B93E57051"/>
</associations>
</Column>
<Column name="IdResidente" id="BC1DC244-FFD8-4BAD-C78D-C510C9B76F6A">
<createdBy>rodri</createdBy>
<createdTime>2025-09-01 22:11:13 UTC</createdTime>
<generatorID>2834EDF5-CD29-590E-A028-4A37B9C5ABD9</generatorID>
<ownerDesignName>Trabajo_Sem3</ownerDesignName>
<useDomainConstraints>false</useDomainConstraints>
<use>1</use>
<structuredType>47E390DE-0671-C4B1-8428-0F45CBEE18F8</structuredType>
<logicalDatatype>LOGDT019</logicalDatatype>
<ownDataTypeParameters>,,</ownDataTypeParameters>
<previousColumn>false</previousColumn>
<autoIncrementCycle>false</autoIncrementCycle>
</Column>
<Column name="RESIDENTE_Rut" id="F6607583-4C1C-709D-E09F-C33499BC1F65">
<createdBy>rodri</createdBy>
<createdTime>2025-09-01 22:55:42 UTC</createdTime>
<ownerDesignName>Trabajo_Sem3</ownerDesignName>
<useDomainConstraints>false</useDomainConstraints>
<use>1</use>
<logicalDatatype>LOGDT024</logicalDatatype>
<dataTypeSize>12 CHAR</dataTypeSize>
<ownDataTypeParameters>,,</ownDataTypeParameters>
<previousColumn>false</previousColumn>
<autoIncrementCycle>false</autoIncrementCycle>
<associations>
<colAssociation fkAssociation="8BE5EDB5-9AFD-1B42-46F0-BA142110C9EC" referredColumn="587BA00D-B0F6-1B28-EBAB-135C305D581A"/>
</associations>
</Column>
</columns>
<indexes itemClass="oracle.dbtools.crest.model.design.relational.Index">
<ind_PK_UK id="3B1FBB0C-1076-6154-68EF-73E6AB138305" name="ANEXO_PK">
<createdBy>rodri</createdBy>
<createdTime>2025-09-01 22:11:13 UTC</createdTime>
<generatorID>14ADAE55-6C6D-A6E6-DC35-66D7259D57F4</generatorID>
<ownerDesignName>Trabajo_Sem3</ownerDesignName>
<pk>true</pk>
<indexState>Primary Constraint</indexState>
<isSurrogateKey>false</isSurrogateKey>
<indexColumnUsage>
<colUsage columnID="4EB0F08F-07ED-8F6F-1DE1-68EED0715C5A"/>
</indexColumnUsage>
</ind_PK_UK>
<ind_PK_UK id="F4649604-B6EE-3125-FBBD-A8622B04664C" name="ANEXO_CONTRATO_FK">
<createdBy>rodri</createdBy>
<createdTime>2025-09-01 22:11:13 UTC</createdTime>
<generatorID>87CFF995-A347-3DF9-1B94-2832AB3BF24F</generatorID>
<ownerDesignName>Trabajo_Sem3</ownerDesignName>
<indexState>Foreign Key</indexState>
<isSurrogateKey>false</isSurrogateKey>
<indexColumnUsage>
<colUsage columnID="669CF92F-C01E-EFC9-412A-773C0FEE447F"/>
</indexColumnUsage>
</ind_PK_UK>
<ind_PK_UK id="C3715718-1095-1781-CD0B-55FBCF54642B" name="ANEXO_Permanente_FK">
<createdBy>rodri</createdBy>
<createdTime>2025-09-01 22:11:13 UTC</createdTime>
<generatorID>3702B6EB-6171-B584-A584-73802CBF31DB</generatorID>
<ownerDesignName>Trabajo_Sem3</ownerDesignName>
<indexState>Foreign Key</indexState>
<isSurrogateKey>false</isSurrogateKey>
<indexColumnUsage>
<colUsage columnID="F6607583-4C1C-709D-E09F-C33499BC1F65"/>
</indexColumnUsage>
</ind_PK_UK>
</indexes>
</Table>