<?xml version = '1.0' encoding = 'UTF-8'?>
<Table class="oracle.dbtools.crest.model.design.relational.Table" directorySegmentName="seg_0" id="5E649D9A-B2A6-CE94-DA76-A9DB5088E74F" name="PERSONAL">
<createdBy>rodri</createdBy>
<createdTime>2025-09-01 22:11:13 UTC</createdTime>
<generatorID>4B7FBBD2-2442-E853-5010-D67F9729AE30</generatorID>
<ownerDesignName>Trabajo_Sem3</ownerDesignName>
<allowColumnReorder>false</allowColumnReorder>
<existDependencyGenerateInDDl>true</existDependencyGenerateInDDl>
<parsed>true</parsed>
<columns itemClass="oracle.dbtools.crest.model.design.relational.Column">
<Column name="Rut" id="4C836D45-7CE6-BCC6-EE8B-9DD8E1ADB952">
<createdBy>rodri</createdBy>
<createdTime>2025-09-01 22:11:13 UTC</createdTime>
<generatorID>B9B996B2-9D94-F424-413A-3EF8F9CE55ED</generatorID>
<ownerDesignName>Trabajo_Sem3</ownerDesignName>
<useDomainConstraints>false</useDomainConstraints>
<use>1</use>
<logicalDatatype>LOGDT024</logicalDatatype>
<dataTypeSize>12 CHAR</dataTypeSize>
<ownDataTypeParameters>,,</ownDataTypeParameters>
<autoIncrementCycle>false</autoIncrementCycle>
<associations>
<colAssociation fkAssociation="EABFE014-DA68-5BE4-7BF5-483155FBF4DF" referredColumn="578B3ACD-FAA6-82B8-E57A-3625B1F7EB60"/>
</associations>
</Column>
<Column name="FechaIngreso" id="E5921833-10AE-B559-0443-E95804695C80">
<createdBy>rodri</createdBy>
<createdTime>2025-09-01 22:11:13 UTC</createdTime>
<generatorID>5EFAF604-F693-10B1-5D2E-9A30D6EC8265</generatorID>
<ownerDesignName>Trabajo_Sem3</ownerDesignName>
<useDomainConstraints>false</useDomainConstraints>
<use>1</use>
<logicalDatatype>LOGDT007</logicalDatatype>
<ownDataTypeParameters>,,</ownDataTypeParameters>
<autoIncrementCycle>false</autoIncrementCycle>
</Column>
<Column name="TipoPersonal" id="5264E88D-F6BD-C718-B198-D135DB835F84">
<createdBy>rodri</createdBy>
<createdTime>2025-09-01 22:11:13 UTC</createdTime>
<generatorID>A128D509-2014-6EE8-AFE2-F77BA59FEA53</generatorID>
<ownerDesignName>Trabajo_Sem3</ownerDesignName>
<nullsAllowed>true</nullsAllowed>
<useDomainConstraints>false</useDomainConstraints>
<use>1</use>
<logicalDatatype>LOGDT024</logicalDatatype>
<dataTypeSize>10</dataTypeSize>
<ownDataTypeParameters>10,,</ownDataTypeParameters>
<autoIncrementCycle>false</autoIncrementCycle>
</Column>
<Column name="RESIDENCIA_IdResidencia" id="21AFE92F-BFBD-F1EC-C738-1287C40041F4">
<createdBy>rodri</createdBy>
<createdTime>2025-09-01 22:11:13 UTC</createdTime>
<generatorID>945F5929-8EC2-2DFB-E6F0-67860D2A2FF2</generatorID>
<ownerDesignName>Trabajo_Sem3</ownerDesignName>
<useDomainConstraints>false</useDomainConstraints>
<use>1</use>
<logicalDatatype>LOGDT024</logicalDatatype>
<dataTypeSize>10 CHAR</dataTypeSize>
<ownDataTypeParameters>,,</ownDataTypeParameters>
<previousColumn>false</previousColumn>
<autoIncrementCycle>false</autoIncrementCycle>
<associations>
<colAssociation fkAssociation="34A62F16-B07A-6868-C9F6-34A769C8FEDC" referredColumn="B2308FA8-CB89-DB72-61ED-38665CA8A974"/>
</associations>
</Column>
</columns>
<indexes itemClass="oracle.dbtools.crest.model.design.relational.Index">
<ind_PK_UK id="52B818CE-78F7-DBB8-C590-865EB349F7CD" name="PERSONAL_PK">
<createdBy>rodri</createdBy>
<createdTime>2025-09-01 22:11:13 UTC</createdTime>
<generatorID>E375882D-F738-3038-2A9A-A0CD5BB7DED5</generatorID>
<ownerDesignName>Trabajo_Sem3</ownerDesignName>
<pk>true</pk>
<indexState>Primary Constraint</indexState>
<isSurrogateKey>false</isSurrogateKey>
<indexColumnUsage>
<colUsage columnID="4C836D45-7CE6-BCC6-EE8B-9DD8E1ADB952"/>
</indexColumnUsage>
</ind_PK_UK>
<ind_PK_UK id="DF27A25A-3900-AE17-AED1-926B53ED2886" name="PERSONAL_PKv1">
<createdBy>rodri</createdBy>
<createdTime>2025-09-01 22:11:13 UTC</createdTime>
<generatorID>1BF7F843-B452-4086-43E9-7F4A43291DF4</generatorID>
<ownerDesignName>Trabajo_Sem3</ownerDesignName>
<indexState>Unique Constraint</indexState>
<isSurrogateKey>false</isSurrogateKey>
<indexColumnUsage>
<colUsage columnID="E5921833-10AE-B559-0443-E95804695C80"/>
</indexColumnUsage>
</ind_PK_UK>
<ind_PK_UK id="89242BB7-D942-75E1-D831-738148760441" name="PERSONAL_PERSONA_FK">
<createdBy>rodri</createdBy>
<createdTime>2025-09-01 22:11:13 UTC</createdTime>
<generatorID>EBCFAD28-782D-DC6C-10A1-0C52D6F444C5</generatorID>
<ownerDesignName>Trabajo_Sem3</ownerDesignName>
<indexState>Foreign Key</indexState>
<isSurrogateKey>false</isSurrogateKey>
<indexColumnUsage>
<colUsage columnID="4C836D45-7CE6-BCC6-EE8B-9DD8E1ADB952"/>
</indexColumnUsage>
</ind_PK_UK>
<ind_PK_UK id="D0928885-ADE6-8C0C-1F97-E7E5FB2FA23C" name="PERSONAL_RESIDENCIA_FK">
<createdBy>rodri</createdBy>
<createdTime>2025-09-01 22:11:13 UTC</createdTime>
<generatorID>CB8B72D8-42CC-8D13-3D14-1EA996A2B888</generatorID>
<ownerDesignName>Trabajo_Sem3</ownerDesignName>
<indexState>Foreign Key</indexState>
<isSurrogateKey>false</isSurrogateKey>
<indexColumnUsage>
<colUsage columnID="21AFE92F-BFBD-F1EC-C738-1287C40041F4"/>
</indexColumnUsage>
</ind_PK_UK>
</indexes>
</Table>