<?xml version = '1.0' encoding = 'UTF-8'?>
<Table class="oracle.dbtools.crest.model.design.relational.Table" directorySegmentName="seg_0" id="657F4FDB-B8B3-69B9-20CC-C2E344F09532" name="MEDICO">
<createdBy>rodri</createdBy>
<createdTime>2025-09-01 22:11:13 UTC</createdTime>
<generatorID>381D5C63-40B8-F4C6-E306-1B7161674249</generatorID>
<ownerDesignName>Trabajo_Sem3</ownerDesignName>
<allowColumnReorder>false</allowColumnReorder>
<existDependencyGenerateInDDl>true</existDependencyGenerateInDDl>
<parsed>true</parsed>
<columns itemClass="oracle.dbtools.crest.model.design.relational.Column">
<Column name="Rut" id="42B527FF-9A75-3313-2C27-176B7D0F0EFB">
<createdBy>rodri</createdBy>
<createdTime>2025-09-01 22:11:13 UTC</createdTime>
<generatorID>B9B996B2-9D94-F424-413A-3EF8F9CE55ED</generatorID>
<ownerDesignName>Trabajo_Sem3</ownerDesignName>
<useDomainConstraints>false</useDomainConstraints>
<use>1</use>
<logicalDatatype>LOGDT024</logicalDatatype>
<dataTypeSize>12 CHAR</dataTypeSize>
<ownDataTypeParameters>,,</ownDataTypeParameters>
<autoIncrementCycle>false</autoIncrementCycle>
<associations>
<colAssociation fkAssociation="4B4B73E7-027D-2851-4E35-ED0AA3C353D1" referredColumn="4C836D45-7CE6-BCC6-EE8B-9DD8E1ADB952"/>
</associations>
</Column>
<Column name="Especialidad" id="D4AF6A9E-E0B3-3556-0C6F-9BC1022C0DA9">
<createdBy>rodri</createdBy>
<createdTime>2025-09-01 22:11:13 UTC</createdTime>
<generatorID>C61973DF-3099-6EAD-CF8E-382FE44886DA</generatorID>
<ownerDesignName>Trabajo_Sem3</ownerDesignName>
<useDomainConstraints>false</useDomainConstraints>
<use>1</use>
<logicalDatatype>LOGDT024</logicalDatatype>
<dataTypeSize>20 CHAR</dataTypeSize>
<ownDataTypeParameters>20 CHAR,,</ownDataTypeParameters>
<autoIncrementCycle>false</autoIncrementCycle>
</Column>
<Column name="FechaIngreso" id="AEDF40E4-466E-C387-8D38-1D107F4F1AB2">
<createdBy>rodri</createdBy>
<createdTime>2025-09-01 22:11:13 UTC</createdTime>
<generatorID>DEA602D8-00CF-73FA-2FBC-9257C2E49A85</generatorID>
<ownerDesignName>Trabajo_Sem3</ownerDesignName>
<nullsAllowed>true</nullsAllowed>
<useDomainConstraints>false</useDomainConstraints>
<use>1</use>
<logicalDatatype>LOGDT007</logicalDatatype>
<ownDataTypeParameters>,,</ownDataTypeParameters>
<previousColumn>false</previousColumn>
<autoIncrementCycle>false</autoIncrementCycle>
</Column>
<Column name="MEDICO_Rut" id="5C4D15D0-7A6C-960C-950E-DC9339D24116">
<createdBy>rodri</createdBy>
<createdTime>2025-09-01 22:35:20 UTC</createdTime>
<ownerDesignName>Trabajo_Sem3</ownerDesignName>
<useDomainConstraints>false</useDomainConstraints>
<use>1</use>
<logicalDatatype>LOGDT024</logicalDatatype>
<dataTypeSize>12 CHAR</dataTypeSize>
<ownDataTypeParameters>,,</ownDataTypeParameters>
<previousColumn>false</previousColumn>
<autoIncrementCycle>false</autoIncrementCycle>
<associations>
<colAssociation fkAssociation="95BA2636-2D18-45A8-E6E1-F2DEE35B12AE" referredColumn="42B527FF-9A75-3313-2C27-176B7D0F0EFB"/>
</associations>
</Column>
</columns>
<indexes itemClass="oracle.dbtools.crest.model.design.relational.Index">
<ind_PK_UK id="C4CB4097-91BC-B438-787B-0128FC5510A9" name="MEDICO_PK">
<createdBy>rodri</createdBy>
<createdTime>2025-09-01 22:11:13 UTC</createdTime>
<generatorID>E375882D-F738-3038-2A9A-A0CD5BB7DED5</generatorID>
<ownerDesignName>Trabajo_Sem3</ownerDesignName>
<pk>true</pk>
<indexState>Primary Constraint</indexState>
<isSurrogateKey>false</isSurrogateKey>
<indexColumnUsage>
<colUsage columnID="42B527FF-9A75-3313-2C27-176B7D0F0EFB"/>
</indexColumnUsage>
</ind_PK_UK>
<ind_PK_UK id="C7C804C7-2DBA-29A7-026F-44AE0588F3D5" name="MEDICO_PERSONAL_FK">
<createdBy>rodri</createdBy>
<createdTime>2025-09-01 22:11:13 UTC</createdTime>
<generatorID>A163F96D-3BFB-9351-EF2E-647820A9C628</generatorID>
<ownerDesignName>Trabajo_Sem3</ownerDesignName>
<indexState>Foreign Key</indexState>
<isSurrogateKey>false</isSurrogateKey>
<indexColumnUsage>
<colUsage columnID="42B527FF-9A75-3313-2C27-176B7D0F0EFB"/>
</indexColumnUsage>
</ind_PK_UK>
<ind_PK_UK id="088ED6A9-F915-FDAF-5888-C8CC0BB0A225" name="MEDICO_MEDICO_FK">
<createdBy>rodri</createdBy>
<createdTime>2025-09-01 22:11:13 UTC</createdTime>
<generatorID>614B8AC7-D041-D126-4272-BD4F10B73E44</generatorID>
<ownerDesignName>Trabajo_Sem3</ownerDesignName>
<indexState>Foreign Key</indexState>
<isSurrogateKey>false</isSurrogateKey>
<indexColumnUsage>
<colUsage columnID="5C4D15D0-7A6C-960C-950E-DC9339D24116"/>
</indexColumnUsage>
</ind_PK_UK>
</indexes>
</Table>