<?xml version = '1.0' encoding = 'UTF-8'?>
<Table class="oracle.dbtools.crest.model.design.relational.Table" directorySegmentName="seg_0" id="6A64F382-31E8-53F1-DF63-8F7956D9F421" name="CONTRATO">
<createdBy>rodri</createdBy>
<createdTime>2025-09-01 22:11:13 UTC</createdTime>
<generatorID>445EBCFD-DBF4-A067-022F-C4D0E8DF9B3A</generatorID>
<ownerDesignName>Trabajo_Sem3</ownerDesignName>
<allowColumnReorder>false</allowColumnReorder>
<existDependencyGenerateInDDl>true</existDependencyGenerateInDDl>
<parsed>true</parsed>
<columns itemClass="oracle.dbtools.crest.model.design.relational.Column">
<Column name="IdContrato" id="636AC958-C002-9DEC-3744-A52B93E57051">
<createdBy>rodri</createdBy>
<createdTime>2025-09-01 22:11:13 UTC</createdTime>
<generatorID>9D90296F-9F05-BF1E-6BF5-D185F7B4D8A9</generatorID>
<ownerDesignName>Trabajo_Sem3</ownerDesignName>
<useDomainConstraints>false</useDomainConstraints>
<use>1</use>
<logicalDatatype>LOGDT024</logicalDatatype>
<dataTypeSize>15 CHAR</dataTypeSize>
<ownDataTypeParameters>15 CHAR,,</ownDataTypeParameters>
<autoIncrementCycle>false</autoIncrementCycle>
</Column>
<Column name="FechaInicio" id="BE1A597F-28BC-A29D-C6D6-5E4DB740BD07">
<createdBy>rodri</createdBy>
<createdTime>2025-09-01 22:11:13 UTC</createdTime>
<generatorID>0961C1A7-816B-11D3-D7AF-7084D810BF80</generatorID>
<ownerDesignName>Trabajo_Sem3</ownerDesignName>
<nullsAllowed>true</nullsAllowed>
<useDomainConstraints>false</useDomainConstraints>
<use>1</use>
<logicalDatatype>LOGDT007</logicalDatatype>
<ownDataTypeParameters>,,</ownDataTypeParameters>
<autoIncrementCycle>false</autoIncrementCycle>
</Column>
<Column name="FechaTermino" id="690CCFB2-8C91-021E-D5D9-282FEF5FA680">
<createdBy>rodri</createdBy>
<createdTime>2025-09-01 22:11:13 UTC</createdTime>
<generatorID>8F76B7DA-F54A-DF00-9A03-909E9C655086</generatorID>
<ownerDesignName>Trabajo_Sem3</ownerDesignName>
<nullsAllowed>true</nullsAllowed>
<useDomainConstraints>false</useDomainConstraints>
<use>1</use>
<logicalDatatype>LOGDT007</logicalDatatype>
<ownDataTypeParameters>,,</ownDataTypeParameters>
<autoIncrementCycle>false</autoIncrementCycle>
</Column>
<Column name="TipoFinanciamiento" id="7C16F07B-724E-1C0C-31B0-6A369EC97C26">
<createdBy>rodri</createdBy>
<createdTime>2025-09-01 22:11:13 UTC</createdTime>
<generatorID>E5E54F6C-445A-1871-39BB-DDA0ADAA3A1D</generatorID>
<ownerDesignName>Trabajo_Sem3</ownerDesignName>
<useDomainConstraints>false</useDomainConstraints>
<use>1</use>
<logicalDatatype>LOGDT024</logicalDatatype>
<dataTypeSize>20 CHAR</dataTypeSize>
<ownDataTypeParameters>20 CHAR,,</ownDataTypeParameters>
<autoIncrementCycle>false</autoIncrementCycle>
</Column>
<Column name="APODERADO_IdApoderado" id="3B5618E3-C422-A17E-6BB7-AB63854256EB">
<createdBy>rodri</createdBy>
<createdTime>2025-09-01 22:11:13 UTC</createdTime>
<generatorID>6F056349-B95A-AE81-D2D4-CA57CBD1CCF4</generatorID>
<ownerDesignName>Trabajo_Sem3</ownerDesignName>
<useDomainConstraints>false</useDomainConstraints>
<use>1</use>
<logicalDatatype>LOGDT019</logicalDatatype>
<ownDataTypeParameters>,,</ownDataTypeParameters>
<previousColumn>false</previousColumn>
<autoIncrementCycle>false</autoIncrementCycle>
<associations>
<colAssociation fkAssociation="83EAA152-D3E6-623F-3DEC-32E0235EAC22" referredColumn="94255FED-DFB1-C9AF-060A-895D4164A64E"/>
</associations>
</Column>
</columns>
<indexes itemClass="oracle.dbtools.crest.model.design.relational.Index">
<ind_PK_UK id="13D12DCF-75ED-399A-88AF-035F4792CD11" name="CONTRATO_PK">
<createdBy>rodri</createdBy>
<createdTime>2025-09-01 22:11:13 UTC</createdTime>
<generatorID>8F798A36-04BE-8EB7-25E2-9414F81415C0</generatorID>
<ownerDesignName>Trabajo_Sem3</ownerDesignName>
<pk>true</pk>
<indexState>Primary Constraint</indexState>
<isSurrogateKey>false</isSurrogateKey>
<indexColumnUsage>
<colUsage columnID="636AC958-C002-9DEC-3744-A52B93E57051"/>
</indexColumnUsage>
</ind_PK_UK>
<ind_PK_UK id="0C56BF09-A0DC-607A-4B1D-41FDCA2EB403" name="CONTRATO_APODERADO_FK">
<createdBy>rodri</createdBy>
<createdTime>2025-09-01 22:11:13 UTC</createdTime>
<generatorID>57E5D9CB-56AC-B159-65F3-C81B3A366B40</generatorID>
<ownerDesignName>Trabajo_Sem3</ownerDesignName>
<indexState>Foreign Key</indexState>
<isSurrogateKey>false</isSurrogateKey>
<indexColumnUsage>
<colUsage columnID="3B5618E3-C422-A17E-6BB7-AB63854256EB"/>
</indexColumnUsage>
</ind_PK_UK>
</indexes>
</Table>