<?xml version = '1.0' encoding = 'UTF-8'?>
<Table class="oracle.dbtools.crest.model.design.relational.Table" directorySegmentName="seg_0" id="A4721AE8-F758-FA48-FDBD-E6A100BA1561" name="Temporal">
<createdBy>rodri</createdBy>
<createdTime>2025-09-01 22:11:13 UTC</createdTime>
<generatorID>582D5F0B-C18B-ADB4-AB85-6877826A70EB</generatorID>
<ownerDesignName>Trabajo_Sem3</ownerDesignName>
<allowColumnReorder>false</allowColumnReorder>
<existDependencyGenerateInDDl>true</existDependencyGenerateInDDl>
<parsed>true</parsed>
<columns itemClass="oracle.dbtools.crest.model.design.relational.Column">
<Column name="Rut" id="F5AE285B-901A-0743-55B9-57DA60A86179">
<createdBy>rodri</createdBy>
<createdTime>2025-09-01 22:11:13 UTC</createdTime>
<generatorID>B9B996B2-9D94-F424-413A-3EF8F9CE55ED</generatorID>
<ownerDesignName>Trabajo_Sem3</ownerDesignName>
<useDomainConstraints>false</useDomainConstraints>
<use>1</use>
<logicalDatatype>LOGDT024</logicalDatatype>
<dataTypeSize>12 CHAR</dataTypeSize>
<ownDataTypeParameters>,,</ownDataTypeParameters>
<autoIncrementCycle>false</autoIncrementCycle>
<associations>
<colAssociation fkAssociation="02D36111-D1CD-89D1-0675-53181140A1A2" referredColumn="587BA00D-B0F6-1B28-EBAB-135C305D581A"/>
</associations>
</Column>
<Column name="DiasEstadiaPrevisto" id="286EE55A-07E8-C35F-3B40-58EE8390DADF">
<createdBy>rodri</createdBy>
<createdTime>2025-09-01 22:11:13 UTC</createdTime>
<generatorID>74DD921B-BA6E-98E4-C58C-FC5BE47A9668</generatorID>
<ownerDesignName>Trabajo_Sem3</ownerDesignName>
<useDomainConstraints>false</useDomainConstraints>
<use>1</use>
<logicalDatatype>LOGDT019</logicalDatatype>
<ownDataTypeParameters>,,</ownDataTypeParameters>
<autoIncrementCycle>false</autoIncrementCycle>
</Column>
</columns>
<indexes itemClass="oracle.dbtools.crest.model.design.relational.Index">
<ind_PK_UK id="67D66FFB-66F3-EAF1-1649-E7587665FB50" name="Temporal_PK">
<createdBy>rodri</createdBy>
<createdTime>2025-09-01 22:11:13 UTC</createdTime>
<generatorID>E375882D-F738-3038-2A9A-A0CD5BB7DED5</generatorID>
<ownerDesignName>Trabajo_Sem3</ownerDesignName>
<pk>true</pk>
<indexState>Primary Constraint</indexState>
<isSurrogateKey>false</isSurrogateKey>
<indexColumnUsage>
<colUsage columnID="F5AE285B-901A-0743-55B9-57DA60A86179"/>
</indexColumnUsage>
</ind_PK_UK>
<ind_PK_UK id="650538B8-26F5-F006-D38D-7C8D9558B363" name="Temporal_RESIDENTE_FK">
<createdBy>rodri</createdBy>
<createdTime>2025-09-01 22:11:13 UTC</createdTime>
<generatorID>27D71CCF-4421-E79A-8489-87BFE15D31DC</generatorID>
<ownerDesignName>Trabajo_Sem3</ownerDesignName>
<indexState>Foreign Key</indexState>
<isSurrogateKey>false</isSurrogateKey>
<indexColumnUsage>
<colUsage columnID="F5AE285B-901A-0743-55B9-57DA60A86179"/>
</indexColumnUsage>
</ind_PK_UK>
</indexes>
</Table>