<?xml version = '1.0' encoding = 'UTF-8'?>
<Table class="oracle.dbtools.crest.model.design.relational.Table" directorySegmentName="seg_0" id="A96A7B6A-CA57-050A-7F47-760B54CA7FF0" name="RESIDENTE">
<createdBy>rodri</createdBy>
<createdTime>2025-09-01 22:11:13 UTC</createdTime>
<generatorID>0DE2CEBC-2F85-AC9E-69DB-7F2DA7E7FDAC</generatorID>
<ownerDesignName>Trabajo_Sem3</ownerDesignName>
<allowColumnReorder>false</allowColumnReorder>
<existDependencyGenerateInDDl>true</existDependencyGenerateInDDl>
<parsed>true</parsed>
<columns itemClass="oracle.dbtools.crest.model.design.relational.Column">
<Column name="Rut" id="587BA00D-B0F6-1B28-EBAB-135C305D581A">
<createdBy>rodri</createdBy>
<createdTime>2025-09-01 22:11:13 UTC</createdTime>
<generatorID>B9B996B2-9D94-F424-413A-3EF8F9CE55ED</generatorID>
<ownerDesignName>Trabajo_Sem3</ownerDesignName>
<useDomainConstraints>false</useDomainConstraints>
<use>1</use>
<logicalDatatype>LOGDT024</logicalDatatype>
<dataTypeSize>12 CHAR</dataTypeSize>
<ownDataTypeParameters>,,</ownDataTypeParameters>
<autoIncrementCycle>false</autoIncrementCycle>
<associations>
<colAssociation fkAssociation="42796549-F83F-9C68-A4D0-B541D2BCDFA6" referredColumn="578B3ACD-FAA6-82B8-E57A-3625B1F7EB60"/>
</associations>
</Column>
<Column name="IdResidente" id="021CC3DD-F2A0-9A03-A2E7-91891D0A3A4D">
<createdBy>rodri</createdBy>
<createdTime>2025-09-01 22:11:13 UTC</createdTime>
<generatorID>731FFCE4-884B-4728-732E-B5B41EDAA4DF</generatorID>
<ownerDesignName>Trabajo_Sem3</ownerDesignName>
<useDomainConstraints>false</useDomainConstraints>
<use>1</use>
<structuredType>47E390DE-0671-C4B1-8428-0F45CBEE18F8</structuredType>
<logicalDatatype>LOGDT019</logicalDatatype>
<ownDataTypeParameters>,,</ownDataTypeParameters>
<autoIncrementCycle>false</autoIncrementCycle>
</Column>
<Column name="tipoResidente" id="A95D1ED9-4882-A5F6-83B7-5AFB211E5432">
<createdBy>rodri</createdBy>
<createdTime>2025-09-01 22:11:13 UTC</createdTime>
<generatorID>6FCB28AD-75B6-A077-1F69-E4772D07F56E</generatorID>
<ownerDesignName>Trabajo_Sem3</ownerDesignName>
<useDomainConstraints>false</useDomainConstraints>
<use>1</use>
<logicalDatatype>LOGDT024</logicalDatatype>
<dataTypeSize>10 CHAR</dataTypeSize>
<ownDataTypeParameters>10 CHAR,,</ownDataTypeParameters>
<autoIncrementCycle>false</autoIncrementCycle>
</Column>
<Column name="HistorialClinico" id="94643F92-C335-6EF3-3DEE-22BF3C73C6BF">
<createdBy>rodri</createdBy>
<createdTime>2025-09-01 22:11:13 UTC</createdTime>
<generatorID>AD5C8E49-988B-71DC-4AD5-35EBC29A4273</generatorID>
<ownerDesignName>Trabajo_Sem3</ownerDesignName>
<useDomainConstraints>false</useDomainConstraints>
<use>1</use>
<logicalDatatype>LOGDT024</logicalDatatype>
<dataTypeSize>500 CHAR</dataTypeSize>
<ownDataTypeParameters>500 CHAR,,</ownDataTypeParameters>
<autoIncrementCycle>false</autoIncrementCycle>
</Column>
<Column name="DiasEstadiaPrevistos" id="6BDD0EE2-EFDE-2879-EE1B-BC5628DBDD74">
<createdBy>rodri</createdBy>
<createdTime>2025-09-01 22:11:13 UTC</createdTime>
<generatorID>1C947584-1DD7-F5D2-C279-C27338EC5A74</generatorID>
<ownerDesignName>Trabajo_Sem3</ownerDesignName>
<nullsAllowed>true</nullsAllowed>
<useDomainConstraints>false</useDomainConstraints>
<use>1</use>
<logicalDatatype>LOGDT019</logicalDatatype>
<ownDataTypeParameters>,,</ownDataTypeParameters>
<autoIncrementCycle>false</autoIncrementCycle>
</Column>
<Column name="IdResidente1" id="EC42E789-31D3-EDE9-323D-26E75C1CD12F">
<createdBy>rodri</createdBy>
<createdTime>2025-09-01 22:35:20 UTC</createdTime>
<generatorID>89D51CB4-981C-D239-50DD-2FFCC0DA5F6F</generatorID>
<ownerDesignName>Trabajo_Sem3</ownerDesignName>
<useDomainConstraints>false</useDomainConstraints>
<use>1</use>
<structuredType>47E390DE-0671-C4B1-8428-0F45CBEE18F8</structuredType>
<logicalDatatype>LOGDT019</logicalDatatype>
<ownDataTypeParameters>,,</ownDataTypeParameters>
<previousColumn>false</previousColumn>
<autoIncrementCycle>false</autoIncrementCycle>
</Column>
<Column name="HABITACION_HABITACION_ID" id="AD7D5055-9BB1-4EAB-5223-65FE84292968">
<createdBy>rodri</createdBy>
<createdTime>2025-09-01 22:39:57 UTC</createdTime>
<ownerDesignName>Trabajo_Sem3</ownerDesignName>
<nullsAllowed>true</nullsAllowed>
<useDomainConstraints>false</useDomainConstraints>
<use>1</use>
<logicalDatatype>LOGDT019</logicalDatatype>
<ownDataTypeParameters>,,</ownDataTypeParameters>
<previousColumn>false</previousColumn>
<autoIncrementCycle>false</autoIncrementCycle>
<associations>
<colAssociation fkAssociation="4091D5C2-AA3C-8788-2021-45D03B62A7F1" referredColumn="531C9182-E7A0-007D-5DEA-8B979E35C4A8"/>
</associations>
</Column>
</columns>
<indexes itemClass="oracle.dbtools.crest.model.design.relational.Index">
<ind_PK_UK id="12C960E5-026B-9DBA-C03D-26C817A619EC" name="RESIDENTE_PK">
<createdBy>rodri</createdBy>
<createdTime>2025-09-01 22:11:13 UTC</createdTime>
<generatorID>E375882D-F738-3038-2A9A-A0CD5BB7DED5</generatorID>
<ownerDesignName>Trabajo_Sem3</ownerDesignName>
<pk>true</pk>
<indexState>Primary Constraint</indexState>
<isSurrogateKey>false</isSurrogateKey>
<indexColumnUsage>
<colUsage columnID="587BA00D-B0F6-1B28-EBAB-135C305D581A"/>
</indexColumnUsage>
</ind_PK_UK>
<ind_PK_UK id="A40B8AFD-6C29-9F55-0223-E610E8275675" name="RESIDENTE_PKv1">
<createdBy>rodri</createdBy>
<createdTime>2025-09-01 22:11:13 UTC</createdTime>
<generatorID>B477FF65-E8F3-B411-2DE9-D8014A9407BE</generatorID>
<ownerDesignName>Trabajo_Sem3</ownerDesignName>
<indexState>Unique Constraint</indexState>
<isSurrogateKey>false</isSurrogateKey>
<indexColumnUsage>
<colUsage columnID="021CC3DD-F2A0-9A03-A2E7-91891D0A3A4D"/>
</indexColumnUsage>
</ind_PK_UK>
<ind_PK_UK id="1A3CC15A-E166-DB05-E5EA-5C59D33E23AD" name="RESIDENTE_PERSONA_FK">
<createdBy>rodri</createdBy>
<createdTime>2025-09-01 22:11:13 UTC</createdTime>
<generatorID>8CCBD739-56A6-326E-BF99-F25A19B84A70</generatorID>
<ownerDesignName>Trabajo_Sem3</ownerDesignName>
<indexState>Foreign Key</indexState>
<isSurrogateKey>false</isSurrogateKey>
<indexColumnUsage>
<colUsage columnID="587BA00D-B0F6-1B28-EBAB-135C305D581A"/>
</indexColumnUsage>
</ind_PK_UK>
<ind_PK_UK id="A68EC53C-37A7-AE7B-B0A4-89F73ED8B42D" name="RESIDENTE_HABITACION_FK">
<createdBy>rodri</createdBy>
<createdTime>2025-09-01 22:35:20 UTC</createdTime>
<generatorID>50DFAAF3-90AD-7312-4BF1-11245E4FED6E</generatorID>
<ownerDesignName>Trabajo_Sem3</ownerDesignName>
<indexState>Foreign Key</indexState>
<isSurrogateKey>false</isSurrogateKey>
<indexColumnUsage>
<colUsage columnID="AD7D5055-9BB1-4EAB-5223-65FE84292968"/>
</indexColumnUsage>
</ind_PK_UK>
</indexes>
</Table>