<?xml version = '1.0' encoding = 'UTF-8'?>
<Table class="oracle.dbtools.crest.model.design.relational.Table" directorySegmentName="seg_0" id="C5AA761D-D77A-27D8-D264-9A8E8D2E5FD8" name="CUIDADOR">
<createdBy>rodri</createdBy>
<createdTime>2025-09-01 22:11:13 UTC</createdTime>
<generatorID>F93AF155-9030-9854-580A-4DA7B486CFD1</generatorID>
<ownerDesignName>Trabajo_Sem3</ownerDesignName>
<allowColumnReorder>false</allowColumnReorder>
<existDependencyGenerateInDDl>true</existDependencyGenerateInDDl>
<parsed>true</parsed>
<columns itemClass="oracle.dbtools.crest.model.design.relational.Column">
<Column name="Rut" id="F162CFE0-C440-6E30-5F17-CE70234B4FF0">
<createdBy>rodri</createdBy>
<createdTime>2025-09-01 22:11:13 UTC</createdTime>
<generatorID>B9B996B2-9D94-F424-413A-3EF8F9CE55ED</generatorID>
<ownerDesignName>Trabajo_Sem3</ownerDesignName>
<useDomainConstraints>false</useDomainConstraints>
<use>1</use>
<logicalDatatype>LOGDT024</logicalDatatype>
<dataTypeSize>12 CHAR</dataTypeSize>
<ownDataTypeParameters>,,</ownDataTypeParameters>
<autoIncrementCycle>false</autoIncrementCycle>
<associations>
<colAssociation fkAssociation="CAA192B6-7E01-013E-C4EA-8B836293659B" referredColumn="4C836D45-7CE6-BCC6-EE8B-9DD8E1ADB952"/>
</associations>
</Column>
<Column name="FichaBasica" id="CAB5756A-11A0-727E-E0F8-422BD33A5B5F">
<createdBy>rodri</createdBy>
<createdTime>2025-09-01 22:11:13 UTC</createdTime>
<generatorID>FA77365B-651E-CF6A-754A-5943DEDB6F35</generatorID>
<ownerDesignName>Trabajo_Sem3</ownerDesignName>
<useDomainConstraints>false</useDomainConstraints>
<use>1</use>
<logicalDatatype>LOGDT019</logicalDatatype>
<ownDataTypeParameters>,,</ownDataTypeParameters>
<autoIncrementCycle>false</autoIncrementCycle>
</Column>
</columns>
<indexes itemClass="oracle.dbtools.crest.model.design.relational.Index">
<ind_PK_UK id="E909A16B-DD6F-B9BF-F7A8-CB26E7439593" name="CUIDADOR_PK">
<createdBy>rodri</createdBy>
<createdTime>2025-09-01 22:11:13 UTC</createdTime>
<generatorID>E375882D-F738-3038-2A9A-A0CD5BB7DED5</generatorID>
<ownerDesignName>Trabajo_Sem3</ownerDesignName>
<pk>true</pk>
<indexState>Primary Constraint</indexState>
<isSurrogateKey>false</isSurrogateKey>
<indexColumnUsage>
<colUsage columnID="F162CFE0-C440-6E30-5F17-CE70234B4FF0"/>
</indexColumnUsage>
</ind_PK_UK>
<ind_PK_UK id="D9E816BC-6F1A-9D5C-2240-A9D4397A0FAD" name="CUIDADOR_PERSONAL_FK">
<createdBy>rodri</createdBy>
<createdTime>2025-09-01 22:11:13 UTC</createdTime>
<generatorID>36542A4A-DA5E-7C06-ACC8-19FCCE9C8509</generatorID>
<ownerDesignName>Trabajo_Sem3</ownerDesignName>
<indexState>Foreign Key</indexState>
<isSurrogateKey>false</isSurrogateKey>
<indexColumnUsage>
<colUsage columnID="F162CFE0-C440-6E30-5F17-CE70234B4FF0"/>
</indexColumnUsage>
</ind_PK_UK>
</indexes>
</Table>