<?xml version = '1.0' encoding = 'UTF-8'?>
<Table class="oracle.dbtools.crest.model.design.relational.Table" directorySegmentName="seg_0" id="E8C4DF90-1354-E4FC-BDB1-0A287EB2686D" name="HABITACION">
<createdBy>rodri</createdBy>
<createdTime>2025-09-01 22:11:13 UTC</createdTime>
<generatorID>556B2F4C-95FE-7D19-3F61-9E78496278F2</generatorID>
<ownerDesignName>Trabajo_Sem3</ownerDesignName>
<allowColumnReorder>false</allowColumnReorder>
<existDependencyGenerateInDDl>true</existDependencyGenerateInDDl>
<parsed>true</parsed>
<columns itemClass="oracle.dbtools.crest.model.design.relational.Column">
<Column name="HABITACION_ID" id="531C9182-E7A0-007D-5DEA-8B979E35C4A8">
<createdBy>rodri</createdBy>
<createdTime>2025-09-01 22:39:57 UTC</createdTime>
<ownerDesignName>Trabajo_Sem3</ownerDesignName>
<useDomainConstraints>false</useDomainConstraints>
<use>1</use>
<logicalDatatype>LOGDT019</logicalDatatype>
<ownDataTypeParameters>,,</ownDataTypeParameters>
<autoIncrementColumn>true</autoIncrementColumn>
<identityColumn>true</identityColumn>
<autoIncrementCycle>false</autoIncrementCycle>
<isSurrogateColumn>true</isSurrogateColumn>
</Column>
<Column name="IdHabitacion" id="CE343D63-8BE5-8881-E636-87545DA20973">
<createdBy>rodri</createdBy>
<createdTime>2025-09-01 22:11:13 UTC</createdTime>
<generatorID>458F7B40-DA2D-FD60-F1B0-9133E8812314</generatorID>
<ownerDesignName>Trabajo_Sem3</ownerDesignName>
<useDomainConstraints>false</useDomainConstraints>
<use>1</use>
<logicalDatatype>LOGDT024</logicalDatatype>
<dataTypeSize>10 CHAR</dataTypeSize>
<ownDataTypeParameters>10 CHAR,,</ownDataTypeParameters>
<autoIncrementCycle>false</autoIncrementCycle>
</Column>
<Column name="Tipo" id="28E436F3-30D6-29FD-6ED3-BFDDCC1BBA61">
<createdBy>rodri</createdBy>
<createdTime>2025-09-01 22:11:13 UTC</createdTime>
<generatorID>04C7BE49-89ED-6D33-A877-CEF1550C114D</generatorID>
<ownerDesignName>Trabajo_Sem3</ownerDesignName>
<useDomainConstraints>false</useDomainConstraints>
<use>1</use>
<logicalDatatype>LOGDT024</logicalDatatype>
<dataTypeSize>20 CHAR</dataTypeSize>
<ownDataTypeParameters>20 CHAR,,</ownDataTypeParameters>
<autoIncrementCycle>false</autoIncrementCycle>
</Column>
<Column name="RESIDENCIA_IdResidencia" id="4E0166AF-D25E-0E44-B91E-48090F16ECFE">
<createdBy>rodri</createdBy>
<createdTime>2025-09-01 22:11:13 UTC</createdTime>
<generatorID>092752BB-C731-C758-B178-E0AECFC65C43</generatorID>
<ownerDesignName>Trabajo_Sem3</ownerDesignName>
<useDomainConstraints>false</useDomainConstraints>
<use>1</use>
<logicalDatatype>LOGDT024</logicalDatatype>
<dataTypeSize>10 CHAR</dataTypeSize>
<ownDataTypeParameters>,,</ownDataTypeParameters>
<previousColumn>false</previousColumn>
<autoIncrementCycle>false</autoIncrementCycle>
<associations>
<colAssociation fkAssociation="1BC98855-6027-A9D9-2D95-52A6851B852C" referredColumn="B2308FA8-CB89-DB72-61ED-38665CA8A974"/>
</associations>
</Column>
<Column name="IdResidente" id="2BBDCF9E-6685-589C-0A06-51E67F9766BC">
<createdBy>rodri</createdBy>
<createdTime>2025-09-01 22:35:20 UTC</createdTime>
<generatorID>0279C996-8805-287A-232E-5DE7199317C1</generatorID>
<ownerDesignName>Trabajo_Sem3</ownerDesignName>
<nullsAllowed>true</nullsAllowed>
<useDomainConstraints>false</useDomainConstraints>
<use>1</use>
<structuredType>47E390DE-0671-C4B1-8428-0F45CBEE18F8</structuredType>
<logicalDatatype>LOGDT019</logicalDatatype>
<ownDataTypeParameters>,,</ownDataTypeParameters>
<previousColumn>false</previousColumn>
<autoIncrementCycle>false</autoIncrementCycle>
</Column>
</columns>
<indexes itemClass="oracle.dbtools.crest.model.design.relational.Index">
<ind_PK_UK id="14C709A4-0065-422B-2B4B-C99D575488DB" name="HABITACION_PK">
<createdBy>rodri</createdBy>
<createdTime>2025-09-01 22:39:57 UTC</createdTime>
<ownerDesignName>Trabajo_Sem3</ownerDesignName>
<pk>true</pk>
<indexState>Primary Constraint</indexState>
<indexColumnUsage>
<colUsage columnID="531C9182-E7A0-007D-5DEA-8B979E35C4A8"/>
</indexColumnUsage>
</ind_PK_UK>
<ind_PK_UK id="5E2BD25C-74A8-060C-A3AF-059FD516D6E1" name="HABITACION_IdHabitacion_UN">
<createdBy>rodri</createdBy>
<createdTime>2025-09-01 22:11:13 UTC</createdTime>
<generatorID>C432A7C1-12BC-4B65-0D5E-88284A8342B2</generatorID>
<ownerDesignName>Trabajo_Sem3</ownerDesignName>
<indexState>Unique Constraint</indexState>
<isSurrogateKey>false</isSurrogateKey>
<indexColumnUsage>
<colUsage columnID="CE343D63-8BE5-8881-E636-87545DA20973"/>
</indexColumnUsage>
</ind_PK_UK>
<ind_PK_UK id="2752E2E7-01D7-785A-B12B-7029390D99C7" name="HABITACION_RESIDENCIA_FK">
<createdBy>rodri</createdBy>
<createdTime>2025-09-01 22:11:13 UTC</createdTime>
<generatorID>4E6779A3-5147-1D73-6805-FA61094ED3F9</generatorID>
<ownerDesignName>Trabajo_Sem3</ownerDesignName>
<indexState>Foreign Key</indexState>
<isSurrogateKey>false</isSurrogateKey>
<indexColumnUsage>
<colUsage columnID="4E0166AF-D25E-0E44-B91E-48090F16ECFE"/>
</indexColumnUsage>
</ind_PK_UK>
</indexes>
</Table>