<?xml version = '1.0' encoding = 'UTF-8'?>
<Table class="oracle.dbtools.crest.model.design.relational.Table" directorySegmentName="seg_0" id="F067B392-AB8F-BBE3-7890-E4C2DBA416BD" name="PERSONA">
<createdBy>rodri</createdBy>
<createdTime>2025-09-01 22:11:13 UTC</createdTime>
<generatorID>E95887A1-92AA-2A18-E4FC-E82BDCB010E5</generatorID>
<ownerDesignName>Trabajo_Sem3</ownerDesignName>
<allowColumnReorder>false</allowColumnReorder>
<existDependencyGenerateInDDl>true</existDependencyGenerateInDDl>
<parsed>true</parsed>
<columns itemClass="oracle.dbtools.crest.model.design.relational.Column">
<Column name="Rut" id="578B3ACD-FAA6-82B8-E57A-3625B1F7EB60">
<createdBy>rodri</createdBy>
<createdTime>2025-09-01 22:11:13 UTC</createdTime>
<generatorID>B9B996B2-9D94-F424-413A-3EF8F9CE55ED</generatorID>
<ownerDesignName>Trabajo_Sem3</ownerDesignName>
<useDomainConstraints>false</useDomainConstraints>
<use>1</use>
<logicalDatatype>LOGDT024</logicalDatatype>
<dataTypeSize>12 CHAR</dataTypeSize>
<ownDataTypeParameters>12 CHAR,,</ownDataTypeParameters>
<autoIncrementCycle>false</autoIncrementCycle>
</Column>
<Column name="Nombre" id="4408D303-27BC-E662-3CCB-8D32183F311D">
<createdBy>rodri</createdBy>
<createdTime>2025-09-01 22:11:13 UTC</createdTime>
<generatorID>BCD09D90-A1AA-8A86-4656-7D5DCADEA0B1</generatorID>
<ownerDesignName>Trabajo_Sem3</ownerDesignName>
<useDomainConstraints>false</useDomainConstraints>
<use>1</use>
<logicalDatatype>LOGDT024</logicalDatatype>
<dataTypeSize>100 CHAR</dataTypeSize>
<ownDataTypeParameters>100 CHAR,,</ownDataTypeParameters>
<autoIncrementCycle>false</autoIncrementCycle>
</Column>
<Column name="FechaNacimiento" id="6AC25D45-8059-85D8-A3CF-FB3FE030E3BC">
<createdBy>rodri</createdBy>
<createdTime>2025-09-01 22:11:13 UTC</createdTime>
<generatorID>CA3D4C51-E5B5-6C69-ECED-6BF2F270138E</generatorID>
<ownerDesignName>Trabajo_Sem3</ownerDesignName>
<useDomainConstraints>false</useDomainConstraints>
<use>1</use>
<logicalDatatype>LOGDT007</logicalDatatype>
<ownDataTypeParameters>,,</ownDataTypeParameters>
<autoIncrementCycle>false</autoIncrementCycle>
</Column>
</columns>
<indexes itemClass="oracle.dbtools.crest.model.design.relational.Index">
<ind_PK_UK id="06DE922A-5207-8851-5038-6B6D6EBF7662" name="PERSONA_PK">
<createdBy>rodri</createdBy>
<createdTime>2025-09-01 22:11:13 UTC</createdTime>
<generatorID>E375882D-F738-3038-2A9A-A0CD5BB7DED5</generatorID>
<ownerDesignName>Trabajo_Sem3</ownerDesignName>
<pk>true</pk>
<indexState>Primary Constraint</indexState>
<isSurrogateKey>false</isSurrogateKey>
<indexColumnUsage>
<colUsage columnID="578B3ACD-FAA6-82B8-E57A-3625B1F7EB60"/>
</indexColumnUsage>
</ind_PK_UK>
</indexes>
</Table>