<?xml version = '1.0' encoding = 'UTF-8'?>
<FKIndexAssociation class="oracle.dbtools.crest.model.design.relational.FKIndexAssociation" directorySegmentName="seg_0" id="0A4FCE73-629B-DFA4-A526-06F7CB71B591" containerWithKeyObject="40955AE1-F05D-F2C3-997C-D3624DE9FCAC" localFKIndex="BD46E1B9-52C8-F557-EE73-7A84189A9235" name="Postulante_EMPRESA_FK">
<createdBy>rodri</createdBy>
<createdTime>2025-09-08 17:41:21 UTC</createdTime>
<generatorID>B0C97390-77E5-E7EC-273C-9C0C4EFA1571</generatorID>
<ownerDesignName>traabajoS4</ownerDesignName>
<referredTableLongName>EMPRESA</referredTableLongName>
<deleteRule>NO ACTION</deleteRule>
<referredTableID>ACCF179B-413F-4CC1-F352-5C5C56EEAA22</referredTableID>
<keyObject>6A95B1D8-334E-4B1D-AFC3-CD968A5203DF</keyObject>
<referredKeyID>6A95B1D8-334E-4B1D-AFC3-CD968A5203DF</referredKeyID>
<mandatory>true</mandatory>
<refColNames>id_empresa</refColNames>
<transferable>true</transferable>
<rely>false</rely>
<columnDependencyConstraintGenerateInDDL>true</columnDependencyConstraintGenerateInDDL>
</FKIndexAssociation>