<?xml version = '1.0' encoding = 'UTF-8'?>
<FKIndexAssociation class="oracle.dbtools.crest.model.design.relational.FKIndexAssociation" directorySegmentName="seg_0" id="0ADFEFB9-D492-2328-BD29-2023123685EB" containerWithKeyObject="F8BEA929-EA6F-0EDE-54D1-094173B20363" localFKIndex="FCADCA53-09A2-4CAC-3D16-DD647247B279" name="Relation_1_Postulante_FK">
<createdBy>rodri</createdBy>
<createdTime>2025-09-08 17:41:21 UTC</createdTime>
<generatorID>AF76A56C-29A1-69E3-BE65-0B541088EE03</generatorID>
<ownerDesignName>traabajoS4</ownerDesignName>
<referredTableLongName>Postulante</referredTableLongName>
<deleteRule>NO ACTION</deleteRule>
<referredTableID>40955AE1-F05D-F2C3-997C-D3624DE9FCAC</referredTableID>
<keyObject>ABA79F49-6F1C-6BD0-19D4-08FB2D2E0DD9</keyObject>
<referredKeyID>ABA79F49-6F1C-6BD0-19D4-08FB2D2E0DD9</referredKeyID>
<mandatory>true</mandatory>
<refColNames>Folio_Postulante</refColNames>
<transferable>true</transferable>
<rely>false</rely>
<columnDependencyConstraintGenerateInDDL>true</columnDependencyConstraintGenerateInDDL>
</FKIndexAssociation>