<?xml version = '1.0' encoding = 'UTF-8'?>
<FKIndexAssociation class="oracle.dbtools.crest.model.design.relational.FKIndexAssociation" directorySegmentName="seg_0" id="0F0512A6-190E-8C7B-BA7D-D8CA6E20A81D" containerWithKeyObject="40955AE1-F05D-F2C3-997C-D3624DE9FCAC" localFKIndex="5BF0376F-D896-97BB-2186-DFB3BB379A93" name="Postulante_POSTULACION_FK">
<createdBy>rodri</createdBy>
<createdTime>2025-09-08 17:41:21 UTC</createdTime>
<generatorID>81FC71D2-7B8B-35FE-42C9-9960E7E96856</generatorID>
<ownerDesignName>traabajoS4</ownerDesignName>
<referredTableLongName>POSTULACION</referredTableLongName>
<deleteRule>NO ACTION</deleteRule>
<referredTableID>4C83B098-B79C-1DE1-9BFB-85B594A466AD</referredTableID>
<keyObject>537E05FD-D723-A51B-7606-A98713DCA1D6</keyObject>
<referredKeyID>537E05FD-D723-A51B-7606-A98713DCA1D6</referredKeyID>
<mandatory>true</mandatory>
<refColNames>id_postulacion</refColNames>
<transferable>true</transferable>
<rely>false</rely>
<columnDependencyConstraintGenerateInDDL>true</columnDependencyConstraintGenerateInDDL>
</FKIndexAssociation>