<?xml version = '1.0' encoding = 'UTF-8'?>
<FKIndexAssociation class="oracle.dbtools.crest.model.design.relational.FKIndexAssociation" directorySegmentName="seg_0" id="1961AAC4-8CF6-F456-0776-A1CF68F09F7B" containerWithKeyObject="4C83B098-B79C-1DE1-9BFB-85B594A466AD" localFKIndex="391E5887-8C1C-DE07-0310-41558561E7A1" name="POSTULACION_VISA_FK">
<createdBy>rodri</createdBy>
<createdTime>2025-09-08 17:41:21 UTC</createdTime>
<generatorID>3A97A1CB-AA76-97EB-B0EE-682443F05EE5</generatorID>
<ownerDesignName>traabajoS4</ownerDesignName>
<referredTableLongName>VISA</referredTableLongName>
<deleteRule>NO ACTION</deleteRule>
<referredTableID>FAB6D988-6741-27EE-9036-9634874C2BE5</referredTableID>
<keyObject>B0ACD1F1-6338-60AE-B9F3-29868F4BBB23</keyObject>
<referredKeyID>B0ACD1F1-6338-60AE-B9F3-29868F4BBB23</referredKeyID>
<mandatory>true</mandatory>
<refColNames>id_visa</refColNames>
<transferable>true</transferable>
<rely>false</rely>
<columnDependencyConstraintGenerateInDDL>true</columnDependencyConstraintGenerateInDDL>
</FKIndexAssociation>