<?xml version = '1.0' encoding = 'UTF-8'?>
<FKIndexAssociation class="oracle.dbtools.crest.model.design.relational.FKIndexAssociation" directorySegmentName="seg_0" id="1F4E94EC-2FAB-8423-AC14-751FC042EFB7" containerWithKeyObject="9E15EFB0-99EC-497C-B1ED-7EEF8C1D3BA8" localFKIndex="E6FEEF63-C991-0AE8-54E7-E0221D734DEF" name="UBICACION_EMPRESA_EMPRESA_FK">
<createdBy>rodri</createdBy>
<createdTime>2025-09-08 17:41:21 UTC</createdTime>
<generatorID>B4E9E94D-1A8E-A3E0-A2FC-6BA59814AE1F</generatorID>
<ownerDesignName>traabajoS4</ownerDesignName>
<referredTableLongName>EMPRESA</referredTableLongName>
<deleteRule>NO ACTION</deleteRule>
<referredTableID>ACCF179B-413F-4CC1-F352-5C5C56EEAA22</referredTableID>
<keyObject>6A95B1D8-334E-4B1D-AFC3-CD968A5203DF</keyObject>
<referredKeyID>6A95B1D8-334E-4B1D-AFC3-CD968A5203DF</referredKeyID>
<mandatory>true</mandatory>
<refColNames>id_empresa</refColNames>
<transferable>true</transferable>
<rely>false</rely>
<columnDependencyConstraintGenerateInDDL>true</columnDependencyConstraintGenerateInDDL>
</FKIndexAssociation>