<?xml version = '1.0' encoding = 'UTF-8'?>
<FKIndexAssociation class="oracle.dbtools.crest.model.design.relational.FKIndexAssociation" directorySegmentName="seg_0" id="62B4D25A-C2D0-1A83-C87D-A50BF926FC61" containerWithKeyObject="6C44FB3C-F272-67E3-A79D-4F919EBAC330" localFKIndex="FCA128AB-6F08-8B7F-B8D6-2EDFA975EF8C" name="IDIOMA_Postulante_FK">
<createdBy>rodri</createdBy>
<createdTime>2025-09-08 17:41:21 UTC</createdTime>
<generatorID>1F919661-B448-071E-32E2-7591415EF9CC</generatorID>
<ownerDesignName>traabajoS4</ownerDesignName>
<referredTableLongName>Postulante</referredTableLongName>
<deleteRule>NO ACTION</deleteRule>
<referredTableID>40955AE1-F05D-F2C3-997C-D3624DE9FCAC</referredTableID>
<keyObject>ABA79F49-6F1C-6BD0-19D4-08FB2D2E0DD9</keyObject>
<referredKeyID>ABA79F49-6F1C-6BD0-19D4-08FB2D2E0DD9</referredKeyID>
<mandatory>true</mandatory>
<refColNames>Folio_Postulante</refColNames>
<transferable>true</transferable>
<rely>false</rely>
<columnDependencyConstraintGenerateInDDL>true</columnDependencyConstraintGenerateInDDL>
</FKIndexAssociation>