<?xml version = '1.0' encoding = 'UTF-8'?>
<FKIndexAssociation class="oracle.dbtools.crest.model.design.relational.FKIndexAssociation" directorySegmentName="seg_0" id="8307C62B-CA2D-9D3B-6DB5-7852350FBADC" containerWithKeyObject="F8BEA929-EA6F-0EDE-54D1-094173B20363" localFKIndex="7C14659E-AAF3-3C07-E322-F0E11A88496A" name="Relation_1_TITULO_FK">
<createdBy>rodri</createdBy>
<createdTime>2025-09-08 17:41:21 UTC</createdTime>
<generatorID>AF76A56C-29A1-69E3-BE65-0B541088EE03</generatorID>
<ownerDesignName>traabajoS4</ownerDesignName>
<referredTableLongName>TITULO</referredTableLongName>
<deleteRule>NO ACTION</deleteRule>
<referredTableID>E7F8F792-1494-A7D7-1AA9-C43DE3C56602</referredTableID>
<keyObject>07B41ADA-6AE3-3353-FD4B-F900AF65C7B8</keyObject>
<referredKeyID>07B41ADA-6AE3-3353-FD4B-F900AF65C7B8</referredKeyID>
<mandatory>true</mandatory>
<refColNames>id_titulo</refColNames>
<transferable>true</transferable>
<rely>false</rely>
<columnDependencyConstraintGenerateInDDL>true</columnDependencyConstraintGenerateInDDL>
</FKIndexAssociation>