<?xml version = '1.0' encoding = 'UTF-8'?>
<FKIndexAssociation class="oracle.dbtools.crest.model.design.relational.FKIndexAssociation" directorySegmentName="seg_0" id="A88D4164-EE01-B3B5-675E-F5B94283CCF4" containerWithKeyObject="ACCF179B-413F-4CC1-F352-5C5C56EEAA22" localFKIndex="A1BD8120-24D1-065F-3048-DA62E25A2A31" name="EMPRESA_UBICACION_EMPRESA_FK">
<createdBy>rodri</createdBy>
<createdTime>2025-09-08 17:41:21 UTC</createdTime>
<generatorID>B4E9E94D-1A8E-A3E0-A2FC-6BA59814AE1F</generatorID>
<ownerDesignName>traabajoS4</ownerDesignName>
<referredTableLongName>UBICACION_EMPRESA</referredTableLongName>
<deleteRule>NO ACTION</deleteRule>
<referredTableID>9E15EFB0-99EC-497C-B1ED-7EEF8C1D3BA8</referredTableID>
<keyObject>D95B4DFE-7637-2706-FD11-08B042B2544F</keyObject>
<referredKeyID>D95B4DFE-7637-2706-FD11-08B042B2544F</referredKeyID>
<mandatory>true</mandatory>
<refColNames>id_ubicacion</refColNames>
<transferable>true</transferable>
<rely>false</rely>
<columnDependencyConstraintGenerateInDDL>true</columnDependencyConstraintGenerateInDDL>
</FKIndexAssociation>