<?xml version = '1.0' encoding = 'UTF-8'?>
<FKIndexAssociation class="oracle.dbtools.crest.model.design.relational.FKIndexAssociation" directorySegmentName="seg_0" id="F45A7002-058D-EEFF-5543-D9F45CCAE922" containerWithKeyObject="FAB6D988-6741-27EE-9036-9634874C2BE5" localFKIndex="7FC2A05B-03E6-CC96-9C01-E652F74B8F93" name="VISA_POSTULACION_FK">
<createdBy>rodri</createdBy>
<createdTime>2025-09-08 17:41:21 UTC</createdTime>
<generatorID>3A97A1CB-AA76-97EB-B0EE-682443F05EE5</generatorID>
<ownerDesignName>traabajoS4</ownerDesignName>
<referredTableLongName>POSTULACION</referredTableLongName>
<deleteRule>NO ACTION</deleteRule>
<referredTableID>4C83B098-B79C-1DE1-9BFB-85B594A466AD</referredTableID>
<keyObject>537E05FD-D723-A51B-7606-A98713DCA1D6</keyObject>
<referredKeyID>537E05FD-D723-A51B-7606-A98713DCA1D6</referredKeyID>
<mandatory>true</mandatory>
<refColNames>id_postulacion</refColNames>
<transferable>true</transferable>
<rely>false</rely>
<columnDependencyConstraintGenerateInDDL>true</columnDependencyConstraintGenerateInDDL>
</FKIndexAssociation>