<?xml version = '1.0' encoding = 'UTF-8'?>
<Table class="oracle.dbtools.crest.model.design.relational.Table" directorySegmentName="seg_0" id="0788B48A-3724-59C5-9CE6-497B5ED02B65" name="EMPLEADO">
<createdBy>rodri</createdBy>
<createdTime>2025-10-09 20:50:56 UTC</createdTime>
<generatorID>131E7675-B5A0-797E-B8F1-DE9C6C495580</generatorID>
<ownerDesignName>Evaluación Final Transversal</ownerDesignName>
<allowColumnReorder>false</allowColumnReorder>
<existDependencyGenerateInDDl>true</existDependencyGenerateInDDl>
<parsed>true</parsed>
<columns itemClass="oracle.dbtools.crest.model.design.relational.Column">
<Column name="ID_EMPLEADO" id="9E16F0C1-7917-6C93-7E13-DCF1BA19699F">
<createdBy>rodri</createdBy>
<createdTime>2025-10-09 20:50:56 UTC</createdTime>
<generatorID>4C0F42BB-AD9D-1E8B-E27E-8793456A2E72</generatorID>
<ownerDesignName>Evaluación Final Transversal</ownerDesignName>
<useDomainConstraints>false</useDomainConstraints>
<use>1</use>
<logicalDatatype>LOGDT019</logicalDatatype>
<dataTypePrecision>8</dataTypePrecision>
<ownDataTypeParameters>,8,</ownDataTypeParameters>
<autoIncrementCycle>false</autoIncrementCycle>
</Column>
<Column name="RUT" id="55646114-AB3D-0B7D-38DE-8B5071384FDB">
<createdBy>rodri</createdBy>
<createdTime>2025-10-09 20:50:56 UTC</createdTime>
<generatorID>4FF39882-14BF-C015-CA98-551E65AC216F</generatorID>
<ownerDesignName>Evaluación Final Transversal</ownerDesignName>
<useDomainConstraints>false</useDomainConstraints>
<use>1</use>
<logicalDatatype>LOGDT024</logicalDatatype>
<dataTypeSize>12</dataTypeSize>
<ownDataTypeParameters>12,,</ownDataTypeParameters>
<autoIncrementCycle>false</autoIncrementCycle>
</Column>
<Column name="NOMBRES" id="B17FBD5C-7AF7-F955-BF3D-D3A711274712">
<createdBy>rodri</createdBy>
<createdTime>2025-10-09 20:50:56 UTC</createdTime>
<generatorID>0FFF9FAC-5224-54ED-194A-6F35269BE42F</generatorID>
<ownerDesignName>Evaluación Final Transversal</ownerDesignName>
<useDomainConstraints>false</useDomainConstraints>
<use>1</use>
<logicalDatatype>LOGDT024</logicalDatatype>
<dataTypeSize>100</dataTypeSize>
<ownDataTypeParameters>100,,</ownDataTypeParameters>
<autoIncrementCycle>false</autoIncrementCycle>
</Column>
<Column name="APELLIDOS" id="AC66B674-C8C8-702D-2D81-90E980774C7D">
<createdBy>rodri</createdBy>
<createdTime>2025-10-09 20:50:56 UTC</createdTime>
<generatorID>6C88D11E-5C96-F0A9-28EF-159FDB1B2431</generatorID>
<ownerDesignName>Evaluación Final Transversal</ownerDesignName>
<useDomainConstraints>false</useDomainConstraints>
<use>1</use>
<logicalDatatype>LOGDT024</logicalDatatype>
<dataTypeSize>100</dataTypeSize>
<ownDataTypeParameters>100,,</ownDataTypeParameters>
<autoIncrementCycle>false</autoIncrementCycle>
</Column>
<Column name="FECHA_CONTRATACION" id="A403A289-692A-E399-46AE-CEDF49A9EC4F">
<createdBy>rodri</createdBy>
<createdTime>2025-10-09 20:50:56 UTC</createdTime>
<generatorID>9B99F6A2-FA51-8350-6FDC-6C4CCB196986</generatorID>
<ownerDesignName>Evaluación Final Transversal</ownerDesignName>
<useDomainConstraints>false</useDomainConstraints>
<use>1</use>
<logicalDatatype>LOGDT007</logicalDatatype>
<ownDataTypeParameters>,,</ownDataTypeParameters>
<autoIncrementCycle>false</autoIncrementCycle>
</Column>
<Column name="SUELDO_BASE" id="731C700B-238E-7D79-0CFD-2C4BA6873EC3">
<createdBy>rodri</createdBy>
<createdTime>2025-10-09 20:50:56 UTC</createdTime>
<generatorID>91220B8B-9B5F-0B20-0511-68743152CE0C</generatorID>
<ownerDesignName>Evaluación Final Transversal</ownerDesignName>
<useDomainConstraints>false</useDomainConstraints>
<use>1</use>
<logicalDatatype>LOGDT019</logicalDatatype>
<dataTypePrecision>10</dataTypePrecision>
<ownDataTypeParameters>,10,</ownDataTypeParameters>
<autoIncrementCycle>false</autoIncrementCycle>
</Column>
<Column name="ESTADO_ACTIVO" id="110827BC-02ED-8820-5CEA-611B4F480218">
<createdBy>rodri</createdBy>
<createdTime>2025-10-09 20:50:56 UTC</createdTime>
<generatorID>36F0C871-A531-94AB-AA62-295EEA839864</generatorID>
<ownerDesignName>Evaluación Final Transversal</ownerDesignName>
<useDomainConstraints>false</useDomainConstraints>
<use>1</use>
<logicalDatatype>LOGDT025</logicalDatatype>
<ownDataTypeParameters>,,</ownDataTypeParameters>
<autoIncrementCycle>false</autoIncrementCycle>
</Column>
<Column name="AFP" id="C5602A59-1D84-B226-C730-D71A8A69BAAA">
<createdBy>rodri</createdBy>
<createdTime>2025-10-09 20:50:56 UTC</createdTime>
<generatorID>343071DF-FDBC-1E2A-C5A6-BC74CCF28723</generatorID>
<ownerDesignName>Evaluación Final Transversal</ownerDesignName>
<useDomainConstraints>false</useDomainConstraints>
<use>1</use>
<logicalDatatype>LOGDT024</logicalDatatype>
<dataTypeSize>50</dataTypeSize>
<ownDataTypeParameters>50,,</ownDataTypeParameters>
<autoIncrementCycle>false</autoIncrementCycle>
</Column>
<Column name="SISTEMA_SALUD" id="D73DEECC-F913-AD30-74E4-AF7338FDD002">
<createdBy>rodri</createdBy>
<createdTime>2025-10-09 20:50:56 UTC</createdTime>
<generatorID>6302FB6E-44BC-7B3B-1536-F60A6310A25C</generatorID>
<ownerDesignName>Evaluación Final Transversal</ownerDesignName>
<useDomainConstraints>false</useDomainConstraints>
<use>1</use>
<logicalDatatype>LOGDT024</logicalDatatype>
<dataTypeSize>50</dataTypeSize>
<ownDataTypeParameters>50,,</ownDataTypeParameters>
<autoIncrementCycle>false</autoIncrementCycle>
</Column>
<Column name="EMPLEADO_ID_EMPLEADO" id="B047DC34-5EAE-A515-5799-4C4AE5C39ECA">
<createdBy>rodri</createdBy>
<createdTime>2025-10-09 20:50:56 UTC</createdTime>
<generatorID>F4FBCCA7-3BA1-3D32-0D37-2899307D8D08</generatorID>
<ownerDesignName>Evaluación Final Transversal</ownerDesignName>
<useDomainConstraints>false</useDomainConstraints>
<use>1</use>
<logicalDatatype>LOGDT019</logicalDatatype>
<dataTypePrecision>8</dataTypePrecision>
<ownDataTypeParameters>,8,</ownDataTypeParameters>
<previousColumn>false</previousColumn>
<autoIncrementCycle>false</autoIncrementCycle>
<associations>
<colAssociation fkAssociation="B3A4D06E-BCCD-0FB5-8390-738C74A236F1" referredColumn="9E16F0C1-7917-6C93-7E13-DCF1BA19699F"/>
</associations>
</Column>
<Column name="PLANTA_ID_PLANTA" id="C3770922-F3D5-9F83-3EF3-6154FB12A046">
<createdBy>rodri</createdBy>
<createdTime>2025-10-09 20:50:56 UTC</createdTime>
<generatorID>3044C392-3223-363A-D38C-E1E041FF6AC7</generatorID>
<ownerDesignName>Evaluación Final Transversal</ownerDesignName>
<useDomainConstraints>false</useDomainConstraints>
<use>1</use>
<logicalDatatype>LOGDT019</logicalDatatype>
<dataTypePrecision>5</dataTypePrecision>
<ownDataTypeParameters>,5,</ownDataTypeParameters>
<previousColumn>false</previousColumn>
<autoIncrementCycle>false</autoIncrementCycle>
<associations>
<colAssociation fkAssociation="4B646DD8-EEB0-1595-AF1B-05841BDF5E92" referredColumn="5DF8B74D-EB1C-A1EB-0913-8E6F250D1DC2"/>
</associations>
</Column>
<Column name="JEFE_TURNO_ID_EMPLEADO" id="D38B7D99-2189-7B74-D344-A31854E3CC3E">
<createdBy>rodri</createdBy>
<createdTime>2025-10-09 20:50:56 UTC</createdTime>
<generatorID>E7A4D67C-AA58-7C69-807D-B97511DB65BC</generatorID>
<ownerDesignName>Evaluación Final Transversal</ownerDesignName>
<useDomainConstraints>false</useDomainConstraints>
<use>1</use>
<logicalDatatype>LOGDT019</logicalDatatype>
<dataTypePrecision>8</dataTypePrecision>
<ownDataTypeParameters>,8,</ownDataTypeParameters>
<previousColumn>false</previousColumn>
<autoIncrementCycle>false</autoIncrementCycle>
</Column>
<Column name="TECNICO_MANTENCION_ID_EMPLEADO" id="511B8F20-64F6-F3C0-B400-FA797FE5FFF4">
<createdBy>rodri</createdBy>
<createdTime>2025-10-09 20:50:56 UTC</createdTime>
<generatorID>796AFDFE-A3ED-EEE1-2A0E-598190F4D586</generatorID>
<ownerDesignName>Evaluación Final Transversal</ownerDesignName>
<useDomainConstraints>false</useDomainConstraints>
<use>1</use>
<logicalDatatype>LOGDT019</logicalDatatype>
<dataTypePrecision>8</dataTypePrecision>
<ownDataTypeParameters>,8,</ownDataTypeParameters>
<previousColumn>false</previousColumn>
<autoIncrementCycle>false</autoIncrementCycle>
</Column>
<Column name="OPERARIO_OPERARIO_ID" id="59709284-7F62-6D6C-CBDA-0766347A6E85">
<createdBy>rodri</createdBy>
<createdTime>2025-10-09 20:50:56 UTC</createdTime>
<ownerDesignName>Evaluación Final Transversal</ownerDesignName>
<useDomainConstraints>false</useDomainConstraints>
<use>1</use>
<logicalDatatype>LOGDT019</logicalDatatype>
<ownDataTypeParameters>,,</ownDataTypeParameters>
<previousColumn>false</previousColumn>
<autoIncrementCycle>false</autoIncrementCycle>
</Column>
<Column name="OPERARIO_EMPLEADO_ID_EMPLEADO" id="3A9469AA-0B81-C26F-2AA7-D86EE1E6AFA8">
<createdBy>rodri</createdBy>
<createdTime>2025-10-10 00:19:05 UTC</createdTime>
<generatorID>74E0C73B-8818-4670-39A8-0126308AE89F</generatorID>
<ownerDesignName>Evaluación Final Transversal</ownerDesignName>
<useDomainConstraints>false</useDomainConstraints>
<use>1</use>
<logicalDatatype>LOGDT019</logicalDatatype>
<dataTypePrecision>8</dataTypePrecision>
<ownDataTypeParameters>,8,</ownDataTypeParameters>
<previousColumn>false</previousColumn>
<autoIncrementCycle>false</autoIncrementCycle>
</Column>
</columns>
<indexes itemClass="oracle.dbtools.crest.model.design.relational.Index">
<ind_PK_UK id="5AD46468-807E-0841-FD88-D7650CFE237E" name="EMPLEADO_PK">
<createdBy>rodri</createdBy>
<createdTime>2025-10-09 20:50:56 UTC</createdTime>
<generatorID>5F3F15BF-1DFA-75A7-F9D5-B331BC65367E</generatorID>
<ownerDesignName>Evaluación Final Transversal</ownerDesignName>
<pk>true</pk>
<indexState>Primary Constraint</indexState>
<isSurrogateKey>false</isSurrogateKey>
<indexColumnUsage>
<colUsage columnID="9E16F0C1-7917-6C93-7E13-DCF1BA19699F"/>
</indexColumnUsage>
</ind_PK_UK>
<ind_PK_UK id="C3FCC740-09A0-2F83-A2CB-4E521C13B38A" name="EMPLEADO__IDX">
<createdBy>rodri</createdBy>
<createdTime>2025-10-09 20:50:56 UTC</createdTime>
<ownerDesignName>Evaluación Final Transversal</ownerDesignName>
<indexState>Unique Plain Index</indexState>
<isSurrogateKey>false</isSurrogateKey>
<relationGeneratorID>5F2F9B52-B191-9736-12CD-B0B6F47E978F</relationGeneratorID>
<indexColumnUsage>
<colUsage columnID="59709284-7F62-6D6C-CBDA-0766347A6E85"/>
</indexColumnUsage>
</ind_PK_UK>
<ind_PK_UK id="42C3DFD1-166C-BEDB-45B5-F100AA389215" name="EMPLEADO__IDXv1">
<createdBy>rodri</createdBy>
<createdTime>2025-10-09 20:50:56 UTC</createdTime>
<ownerDesignName>Evaluación Final Transversal</ownerDesignName>
<indexState>Unique Plain Index</indexState>
<isSurrogateKey>false</isSurrogateKey>
<relationGeneratorID>1CA49578-DCB1-2C36-ABB2-42D817D9F9E9</relationGeneratorID>
<indexColumnUsage>
<colUsage columnID="D38B7D99-2189-7B74-D344-A31854E3CC3E"/>
</indexColumnUsage>
</ind_PK_UK>
<ind_PK_UK id="C0FF35E1-75BB-CABD-FD26-73A116F79AFB" name="EMPLEADO__IDXv2">
<createdBy>rodri</createdBy>
<createdTime>2025-10-09 20:50:56 UTC</createdTime>
<ownerDesignName>Evaluación Final Transversal</ownerDesignName>
<indexState>Unique Plain Index</indexState>
<isSurrogateKey>false</isSurrogateKey>
<relationGeneratorID>C755764C-682A-131F-4FAD-536661686EF6</relationGeneratorID>
<indexColumnUsage>
<colUsage columnID="511B8F20-64F6-F3C0-B400-FA797FE5FFF4"/>
</indexColumnUsage>
</ind_PK_UK>
<ind_PK_UK id="83FCC8DD-40B2-A0E2-D76C-C290B7B8FD00" name="EMPLEADO__IDXv3">
<createdBy>rodri</createdBy>
<createdTime>2025-10-10 00:19:05 UTC</createdTime>
<ownerDesignName>Evaluación Final Transversal</ownerDesignName>
<indexState>Unique Plain Index</indexState>
<isSurrogateKey>false</isSurrogateKey>
<relationGeneratorID>5F2F9B52-B191-9736-12CD-B0B6F47E978F</relationGeneratorID>
<indexColumnUsage>
<colUsage columnID="3A9469AA-0B81-C26F-2AA7-D86EE1E6AFA8"/>
</indexColumnUsage>
</ind_PK_UK>
<ind_PK_UK id="D19C3FB2-B6D9-DED7-8FCD-2F1EF741D1FE" name="EMPLEADO_EMPLEADO_FK">
<createdBy>rodri</createdBy>
<createdTime>2025-10-09 20:50:56 UTC</createdTime>
<generatorID>2355CF54-D2C1-D081-94B0-709270C60392</generatorID>
<ownerDesignName>Evaluación Final Transversal</ownerDesignName>
<indexState>Foreign Key</indexState>
<isSurrogateKey>false</isSurrogateKey>
<indexColumnUsage>
<colUsage columnID="B047DC34-5EAE-A515-5799-4C4AE5C39ECA"/>
</indexColumnUsage>
</ind_PK_UK>
<ind_PK_UK id="989AC449-DA4B-FAA6-20D2-29A48BAC3A39" name="EMPLEADO_PLANTA_FK">
<createdBy>rodri</createdBy>
<createdTime>2025-10-09 20:50:56 UTC</createdTime>
<generatorID>D6BEF8C7-8247-2AC5-2A65-01D112A07431</generatorID>
<ownerDesignName>Evaluación Final Transversal</ownerDesignName>
<indexState>Foreign Key</indexState>
<isSurrogateKey>false</isSurrogateKey>
<indexColumnUsage>
<colUsage columnID="C3770922-F3D5-9F83-3EF3-6154FB12A046"/>
</indexColumnUsage>
</ind_PK_UK>
</indexes>
</Table>