<?xml version = '1.0' encoding = 'UTF-8'?>
<Table class="oracle.dbtools.crest.model.design.relational.Table" directorySegmentName="seg_0" id="15042D91-7835-52FE-BD49-68098BDBBA34" name="ASIGNACION_TURNO">
<createdBy>rodri</createdBy>
<createdTime>2025-10-09 20:50:56 UTC</createdTime>
<generatorID>596618CD-81EA-E7CC-1918-46292DFAE200</generatorID>
<ownerDesignName>Evaluación Final Transversal</ownerDesignName>
<allowColumnReorder>false</allowColumnReorder>
<existDependencyGenerateInDDl>true</existDependencyGenerateInDDl>
<parsed>true</parsed>
<columns itemClass="oracle.dbtools.crest.model.design.relational.Column">
<Column name="FECHA" id="91A4522F-042A-DB85-84F6-DAFE8A74CCD2">
<createdBy>rodri</createdBy>
<createdTime>2025-10-09 20:50:56 UTC</createdTime>
<generatorID>5CEDB359-9228-6CFD-5AAC-64C7CDBA9A57</generatorID>
<ownerDesignName>Evaluación Final Transversal</ownerDesignName>
<useDomainConstraints>false</useDomainConstraints>
<use>1</use>
<logicalDatatype>LOGDT007</logicalDatatype>
<ownDataTypeParameters>,,</ownDataTypeParameters>
<autoIncrementCycle>false</autoIncrementCycle>
</Column>
<Column name="ROL_DESEMPEÑADO" id="BEDB5113-1E6F-2D52-9D19-A1E7B142B2D3">
<createdBy>rodri</createdBy>
<createdTime>2025-10-09 20:50:56 UTC</createdTime>
<generatorID>8669911A-909B-CDA4-5E7D-C9C12F8AFEF5</generatorID>
<ownerDesignName>Evaluación Final Transversal</ownerDesignName>
<nullsAllowed>true</nullsAllowed>
<useDomainConstraints>false</useDomainConstraints>
<use>1</use>
<logicalDatatype>LOGDT024</logicalDatatype>
<dataTypeSize>50</dataTypeSize>
<ownDataTypeParameters>50,,</ownDataTypeParameters>
<autoIncrementCycle>false</autoIncrementCycle>
</Column>
<Column name="EMPLEADO_ID_EMPLEADO" id="2DD60AF0-434F-E299-27AE-9365A8ADA874">
<createdBy>rodri</createdBy>
<createdTime>2025-10-09 21:29:16 UTC</createdTime>
<generatorID>0B005835-6345-E7D0-52A5-6AF3226AC9E1</generatorID>
<ownerDesignName>Evaluación Final Transversal</ownerDesignName>
<useDomainConstraints>false</useDomainConstraints>
<use>1</use>
<logicalDatatype>LOGDT019</logicalDatatype>
<dataTypePrecision>8</dataTypePrecision>
<ownDataTypeParameters>,8,</ownDataTypeParameters>
<autoIncrementCycle>false</autoIncrementCycle>
</Column>
<Column name="TURNO_ID_TURNO" id="A60C3309-8380-071D-0C46-71B49CC730F3">
<createdBy>rodri</createdBy>
<createdTime>2025-10-09 21:29:16 UTC</createdTime>
<generatorID>B2F8A73A-73B6-31A3-41C6-69D6C8B26325</generatorID>
<ownerDesignName>Evaluación Final Transversal</ownerDesignName>
<useDomainConstraints>false</useDomainConstraints>
<use>1</use>
<logicalDatatype>LOGDT025</logicalDatatype>
<dataTypeSize>5</dataTypeSize>
<ownDataTypeParameters>5,,</ownDataTypeParameters>
<autoIncrementCycle>false</autoIncrementCycle>
</Column>
<Column name="MAQUINA_ID_MAQUINA" id="13D0088C-42D7-C4A9-FB2B-14032ED73570">
<createdBy>rodri</createdBy>
<createdTime>2025-10-09 21:29:16 UTC</createdTime>
<generatorID>BB411299-A031-5C53-8383-44E35BA9EF06</generatorID>
<ownerDesignName>Evaluación Final Transversal</ownerDesignName>
<nullsAllowed>true</nullsAllowed>
<useDomainConstraints>false</useDomainConstraints>
<use>1</use>
<logicalDatatype>LOGDT024</logicalDatatype>
<dataTypeSize>10</dataTypeSize>
<ownDataTypeParameters>10,,</ownDataTypeParameters>
<autoIncrementCycle>false</autoIncrementCycle>
</Column>
<Column name="MAQUINA_PLANTA_ID" id="6F8D3BAD-1288-5A0F-7497-85FB378B674A">
<createdBy>rodri</createdBy>
<createdTime>2025-10-09 21:29:16 UTC</createdTime>
<generatorID>B0C17FEB-D8CB-C081-6049-0E75F735A758</generatorID>
<ownerDesignName>Evaluación Final Transversal</ownerDesignName>
<nullsAllowed>true</nullsAllowed>
<useDomainConstraints>false</useDomainConstraints>
<use>1</use>
<logicalDatatype>LOGDT019</logicalDatatype>
<dataTypePrecision>5</dataTypePrecision>
<ownDataTypeParameters>,5,</ownDataTypeParameters>
<autoIncrementCycle>false</autoIncrementCycle>
</Column>
<Column name="EMPLEADO_ID_EMPLEADO2" id="829025AA-CD5F-B6C7-A245-0E3A123BFD39">
<createdBy>rodri</createdBy>
<createdTime>2025-10-10 00:39:54 UTC</createdTime>
<generatorID>DF449B47-0549-091A-FA15-DE941511BBC1</generatorID>
<ownerDesignName>Evaluación Final Transversal</ownerDesignName>
<useDomainConstraints>false</useDomainConstraints>
<use>1</use>
<logicalDatatype>LOGDT019</logicalDatatype>
<dataTypePrecision>8</dataTypePrecision>
<ownDataTypeParameters>,8,</ownDataTypeParameters>
<previousColumn>false</previousColumn>
<autoIncrementCycle>false</autoIncrementCycle>
<associations>
<colAssociation fkAssociation="4C782CC7-59F7-B318-6DEE-3099567D1AFB" referredColumn="9E16F0C1-7917-6C93-7E13-DCF1BA19699F"/>
</associations>
</Column>
<Column name="TURNO_ID_TURNO2" id="38EA2D86-40B2-67C2-741D-4AB1DD198D2F">
<createdBy>rodri</createdBy>
<createdTime>2025-10-10 00:39:54 UTC</createdTime>
<generatorID>C4755894-89C8-A1E2-F410-A6486FF6987B</generatorID>
<ownerDesignName>Evaluación Final Transversal</ownerDesignName>
<useDomainConstraints>false</useDomainConstraints>
<use>1</use>
<logicalDatatype>LOGDT025</logicalDatatype>
<dataTypeSize>5</dataTypeSize>
<ownDataTypeParameters>5,,</ownDataTypeParameters>
<previousColumn>false</previousColumn>
<autoIncrementCycle>false</autoIncrementCycle>
<associations>
<colAssociation fkAssociation="5BCA4A32-D062-B13C-7D65-84DC19EFFA24" referredColumn="65002A38-D311-E52A-82EB-85923967AFB2"/>
</associations>
</Column>
<Column name="FECHA1" id="5D198445-4922-8739-C4A6-120962F2178B">
<createdBy>rodri</createdBy>
<createdTime>2025-10-10 00:50:16 UTC</createdTime>
<generatorID>83B7EB7B-1C35-7F61-E17F-6410CD576CF8</generatorID>
<ownerDesignName>Evaluación Final Transversal</ownerDesignName>
<useDomainConstraints>false</useDomainConstraints>
<use>1</use>
<logicalDatatype>LOGDT007</logicalDatatype>
<ownDataTypeParameters>,,</ownDataTypeParameters>
<autoIncrementCycle>false</autoIncrementCycle>
</Column>
<Column name="ROL_DESEMPEÑADO1" id="BBCD60FB-B2A8-ACBE-309E-398B0987F5DF">
<createdBy>rodri</createdBy>
<createdTime>2025-10-10 00:50:16 UTC</createdTime>
<generatorID>BDEE4CF9-AD91-9855-7039-E9735A50E552</generatorID>
<ownerDesignName>Evaluación Final Transversal</ownerDesignName>
<nullsAllowed>true</nullsAllowed>
<useDomainConstraints>false</useDomainConstraints>
<use>1</use>
<logicalDatatype>LOGDT024</logicalDatatype>
<dataTypeSize>50</dataTypeSize>
<ownDataTypeParameters>50,,</ownDataTypeParameters>
<autoIncrementCycle>false</autoIncrementCycle>
</Column>
</columns>
<indexes itemClass="oracle.dbtools.crest.model.design.relational.Index">
<ind_PK_UK id="95535FA5-BFFD-844B-E472-5802895FB82E" name="ASIGNACION_TURNO_PKv1">
<createdBy>rodri</createdBy>
<createdTime>2025-10-10 00:19:05 UTC</createdTime>
<generatorID>4C20DE7B-F4D9-4487-8C23-09E707369ADC</generatorID>
<ownerDesignName>Evaluación Final Transversal</ownerDesignName>
<pk>true</pk>
<indexState>Primary Constraint</indexState>
<isSurrogateKey>false</isSurrogateKey>
<indexColumnUsage>
<colUsage columnID="829025AA-CD5F-B6C7-A245-0E3A123BFD39"/>
<colUsage columnID="5D198445-4922-8739-C4A6-120962F2178B"/>
</indexColumnUsage>
</ind_PK_UK>
<ind_PK_UK id="FEE9696E-D270-0001-E2DF-D10A2775D72E" name="ASIGNACION_TURNO_PK">
<createdBy>rodri</createdBy>
<createdTime>2025-10-09 20:50:56 UTC</createdTime>
<generatorID>830D8C0D-85C6-4FEC-F03B-1A1A6D474149</generatorID>
<ownerDesignName>Evaluación Final Transversal</ownerDesignName>
<indexState>Unique Constraint</indexState>
<isSurrogateKey>false</isSurrogateKey>
<indexColumnUsage>
<colUsage columnID="91A4522F-042A-DB85-84F6-DAFE8A74CCD2"/>
</indexColumnUsage>
</ind_PK_UK>
<ind_PK_UK id="B66C4D52-2B09-581E-6727-39C014975AA9" name="ASIGNACION_TURNO_EMPLEADO_FK">
<createdBy>rodri</createdBy>
<createdTime>2025-10-10 00:39:54 UTC</createdTime>
<generatorID>A9620F74-7F6B-8874-8924-E9FA3D457A60</generatorID>
<ownerDesignName>Evaluación Final Transversal</ownerDesignName>
<indexState>Foreign Key</indexState>
<isSurrogateKey>false</isSurrogateKey>
<indexColumnUsage>
<colUsage columnID="829025AA-CD5F-B6C7-A245-0E3A123BFD39"/>
</indexColumnUsage>
</ind_PK_UK>
<ind_PK_UK id="4DD53418-DA35-DA79-8C59-9EC1B890C957" name="ASIGNACION_TURNO_TURNO_FK">
<createdBy>rodri</createdBy>
<createdTime>2025-10-10 00:39:54 UTC</createdTime>
<generatorID>73F22679-8EDB-985E-2459-89A2C84D8627</generatorID>
<ownerDesignName>Evaluación Final Transversal</ownerDesignName>
<indexState>Foreign Key</indexState>
<isSurrogateKey>false</isSurrogateKey>
<indexColumnUsage>
<colUsage columnID="38EA2D86-40B2-67C2-741D-4AB1DD198D2F"/>
</indexColumnUsage>
</ind_PK_UK>
</indexes>
</Table>