<?xml version = '1.0' encoding = 'UTF-8'?>
<Table class="oracle.dbtools.crest.model.design.relational.Table" directorySegmentName="seg_0" id="4DD8E7ED-3A62-468C-8C9E-128F936902AB" name="OPERARIO">
<createdBy>rodri</createdBy>
<createdTime>2025-10-09 20:50:56 UTC</createdTime>
<generatorID>C5773223-3B98-F5BE-9015-9EBE7DF03194</generatorID>
<ownerDesignName>Evaluación Final Transversal</ownerDesignName>
<allowColumnReorder>false</allowColumnReorder>
<existDependencyGenerateInDDl>true</existDependencyGenerateInDDl>
<parsed>true</parsed>
<columns itemClass="oracle.dbtools.crest.model.design.relational.Column">
<Column name="ESPECIALIDAD" id="CCB818F3-42F1-5929-3EFE-6352779FAA53">
<createdBy>rodri</createdBy>
<createdTime>2025-10-09 20:50:56 UTC</createdTime>
<generatorID>A142D2E1-16F5-577D-3D6A-0232A39BE0D5</generatorID>
<ownerDesignName>Evaluación Final Transversal</ownerDesignName>
<useDomainConstraints>false</useDomainConstraints>
<use>1</use>
<logicalDatatype>LOGDT024</logicalDatatype>
<dataTypeSize>50</dataTypeSize>
<ownDataTypeParameters>50,,</ownDataTypeParameters>
<autoIncrementCycle>false</autoIncrementCycle>
</Column>
<Column name="NIVEL_CERTIFICACION" id="B9733B50-288C-9B4F-3B63-2BEC1AC3C8B7">
<createdBy>rodri</createdBy>
<createdTime>2025-10-09 20:50:56 UTC</createdTime>
<generatorID>D125A860-FDF7-08E0-A6E3-A4588DDD23DB</generatorID>
<ownerDesignName>Evaluación Final Transversal</ownerDesignName>
<nullsAllowed>true</nullsAllowed>
<useDomainConstraints>false</useDomainConstraints>
<use>1</use>
<logicalDatatype>LOGDT024</logicalDatatype>
<dataTypeSize>50</dataTypeSize>
<ownDataTypeParameters>50,,</ownDataTypeParameters>
<autoIncrementCycle>false</autoIncrementCycle>
</Column>
<Column name="TIEMPO_RESPUESTA_ESTANDAR" id="8BDD6F6E-113C-E13D-B556-DAB3D3D63FCF">
<createdBy>rodri</createdBy>
<createdTime>2025-10-09 20:50:56 UTC</createdTime>
<generatorID>1F4166BE-D9A5-CE5F-F323-EEAA2BE43D56</generatorID>
<ownerDesignName>Evaluación Final Transversal</ownerDesignName>
<useDomainConstraints>false</useDomainConstraints>
<use>1</use>
<logicalDatatype>LOGDT019</logicalDatatype>
<dataTypePrecision>3</dataTypePrecision>
<ownDataTypeParameters>,3,</ownDataTypeParameters>
<autoIncrementCycle>false</autoIncrementCycle>
</Column>
<Column name="EMPLEADO_ID_EMPLEADO" id="0E8199BD-3AC0-1DA8-CE88-8815CAB212DE">
<createdBy>rodri</createdBy>
<createdTime>2025-10-09 20:50:56 UTC</createdTime>
<generatorID>C6E858B8-FC60-6019-7D10-088BDF061F24</generatorID>
<ownerDesignName>Evaluación Final Transversal</ownerDesignName>
<useDomainConstraints>false</useDomainConstraints>
<use>1</use>
<logicalDatatype>LOGDT019</logicalDatatype>
<dataTypePrecision>8</dataTypePrecision>
<ownDataTypeParameters>,8,</ownDataTypeParameters>
<previousColumn>false</previousColumn>
<autoIncrementCycle>false</autoIncrementCycle>
</Column>
<Column name="OPERARIO_ID" id="6524F064-E5A9-F983-8830-B65BB7A3DEA3">
<createdBy>rodri</createdBy>
<createdTime>2025-10-09 20:50:56 UTC</createdTime>
<ownerDesignName>Evaluación Final Transversal</ownerDesignName>
<useDomainConstraints>false</useDomainConstraints>
<use>1</use>
<logicalDatatype>LOGDT019</logicalDatatype>
<ownDataTypeParameters>,,</ownDataTypeParameters>
<autoIncrementColumn>true</autoIncrementColumn>
<identityColumn>true</identityColumn>
<autoIncrementCycle>false</autoIncrementCycle>
<isSurrogateColumn>true</isSurrogateColumn>
</Column>
</columns>
<indexes itemClass="oracle.dbtools.crest.model.design.relational.Index">
<ind_PK_UK id="81493738-4B50-F353-B3E7-F87F60848B1A" name="OPERARIO_PKv1">
<createdBy>rodri</createdBy>
<createdTime>2025-10-10 00:19:05 UTC</createdTime>
<generatorID>8CB820E8-0DE1-5A32-2194-A03DBEC0F45E</generatorID>
<ownerDesignName>Evaluación Final Transversal</ownerDesignName>
<pk>true</pk>
<indexState>Primary Constraint</indexState>
<isSurrogateKey>false</isSurrogateKey>
<indexColumnUsage>
<colUsage columnID="0E8199BD-3AC0-1DA8-CE88-8815CAB212DE"/>
</indexColumnUsage>
</ind_PK_UK>
<ind_PK_UK id="6C375B3A-959B-2C51-438D-2CBB7691BFB1" name="OPERARIO_PK">
<createdBy>rodri</createdBy>
<createdTime>2025-10-09 20:50:56 UTC</createdTime>
<ownerDesignName>Evaluación Final Transversal</ownerDesignName>
<indexState>Unique Constraint</indexState>
<indexColumnUsage>
<colUsage columnID="6524F064-E5A9-F983-8830-B65BB7A3DEA3"/>
</indexColumnUsage>
</ind_PK_UK>
<ind_PK_UK id="554813EB-71F0-B943-AF83-627869E69B1D" name="OPERARIO__IDX">
<createdBy>rodri</createdBy>
<createdTime>2025-10-09 20:50:56 UTC</createdTime>
<ownerDesignName>Evaluación Final Transversal</ownerDesignName>
<indexState>Unique Plain Index</indexState>
<isSurrogateKey>false</isSurrogateKey>
<relationGeneratorID>5F2F9B52-B191-9736-12CD-B0B6F47E978F</relationGeneratorID>
<indexColumnUsage>
<colUsage columnID="0E8199BD-3AC0-1DA8-CE88-8815CAB212DE"/>
</indexColumnUsage>
</ind_PK_UK>
</indexes>
</Table>