<?xml version = '1.0' encoding = 'UTF-8'?>
<Table class="oracle.dbtools.crest.model.design.relational.Table" directorySegmentName="seg_0" id="532C39D2-FFF7-548A-E5C2-B33C60FD8EFA" name="MAQUINA">
<createdBy>rodri</createdBy>
<createdTime>2025-10-09 20:50:56 UTC</createdTime>
<generatorID>889BE31D-B2A3-93DE-CA53-B2920391A1C9</generatorID>
<ownerDesignName>Evaluación Final Transversal</ownerDesignName>
<allowColumnReorder>false</allowColumnReorder>
<existDependencyGenerateInDDl>true</existDependencyGenerateInDDl>
<parsed>true</parsed>
<columns itemClass="oracle.dbtools.crest.model.design.relational.Column">
<Column name="ID_MAQUINA" id="555F3482-43C6-EC1C-B629-BB42D6C13A83">
<createdBy>rodri</createdBy>
<createdTime>2025-10-09 20:50:56 UTC</createdTime>
<generatorID>D195EB23-EC99-84FC-024A-A01CBC107D48</generatorID>
<ownerDesignName>Evaluación Final Transversal</ownerDesignName>
<nullsAllowed>true</nullsAllowed>
<useDomainConstraints>false</useDomainConstraints>
<use>1</use>
<logicalDatatype>LOGDT024</logicalDatatype>
<dataTypeSize>10</dataTypeSize>
<ownDataTypeParameters>10,,</ownDataTypeParameters>
<autoIncrementCycle>false</autoIncrementCycle>
</Column>
<Column name="NUMERO_MAQUINA" id="9FCF26DB-4C0A-27DB-F06B-4409154CA8E3">
<createdBy>rodri</createdBy>
<createdTime>2025-10-09 20:50:56 UTC</createdTime>
<generatorID>B9F84D2E-A262-977F-E65E-F9A4DF316143</generatorID>
<ownerDesignName>Evaluación Final Transversal</ownerDesignName>
<useDomainConstraints>false</useDomainConstraints>
<use>1</use>
<logicalDatatype>LOGDT019</logicalDatatype>
<dataTypePrecision>5</dataTypePrecision>
<ownDataTypeParameters>,5,</ownDataTypeParameters>
<autoIncrementCycle>false</autoIncrementCycle>
</Column>
<Column name="TIPO_MAQUINA_ID_TIPO_MAQUINA" id="3FEF9FFC-544E-0851-1B7B-EE3528A4F6E0">
<createdBy>rodri</createdBy>
<createdTime>2025-10-09 20:50:56 UTC</createdTime>
<generatorID>958DD3BA-1B91-F7B0-47B2-64B429376524</generatorID>
<ownerDesignName>Evaluación Final Transversal</ownerDesignName>
<useDomainConstraints>false</useDomainConstraints>
<use>1</use>
<logicalDatatype>LOGDT019</logicalDatatype>
<dataTypePrecision>5</dataTypePrecision>
<ownDataTypeParameters>,5,</ownDataTypeParameters>
<previousColumn>false</previousColumn>
<autoIncrementCycle>false</autoIncrementCycle>
<associations>
<colAssociation fkAssociation="82B9FC2D-B752-9C76-B1C7-14643AEB0A78" referredColumn="B433678C-F8C7-65F4-AA24-6705F33C014A"/>
</associations>
</Column>
<Column name="PLANTA_ID_PLANTA" id="EF89531C-1FF0-B8F2-455A-BEC6E560ABAD">
<createdBy>rodri</createdBy>
<createdTime>2025-10-09 20:50:56 UTC</createdTime>
<generatorID>40FE8DDA-7326-B926-B1F4-99E50B70270C</generatorID>
<ownerDesignName>Evaluación Final Transversal</ownerDesignName>
<useDomainConstraints>false</useDomainConstraints>
<use>1</use>
<logicalDatatype>LOGDT019</logicalDatatype>
<dataTypePrecision>5</dataTypePrecision>
<ownDataTypeParameters>,5,</ownDataTypeParameters>
<previousColumn>false</previousColumn>
<autoIncrementCycle>false</autoIncrementCycle>
<associations>
<colAssociation fkAssociation="EE712F1C-A7FA-CFA8-3E12-C54EAFB34752" referredColumn="5DF8B74D-EB1C-A1EB-0913-8E6F250D1DC2"/>
</associations>
</Column>
<Column name="NOMBRE_MAQUINA" id="42A6D46A-3C74-9458-775F-4304F2508D8F">
<createdBy>rodri</createdBy>
<createdTime>2025-10-09 20:50:56 UTC</createdTime>
<generatorID>5552A72C-90FA-0B7F-6121-19B41CD18835</generatorID>
<ownerDesignName>Evaluación Final Transversal</ownerDesignName>
<useDomainConstraints>false</useDomainConstraints>
<use>1</use>
<logicalDatatype>LOGDT024</logicalDatatype>
<dataTypeSize>100</dataTypeSize>
<ownDataTypeParameters>100,,</ownDataTypeParameters>
<autoIncrementCycle>false</autoIncrementCycle>
</Column>
<Column name="ESTADO_ACTIVO" id="C26DE4A8-29D5-B95A-1F39-3E537E7B1944">
<createdBy>rodri</createdBy>
<createdTime>2025-10-09 20:50:56 UTC</createdTime>
<generatorID>192EF65B-4C80-C94F-0F6E-37536DF598D6</generatorID>
<ownerDesignName>Evaluación Final Transversal</ownerDesignName>
<useDomainConstraints>false</useDomainConstraints>
<use>1</use>
<logicalDatatype>LOGDT025</logicalDatatype>
<dataTypeSize>1</dataTypeSize>
<ownDataTypeParameters>1,,</ownDataTypeParameters>
<autoIncrementCycle>false</autoIncrementCycle>
</Column>
<Column name="ASIGNACION_TURNO_FECHA" id="91F4AA23-B95D-E8A7-3686-9AFB1E4F4CDE">
<createdBy>rodri</createdBy>
<createdTime>2025-10-09 20:50:56 UTC</createdTime>
<generatorID>CDFCC5AF-428C-B8C5-DAE7-336D49398066</generatorID>
<ownerDesignName>Evaluación Final Transversal</ownerDesignName>
<useDomainConstraints>false</useDomainConstraints>
<use>1</use>
<logicalDatatype>LOGDT007</logicalDatatype>
<ownDataTypeParameters>,,</ownDataTypeParameters>
<previousColumn>false</previousColumn>
<autoIncrementCycle>false</autoIncrementCycle>
<associations>
<colAssociation fkAssociation="4D7FA4A5-98D1-4DFD-8723-DAB30AC89AB9" referredColumn="91A4522F-042A-DB85-84F6-DAFE8A74CCD2"/>
</associations>
</Column>
<Column name="EMPLEADO_ID_EMPLEADO" id="46DA298A-ED21-ECB5-7AB5-E57C88D37765">
<createdBy>rodri</createdBy>
<createdTime>2025-10-09 21:29:16 UTC</createdTime>
<generatorID>A0BD0E62-500A-58BD-E688-928071FBF348</generatorID>
<ownerDesignName>Evaluación Final Transversal</ownerDesignName>
<useDomainConstraints>false</useDomainConstraints>
<use>1</use>
<logicalDatatype>LOGDT019</logicalDatatype>
<ownDataTypeParameters>,,</ownDataTypeParameters>
<previousColumn>false</previousColumn>
<autoIncrementCycle>false</autoIncrementCycle>
</Column>
<Column name="EMPLEADO_ID_EMPLEADO1" id="EFE5DF50-2C57-9562-A60C-475528AE7FCB">
<createdBy>rodri</createdBy>
<createdTime>2025-10-09 21:36:27 UTC</createdTime>
<generatorID>8CCCBA0F-D718-2A69-BE40-E286409738E7</generatorID>
<ownerDesignName>Evaluación Final Transversal</ownerDesignName>
<useDomainConstraints>false</useDomainConstraints>
<use>1</use>
<logicalDatatype>LOGDT019</logicalDatatype>
<ownDataTypeParameters>,,</ownDataTypeParameters>
<previousColumn>false</previousColumn>
<autoIncrementCycle>false</autoIncrementCycle>
</Column>
<Column name="FECHA" id="E7DF09B8-B2C0-FFB6-9844-010C34EBC450">
<createdBy>rodri</createdBy>
<createdTime>2025-10-09 23:16:14 UTC</createdTime>
<generatorID>C0FE2B21-E0EC-D00C-858A-4D4F518414AC</generatorID>
<ownerDesignName>Evaluación Final Transversal</ownerDesignName>
<useDomainConstraints>false</useDomainConstraints>
<use>1</use>
<logicalDatatype>LOGDT007</logicalDatatype>
<ownDataTypeParameters>,,</ownDataTypeParameters>
<previousColumn>false</previousColumn>
<autoIncrementCycle>false</autoIncrementCycle>
</Column>
</columns>
<indexes itemClass="oracle.dbtools.crest.model.design.relational.Index">
<ind_PK_UK id="F1D98B72-6D6F-6BCA-8C24-10EC41E1EFC7" name="MAQUINA_PK">
<createdBy>rodri</createdBy>
<createdTime>2025-10-09 20:50:56 UTC</createdTime>
<generatorID>5AAB8315-B5B5-21E2-6C04-6673B6CE03A3</generatorID>
<ownerDesignName>Evaluación Final Transversal</ownerDesignName>
<pk>true</pk>
<indexState>Primary Constraint</indexState>
<isSurrogateKey>false</isSurrogateKey>
<indexColumnUsage>
<colUsage columnID="555F3482-43C6-EC1C-B629-BB42D6C13A83"/>
</indexColumnUsage>
</ind_PK_UK>
<ind_PK_UK id="72AD60CB-0E02-F9BD-2906-4328E6D8537F" name="MAQUINA_TIPO_MAQUINA_FK">
<createdBy>rodri</createdBy>
<createdTime>2025-10-09 20:50:56 UTC</createdTime>
<generatorID>6DB75B3D-DE81-5256-B8EE-3F76243E5ED7</generatorID>
<ownerDesignName>Evaluación Final Transversal</ownerDesignName>
<indexState>Foreign Key</indexState>
<isSurrogateKey>false</isSurrogateKey>
<indexColumnUsage>
<colUsage columnID="3FEF9FFC-544E-0851-1B7B-EE3528A4F6E0"/>
</indexColumnUsage>
</ind_PK_UK>
<ind_PK_UK id="42D4C5EF-0350-8A8E-8462-9BCAE1DF156F" name="MAQUINA_PLANTA_FK">
<createdBy>rodri</createdBy>
<createdTime>2025-10-09 20:50:56 UTC</createdTime>
<generatorID>655C0CCA-117D-15D3-FA06-4651468AEA80</generatorID>
<ownerDesignName>Evaluación Final Transversal</ownerDesignName>
<indexState>Foreign Key</indexState>
<isSurrogateKey>false</isSurrogateKey>
<indexColumnUsage>
<colUsage columnID="EF89531C-1FF0-B8F2-455A-BEC6E560ABAD"/>
</indexColumnUsage>
</ind_PK_UK>
<ind_PK_UK id="31E91594-B335-25B4-FCCE-59859C500A5F" name="MAQUINA_ASIGNACION_TURNO_FK">
<createdBy>rodri</createdBy>
<createdTime>2025-10-09 20:50:56 UTC</createdTime>
<generatorID>82B7D2B3-457F-9CE8-D222-FFA068B2CF85</generatorID>
<ownerDesignName>Evaluación Final Transversal</ownerDesignName>
<indexState>Foreign Key</indexState>
<isSurrogateKey>false</isSurrogateKey>
<indexColumnUsage>
<colUsage columnID="91F4AA23-B95D-E8A7-3686-9AFB1E4F4CDE"/>
</indexColumnUsage>
</ind_PK_UK>
</indexes>
</Table>