<?xml version = '1.0' encoding = 'UTF-8'?>
<Table class="oracle.dbtools.crest.model.design.relational.Table" directorySegmentName="seg_0" id="68A94EEB-30A0-E952-47B0-2495B8EC0B8F" name="TURNO">
<createdBy>rodri</createdBy>
<createdTime>2025-10-09 20:50:56 UTC</createdTime>
<generatorID>BFE0A1C1-9910-0A38-A9EC-CB696C129B3B</generatorID>
<ownerDesignName>Evaluación Final Transversal</ownerDesignName>
<allowColumnReorder>false</allowColumnReorder>
<existDependencyGenerateInDDl>true</existDependencyGenerateInDDl>
<parsed>true</parsed>
<columns itemClass="oracle.dbtools.crest.model.design.relational.Column">
<Column name="ID_TURNO" id="65002A38-D311-E52A-82EB-85923967AFB2">
<createdBy>rodri</createdBy>
<createdTime>2025-10-09 20:50:56 UTC</createdTime>
<generatorID>3AD064B4-C8CC-1CFC-DAB7-05AC8926F2BB</generatorID>
<ownerDesignName>Evaluación Final Transversal</ownerDesignName>
<useDomainConstraints>false</useDomainConstraints>
<use>1</use>
<logicalDatatype>LOGDT025</logicalDatatype>
<dataTypeSize>5</dataTypeSize>
<ownDataTypeParameters>5,,</ownDataTypeParameters>
<autoIncrementCycle>false</autoIncrementCycle>
</Column>
<Column name="NOMBRE_TURNO" id="F9F0FB05-CB48-0E4E-7115-81F62AE6AEBB">
<createdBy>rodri</createdBy>
<createdTime>2025-10-09 20:50:56 UTC</createdTime>
<generatorID>5791D599-4E41-9CBD-FCBF-644D0B9FCF94</generatorID>
<ownerDesignName>Evaluación Final Transversal</ownerDesignName>
<useDomainConstraints>false</useDomainConstraints>
<use>1</use>
<logicalDatatype>LOGDT024</logicalDatatype>
<dataTypeSize>50</dataTypeSize>
<ownDataTypeParameters>50,,</ownDataTypeParameters>
<autoIncrementCycle>false</autoIncrementCycle>
</Column>
<Column name="HORA_INICIO" id="52C8E810-FD45-33C3-D8D0-3DFD13811499">
<createdBy>rodri</createdBy>
<createdTime>2025-10-09 20:50:56 UTC</createdTime>
<generatorID>ADD4F04D-D9F7-B3B6-28D7-98CF0E0BBE2B</generatorID>
<ownerDesignName>Evaluación Final Transversal</ownerDesignName>
<useDomainConstraints>false</useDomainConstraints>
<use>1</use>
<logicalDatatype>LOGDT025</logicalDatatype>
<ownDataTypeParameters>,,</ownDataTypeParameters>
<autoIncrementCycle>false</autoIncrementCycle>
</Column>
<Column name="HORA_FIN" id="693F8A26-DC9B-24D0-48EA-2F32C5A00DE2">
<createdBy>rodri</createdBy>
<createdTime>2025-10-09 20:50:56 UTC</createdTime>
<generatorID>F333FA20-50F1-F4E9-8E54-A00B53D9FFBA</generatorID>
<ownerDesignName>Evaluación Final Transversal</ownerDesignName>
<useDomainConstraints>false</useDomainConstraints>
<use>1</use>
<logicalDatatype>LOGDT025</logicalDatatype>
<dataTypeSize>5</dataTypeSize>
<ownDataTypeParameters>5,,</ownDataTypeParameters>
<autoIncrementCycle>false</autoIncrementCycle>
</Column>
<Column name="EMPLEADO_ID_EMPLEADO" id="6CE4DA3D-0ACC-59AB-7BD6-41E781E741C3">
<createdBy>rodri</createdBy>
<createdTime>2025-10-09 20:50:56 UTC</createdTime>
<generatorID>81D59360-3F8B-16BF-33A9-FC7C8CA1C185</generatorID>
<ownerDesignName>Evaluación Final Transversal</ownerDesignName>
<useDomainConstraints>false</useDomainConstraints>
<use>1</use>
<logicalDatatype>LOGDT019</logicalDatatype>
<dataTypePrecision>8</dataTypePrecision>
<ownDataTypeParameters>,8,</ownDataTypeParameters>
<previousColumn>false</previousColumn>
<autoIncrementCycle>false</autoIncrementCycle>
<associations>
<colAssociation fkAssociation="52CDD076-131C-B418-19FE-D701A9F78816" referredColumn="9E16F0C1-7917-6C93-7E13-DCF1BA19699F"/>
</associations>
</Column>
</columns>
<indexes itemClass="oracle.dbtools.crest.model.design.relational.Index">
<ind_PK_UK id="05DCAB45-A686-A861-82A9-2A7219CAE1EB" name="TURNO_PK">
<createdBy>rodri</createdBy>
<createdTime>2025-10-09 20:50:56 UTC</createdTime>
<generatorID>AE9259DE-FB2D-0E5C-B056-1F51B0E143AF</generatorID>
<ownerDesignName>Evaluación Final Transversal</ownerDesignName>
<pk>true</pk>
<indexState>Primary Constraint</indexState>
<isSurrogateKey>false</isSurrogateKey>
<indexColumnUsage>
<colUsage columnID="65002A38-D311-E52A-82EB-85923967AFB2"/>
</indexColumnUsage>
</ind_PK_UK>
<ind_PK_UK id="03A08768-AB29-7F0B-9D5D-9CF1B7D07C53" name="TURNO_EMPLEADO_FK">
<createdBy>rodri</createdBy>
<createdTime>2025-10-09 20:50:56 UTC</createdTime>
<generatorID>BF2914DC-83D2-E979-1ECD-FD210BB05FA3</generatorID>
<ownerDesignName>Evaluación Final Transversal</ownerDesignName>
<indexState>Foreign Key</indexState>
<isSurrogateKey>false</isSurrogateKey>
<indexColumnUsage>
<colUsage columnID="6CE4DA3D-0ACC-59AB-7BD6-41E781E741C3"/>
</indexColumnUsage>
</ind_PK_UK>
</indexes>
</Table>