<?xml version = '1.0' encoding = 'UTF-8'?>
<Table class="oracle.dbtools.crest.model.design.relational.Table" directorySegmentName="seg_0" id="97FD6A61-7D7F-7384-A89E-66A5B8DA1BA7" name="COMUNA">
<createdBy>rodri</createdBy>
<createdTime>2025-10-09 20:50:56 UTC</createdTime>
<generatorID>D23C43B1-F2B1-AE24-0DD0-E4D0F3AF6F8E</generatorID>
<ownerDesignName>Evaluación Final Transversal</ownerDesignName>
<allowColumnReorder>false</allowColumnReorder>
<existDependencyGenerateInDDl>true</existDependencyGenerateInDDl>
<parsed>true</parsed>
<columns itemClass="oracle.dbtools.crest.model.design.relational.Column">
<Column name="ID_COMUNA" id="A90032D8-BD01-4B3E-FEDA-F524B63DD8A2">
<createdBy>rodri</createdBy>
<createdTime>2025-10-09 20:50:56 UTC</createdTime>
<generatorID>34F8FC59-4335-97C0-3102-A047789FEE04</generatorID>
<ownerDesignName>Evaluación Final Transversal</ownerDesignName>
<useDomainConstraints>false</useDomainConstraints>
<use>1</use>
<logicalDatatype>LOGDT019</logicalDatatype>
<dataTypePrecision>5</dataTypePrecision>
<ownDataTypeParameters>,5,</ownDataTypeParameters>
<autoIncrementCycle>false</autoIncrementCycle>
</Column>
<Column name="NOMBRE_COMUNA" id="95953A49-8A1C-4CE5-FA71-61A4387726B7">
<createdBy>rodri</createdBy>
<createdTime>2025-10-09 20:50:56 UTC</createdTime>
<generatorID>08DC90DA-C5AF-544A-A650-1DD9680EB14F</generatorID>
<ownerDesignName>Evaluación Final Transversal</ownerDesignName>
<useDomainConstraints>false</useDomainConstraints>
<use>1</use>
<logicalDatatype>LOGDT024</logicalDatatype>
<dataTypeSize>50</dataTypeSize>
<ownDataTypeParameters>50,,</ownDataTypeParameters>
<autoIncrementCycle>false</autoIncrementCycle>
</Column>
</columns>
<indexes itemClass="oracle.dbtools.crest.model.design.relational.Index">
<ind_PK_UK id="C1B25EED-2C6F-95CA-0E2F-DEA414E3D72B" name="COMUNA_PK">
<createdBy>rodri</createdBy>
<createdTime>2025-10-09 20:50:56 UTC</createdTime>
<generatorID>A4B52174-C7BA-3CCE-D745-FF0CAA021231</generatorID>
<ownerDesignName>Evaluación Final Transversal</ownerDesignName>
<pk>true</pk>
<indexState>Primary Constraint</indexState>
<isSurrogateKey>false</isSurrogateKey>
<indexColumnUsage>
<colUsage columnID="A90032D8-BD01-4B3E-FEDA-F524B63DD8A2"/>
</indexColumnUsage>
</ind_PK_UK>
</indexes>
</Table>