<?xml version = '1.0' encoding = 'UTF-8'?>
<Table class="oracle.dbtools.crest.model.design.relational.Table" directorySegmentName="seg_0" id="C261CAD2-2D50-0EBC-659D-F548DC6CD112" name="ORDEN_MANTENCION">
<createdBy>rodri</createdBy>
<createdTime>2025-10-09 20:50:56 UTC</createdTime>
<generatorID>D944CD80-5CBE-085E-2F78-E24A52079397</generatorID>
<ownerDesignName>Evaluación Final Transversal</ownerDesignName>
<allowColumnReorder>false</allowColumnReorder>
<existDependencyGenerateInDDl>true</existDependencyGenerateInDDl>
<parsed>true</parsed>
<columns itemClass="oracle.dbtools.crest.model.design.relational.Column">
<Column name="ID_ORDEN" id="CE14448E-0925-ED17-93FE-DA75C136A1C3">
<createdBy>rodri</createdBy>
<createdTime>2025-10-09 20:50:56 UTC</createdTime>
<generatorID>9AA9C5B3-DB23-7DBA-3E48-9429DB86B583</generatorID>
<ownerDesignName>Evaluación Final Transversal</ownerDesignName>
<nullsAllowed>true</nullsAllowed>
<useDomainConstraints>false</useDomainConstraints>
<use>1</use>
<logicalDatatype>LOGDT019</logicalDatatype>
<dataTypePrecision>10</dataTypePrecision>
<ownDataTypeParameters>,10,</ownDataTypeParameters>
<autoIncrementCycle>false</autoIncrementCycle>
</Column>
<Column name="FECHA_PROGRAMADA" id="B0923B27-E00A-FE5E-9329-8DCDBB316965">
<createdBy>rodri</createdBy>
<createdTime>2025-10-09 20:50:56 UTC</createdTime>
<generatorID>83F173F3-5B65-ECF4-6107-C689B2488974</generatorID>
<ownerDesignName>Evaluación Final Transversal</ownerDesignName>
<useDomainConstraints>false</useDomainConstraints>
<use>1</use>
<logicalDatatype>LOGDT007</logicalDatatype>
<ownDataTypeParameters>,,</ownDataTypeParameters>
<autoIncrementCycle>false</autoIncrementCycle>
</Column>
<Column name="FECHA_EJECUCION" id="148C4F26-EFB3-EDC9-11BC-CAED7AA83CD3">
<createdBy>rodri</createdBy>
<createdTime>2025-10-09 20:50:56 UTC</createdTime>
<generatorID>BFBCEF02-EE2A-70AD-C3BE-1C8088D7C66E</generatorID>
<ownerDesignName>Evaluación Final Transversal</ownerDesignName>
<nullsAllowed>true</nullsAllowed>
<useDomainConstraints>false</useDomainConstraints>
<use>1</use>
<logicalDatatype>LOGDT007</logicalDatatype>
<ownDataTypeParameters>,,</ownDataTypeParameters>
<autoIncrementCycle>false</autoIncrementCycle>
</Column>
<Column name="DESCRIPCION" id="EE3207A5-DCCC-C963-0A67-046023FA65A0">
<createdBy>rodri</createdBy>
<createdTime>2025-10-09 20:50:56 UTC</createdTime>
<generatorID>AB27973D-476E-48DB-9FAC-957CA68A6447</generatorID>
<ownerDesignName>Evaluación Final Transversal</ownerDesignName>
<useDomainConstraints>false</useDomainConstraints>
<use>1</use>
<logicalDatatype>LOGDT024</logicalDatatype>
<dataTypeSize>500</dataTypeSize>
<ownDataTypeParameters>500,,</ownDataTypeParameters>
<autoIncrementCycle>false</autoIncrementCycle>
</Column>
<Column name="TECNICO_MANTENCION_ID_EMPLEADO" id="8DE9386A-76A6-BC30-4DAA-66E36F67631A">
<createdBy>rodri</createdBy>
<createdTime>2025-10-09 20:50:56 UTC</createdTime>
<generatorID>5B037738-50A7-ED7E-BA61-623F02D2F310</generatorID>
<ownerDesignName>Evaluación Final Transversal</ownerDesignName>
<useDomainConstraints>false</useDomainConstraints>
<use>1</use>
<logicalDatatype>LOGDT019</logicalDatatype>
<dataTypePrecision>8</dataTypePrecision>
<ownDataTypeParameters>,8,</ownDataTypeParameters>
<previousColumn>false</previousColumn>
<autoIncrementCycle>false</autoIncrementCycle>
<associations>
<colAssociation fkAssociation="5AE35753-DE28-DF1B-4929-3152A74AB4A0" referredColumn="674BE160-2494-1BC2-F30A-8A498BB59112"/>
</associations>
</Column>
<Column name="MAQUINA_ID_MAQUINA" id="0767C1FC-996C-9533-8E16-68ED81570D0B">
<createdBy>rodri</createdBy>
<createdTime>2025-10-09 20:50:56 UTC</createdTime>
<generatorID>046FE2AF-AFCE-982C-E15E-34D2D5EE9BDD</generatorID>
<ownerDesignName>Evaluación Final Transversal</ownerDesignName>
<useDomainConstraints>false</useDomainConstraints>
<use>1</use>
<logicalDatatype>LOGDT024</logicalDatatype>
<dataTypeSize>10</dataTypeSize>
<ownDataTypeParameters>10,,</ownDataTypeParameters>
<previousColumn>false</previousColumn>
<autoIncrementCycle>false</autoIncrementCycle>
<associations>
<colAssociation fkAssociation="C1212BA3-67FF-EF2A-8ED9-5F79EC07572D" referredColumn="555F3482-43C6-EC1C-B629-BB42D6C13A83"/>
</associations>
</Column>
<Column name="NUMERO_MAQUINA" id="5090041C-B80A-895B-216C-464D918D5E0B">
<createdBy>rodri</createdBy>
<createdTime>2025-10-09 23:20:11 UTC</createdTime>
<generatorID>314439A7-B908-4115-6E92-BDDF92E24BE0</generatorID>
<ownerDesignName>Evaluación Final Transversal</ownerDesignName>
<useDomainConstraints>false</useDomainConstraints>
<use>1</use>
<logicalDatatype>LOGDT019</logicalDatatype>
<ownDataTypeParameters>,,</ownDataTypeParameters>
<previousColumn>false</previousColumn>
<autoIncrementCycle>false</autoIncrementCycle>
</Column>
<Column name="NUMERO_MAQUINA1" id="F34F9741-C173-524C-7466-E50054D8E7BA">
<createdBy>rodri</createdBy>
<createdTime>2025-10-10 00:19:05 UTC</createdTime>
<generatorID>5A913520-7088-FEDA-55AE-898685DA8AAC</generatorID>
<ownerDesignName>Evaluación Final Transversal</ownerDesignName>
<useDomainConstraints>false</useDomainConstraints>
<use>1</use>
<logicalDatatype>LOGDT019</logicalDatatype>
<dataTypePrecision>5</dataTypePrecision>
<ownDataTypeParameters>,5,</ownDataTypeParameters>
<previousColumn>false</previousColumn>
<autoIncrementCycle>false</autoIncrementCycle>
</Column>
<Column name="NOMBRE_MAQUINA" id="ABFCA6A2-6BD4-7733-81F4-EF8EB4CE84E8">
<createdBy>rodri</createdBy>
<createdTime>2025-10-10 00:19:05 UTC</createdTime>
<generatorID>AF04B353-63A0-5C48-E8CC-2C6C02AA0605</generatorID>
<ownerDesignName>Evaluación Final Transversal</ownerDesignName>
<useDomainConstraints>false</useDomainConstraints>
<use>1</use>
<logicalDatatype>LOGDT024</logicalDatatype>
<dataTypeSize>100</dataTypeSize>
<ownDataTypeParameters>100,,</ownDataTypeParameters>
<previousColumn>false</previousColumn>
<autoIncrementCycle>false</autoIncrementCycle>
</Column>
</columns>
<indexes itemClass="oracle.dbtools.crest.model.design.relational.Index">
<ind_PK_UK id="FEADA8CC-19F1-1C50-8423-8F8CFAECFF67" name="ORDEN_MANTENCION_TECNICO_MANTENCION_FK">
<createdBy>rodri</createdBy>
<createdTime>2025-10-09 20:50:56 UTC</createdTime>
<generatorID>09D17E10-3D2D-8E53-8F34-2FD5CC003B14</generatorID>
<ownerDesignName>Evaluación Final Transversal</ownerDesignName>
<indexState>Foreign Key</indexState>
<isSurrogateKey>false</isSurrogateKey>
<indexColumnUsage>
<colUsage columnID="8DE9386A-76A6-BC30-4DAA-66E36F67631A"/>
</indexColumnUsage>
</ind_PK_UK>
<ind_PK_UK id="CFA16F4C-707B-AF07-FBCD-549A02BF217A" name="ORDEN_MANTENCION_MAQUINA_FK">
<createdBy>rodri</createdBy>
<createdTime>2025-10-09 20:50:56 UTC</createdTime>
<generatorID>E5EA3DF6-F024-750C-2172-05E5E619A64E</generatorID>
<ownerDesignName>Evaluación Final Transversal</ownerDesignName>
<indexState>Foreign Key</indexState>
<isSurrogateKey>false</isSurrogateKey>
<indexColumnUsage>
<colUsage columnID="0767C1FC-996C-9533-8E16-68ED81570D0B"/>
</indexColumnUsage>
</ind_PK_UK>
</indexes>
</Table>