<?xml version = '1.0' encoding = 'UTF-8'?>
<Relation class="oracle.dbtools.crest.model.design.logical.Relation" name="Relation_13" directorySegmentName="seg_0" id="09D17E10-3D2D-8E53-8F34-2FD5CC003B14">
<createdBy>rodri</createdBy>
<createdTime>2025-10-09 20:34:27 UTC</createdTime>
<ownerDesignName>Evaluación Final Transversal</ownerDesignName>
<engineerTo>
<item key="1BA74862-06A5-31D3-273E-3912B6FE0E96" value="true"/>
</engineerTo>
<sourcePk>7E6A8B77-6DA4-02ED-2EF6-A122BC7745F4</sourcePk>
<identifying>false</identifying>
<optionalSource>false</optionalSource>
<optionalTarget>false</optionalTarget>
<sourceCardinality>1</sourceCardinality>
<sourceEntity>C8A413F3-7A44-489E-BCE6-955AD20D5293</sourceEntity>
<targetCardinalityString>*</targetCardinalityString>
<targetEntity>D944CD80-5CBE-085E-2F78-E24A52079397</targetEntity>
<transferable>true</transferable>
<deleteRule>NO ACTION</deleteRule>
</Relation>