<?xml version = '1.0' encoding = 'UTF-8'?>
<Relation class="oracle.dbtools.crest.model.design.logical.Relation" name="Relation_5" directorySegmentName="seg_0" id="1CA49578-DCB1-2C36-ABB2-42D817D9F9E9">
<createdBy>rodri</createdBy>
<createdTime>2025-10-09 20:05:46 UTC</createdTime>
<ownerDesignName>Evaluación Final Transversal</ownerDesignName>
<engineerTo>
<item key="1BA74862-06A5-31D3-273E-3912B6FE0E96" value="true"/>
</engineerTo>
<sourcePk>5F3F15BF-1DFA-75A7-F9D5-B331BC65367E</sourcePk>
<targetPk>0B4E6013-7CBF-6C09-D421-A9EC2C9579E3</targetPk>
<identifying>false</identifying>
<optionalSource>false</optionalSource>
<optionalTarget>false</optionalTarget>
<sourceCardinality>1</sourceCardinality>
<sourceEntity>131E7675-B5A0-797E-B8F1-DE9C6C495580</sourceEntity>
<targetCardinalityString>1</targetCardinalityString>
<targetEntity>A3D442E5-4361-6901-DDB9-6392DA7B399D</targetEntity>
<transferable>true</transferable>
<deleteRule>NO ACTION</deleteRule>
</Relation>