<?xml version = '1.0' encoding = 'UTF-8'?>
<Relation class="oracle.dbtools.crest.model.design.logical.Relation" name="Relation_3" directorySegmentName="seg_0" id="2355CF54-D2C1-D081-94B0-709270C60392">
<createdBy>rodri</createdBy>
<createdTime>2025-10-09 19:56:17 UTC</createdTime>
<ownerDesignName>Evaluación Final Transversal</ownerDesignName>
<engineerTo>
<item key="1BA74862-06A5-31D3-273E-3912B6FE0E96" value="true"/>
</engineerTo>
<targetPk>5F3F15BF-1DFA-75A7-F9D5-B331BC65367E</targetPk>
<identifying>false</identifying>
<optionalSource>false</optionalSource>
<optionalTarget>false</optionalTarget>
<sourceCardinality>1</sourceCardinality>
<sourceEntity>131E7675-B5A0-797E-B8F1-DE9C6C495580</sourceEntity>
<targetCardinalityString>*</targetCardinalityString>
<targetEntity>131E7675-B5A0-797E-B8F1-DE9C6C495580</targetEntity>
<transferable>true</transferable>
<deleteRule>NO ACTION</deleteRule>
</Relation>