<?xml version = '1.0' encoding = 'UTF-8'?>
<Relation class="oracle.dbtools.crest.model.design.logical.Relation" name="Relation_2" directorySegmentName="seg_0" id="513CB0EE-391E-996F-B28D-95CCADE04CE6">
<createdBy>rodri</createdBy>
<createdTime>2025-10-09 19:54:41 UTC</createdTime>
<ownerDesignName>Evaluación Final Transversal</ownerDesignName>
<engineerTo>
<item key="1BA74862-06A5-31D3-273E-3912B6FE0E96" value="true"/>
</engineerTo>
<targetPk>A4B52174-C7BA-3CCE-D745-FF0CAA021231</targetPk>
<identifying>false</identifying>
<optionalSource>false</optionalSource>
<optionalTarget>false</optionalTarget>
<sourceCardinality>*</sourceCardinality>
<sourceEntity>B88B5E00-47F7-33A1-38DA-ECD2A4633773</sourceEntity>
<targetCardinalityString>1</targetCardinalityString>
<targetEntity>D23C43B1-F2B1-AE24-0DD0-E4D0F3AF6F8E</targetEntity>
<transferable>true</transferable>
<deleteRule>NO ACTION</deleteRule>
</Relation>