<?xml version = '1.0' encoding = 'UTF-8'?>
<Relation class="oracle.dbtools.crest.model.design.logical.Relation" name="Relation_10" directorySegmentName="seg_0" id="5F2F9B52-B191-9736-12CD-B0B6F47E978F">
<createdBy>rodri</createdBy>
<createdTime>2025-10-09 20:12:53 UTC</createdTime>
<ownerDesignName>Evaluación Final Transversal</ownerDesignName>
<engineerTo>
<item key="1BA74862-06A5-31D3-273E-3912B6FE0E96" value="true"/>
</engineerTo>
<sourcePk>5F3F15BF-1DFA-75A7-F9D5-B331BC65367E</sourcePk>
<targetPk>8CB820E8-0DE1-5A32-2194-A03DBEC0F45E</targetPk>
<identifying>false</identifying>
<optionalSource>false</optionalSource>
<optionalTarget>false</optionalTarget>
<sourceCardinality>1</sourceCardinality>
<sourceEntity>131E7675-B5A0-797E-B8F1-DE9C6C495580</sourceEntity>
<targetCardinalityString>1</targetCardinalityString>
<targetEntity>C5773223-3B98-F5BE-9015-9EBE7DF03194</targetEntity>
<transferable>true</transferable>
<deleteRule>NO ACTION</deleteRule>
</Relation>