<?xml version = '1.0' encoding = 'UTF-8'?>
<Relation class="oracle.dbtools.crest.model.design.logical.Relation" name="Relation_12" directorySegmentName="seg_0" id="655C0CCA-117D-15D3-FA06-4651468AEA80">
<createdBy>rodri</createdBy>
<createdTime>2025-10-09 20:15:16 UTC</createdTime>
<ownerDesignName>Evaluación Final Transversal</ownerDesignName>
<engineerTo>
<item key="1BA74862-06A5-31D3-273E-3912B6FE0E96" value="true"/>
</engineerTo>
<sourcePk>5B7D5AC8-F601-6200-641A-AFC223F88DDC</sourcePk>
<identifying>false</identifying>
<optionalSource>false</optionalSource>
<optionalTarget>false</optionalTarget>
<sourceCardinality>1</sourceCardinality>
<sourceEntity>B88B5E00-47F7-33A1-38DA-ECD2A4633773</sourceEntity>
<targetCardinalityString>*</targetCardinalityString>
<targetEntity>889BE31D-B2A3-93DE-CA53-B2920391A1C9</targetEntity>
<transferable>true</transferable>
<deleteRule>NO ACTION</deleteRule>
</Relation>