<?xml version = '1.0' encoding = 'UTF-8'?>
<Relation class="oracle.dbtools.crest.model.design.logical.Relation" name="Relation_11" directorySegmentName="seg_0" id="6DB75B3D-DE81-5256-B8EE-3F76243E5ED7">
<createdBy>rodri</createdBy>
<createdTime>2025-10-09 20:14:08 UTC</createdTime>
<ownerDesignName>Evaluación Final Transversal</ownerDesignName>
<engineerTo>
<item key="1BA74862-06A5-31D3-273E-3912B6FE0E96" value="true"/>
</engineerTo>
<sourcePk>5AAB8315-B5B5-21E2-6C04-6673B6CE03A3</sourcePk>
<targetPk>F1B8163C-1EEB-9A37-EB5F-882280B5283C</targetPk>
<identifying>false</identifying>
<optionalSource>false</optionalSource>
<optionalTarget>false</optionalTarget>
<sourceCardinality>*</sourceCardinality>
<sourceEntity>889BE31D-B2A3-93DE-CA53-B2920391A1C9</sourceEntity>
<targetCardinalityString>1</targetCardinalityString>
<targetEntity>EEEAD083-BD3E-98EA-DCB7-B7A5913623A7</targetEntity>
<transferable>true</transferable>
<deleteRule>NO ACTION</deleteRule>
</Relation>