<?xml version = '1.0' encoding = 'UTF-8'?>
<Relation class="oracle.dbtools.crest.model.design.logical.Relation" name="Relation_19" directorySegmentName="seg_0" id="73F22679-8EDB-985E-2459-89A2C84D8627">
<createdBy>rodri</createdBy>
<createdTime>2025-10-10 00:37:32 UTC</createdTime>
<ownerDesignName>Evaluación Final Transversal</ownerDesignName>
<engineerTo>
<item key="1BA74862-06A5-31D3-273E-3912B6FE0E96" value="true"/>
</engineerTo>
<sourcePk>AE9259DE-FB2D-0E5C-B056-1F51B0E143AF</sourcePk>
<identifying>false</identifying>
<optionalSource>true</optionalSource>
<optionalTarget>false</optionalTarget>
<sourceCardinality>1</sourceCardinality>
<sourceEntity>BFE0A1C1-9910-0A38-A9EC-CB696C129B3B</sourceEntity>
<targetCardinalityString>*</targetCardinalityString>
<targetEntity>596618CD-81EA-E7CC-1918-46292DFAE200</targetEntity>
<transferable>true</transferable>
<deleteRule>NO ACTION</deleteRule>
</Relation>