<?xml version = '1.0' encoding = 'UTF-8'?>
<Relation class="oracle.dbtools.crest.model.design.logical.Relation" name="Relation_1" directorySegmentName="seg_0" id="79FFAC2E-7865-08C0-0068-0862D514B178">
<createdBy>rodri</createdBy>
<createdTime>2025-10-09 19:46:43 UTC</createdTime>
<ownerDesignName>Evaluación Final Transversal</ownerDesignName>
<engineerTo>
<item key="1BA74862-06A5-31D3-273E-3912B6FE0E96" value="true"/>
</engineerTo>
<targetPk>A4B52174-C7BA-3CCE-D745-FF0CAA021231</targetPk>
<identifying>false</identifying>
<optionalSource>false</optionalSource>
<optionalTarget>false</optionalTarget>
<sourceCardinality>*</sourceCardinality>
<sourceEntity>1D3A6E23-E2A4-E47D-B71A-1FA2591B299F</sourceEntity>
<targetCardinalityString>1</targetCardinalityString>
<targetEntity>D23C43B1-F2B1-AE24-0DD0-E4D0F3AF6F8E</targetEntity>
<transferable>true</transferable>
<deleteRule>NO ACTION</deleteRule>
</Relation>