<?xml version = '1.0' encoding = 'UTF-8'?>
<Relation class="oracle.dbtools.crest.model.design.logical.Relation" name="Relation_18" directorySegmentName="seg_0" id="A9620F74-7F6B-8874-8924-E9FA3D457A60">
<createdBy>rodri</createdBy>
<createdTime>2025-10-10 00:35:45 UTC</createdTime>
<ownerDesignName>Evaluación Final Transversal</ownerDesignName>
<engineerTo>
<item key="1BA74862-06A5-31D3-273E-3912B6FE0E96" value="true"/>
</engineerTo>
<sourcePk>4C20DE7B-F4D9-4487-8C23-09E707369ADC</sourcePk>
<targetPk>5F3F15BF-1DFA-75A7-F9D5-B331BC65367E</targetPk>
<identifying>false</identifying>
<optionalSource>false</optionalSource>
<optionalTarget>false</optionalTarget>
<sourceCardinality>*</sourceCardinality>
<sourceEntity>596618CD-81EA-E7CC-1918-46292DFAE200</sourceEntity>
<targetCardinalityString>1</targetCardinalityString>
<targetEntity>131E7675-B5A0-797E-B8F1-DE9C6C495580</targetEntity>
<transferable>true</transferable>
<deleteRule>NO ACTION</deleteRule>
</Relation>