<?xml version = '1.0' encoding = 'UTF-8'?>
<Relation class="oracle.dbtools.crest.model.design.logical.Relation" name="Relation_15" directorySegmentName="seg_0" id="BF2914DC-83D2-E979-1ECD-FD210BB05FA3">
<createdBy>rodri</createdBy>
<createdTime>2025-10-09 20:37:27 UTC</createdTime>
<ownerDesignName>Evaluación Final Transversal</ownerDesignName>
<engineerTo>
<item key="1BA74862-06A5-31D3-273E-3912B6FE0E96" value="true"/>
</engineerTo>
<sourcePk>5F3F15BF-1DFA-75A7-F9D5-B331BC65367E</sourcePk>
<identifying>false</identifying>
<optionalSource>false</optionalSource>
<optionalTarget>false</optionalTarget>
<sourceCardinality>1</sourceCardinality>
<sourceEntity>131E7675-B5A0-797E-B8F1-DE9C6C495580</sourceEntity>
<targetCardinalityString>*</targetCardinalityString>
<targetEntity>BFE0A1C1-9910-0A38-A9EC-CB696C129B3B</targetEntity>
<transferable>true</transferable>
<deleteRule>NO ACTION</deleteRule>
</Relation>