<?xml version = '1.0' encoding = 'UTF-8'?>
<Relation class="oracle.dbtools.crest.model.design.logical.Relation" name="Relation_8" directorySegmentName="seg_0" id="C755764C-682A-131F-4FAD-536661686EF6">
<createdBy>rodri</createdBy>
<createdTime>2025-10-09 20:06:57 UTC</createdTime>
<ownerDesignName>Evaluación Final Transversal</ownerDesignName>
<engineerTo>
<item key="1BA74862-06A5-31D3-273E-3912B6FE0E96" value="true"/>
</engineerTo>
<sourcePk>5F3F15BF-1DFA-75A7-F9D5-B331BC65367E</sourcePk>
<targetPk>7E6A8B77-6DA4-02ED-2EF6-A122BC7745F4</targetPk>
<identifying>false</identifying>
<optionalSource>false</optionalSource>
<optionalTarget>false</optionalTarget>
<sourceCardinality>1</sourceCardinality>
<sourceEntity>131E7675-B5A0-797E-B8F1-DE9C6C495580</sourceEntity>
<targetCardinalityString>1</targetCardinalityString>
<targetEntity>C8A413F3-7A44-489E-BCE6-955AD20D5293</targetEntity>
<transferable>true</transferable>
<deleteRule>NO ACTION</deleteRule>
</Relation>