<?xml version = '1.0' encoding = 'UTF-8'?>
<Relation class="oracle.dbtools.crest.model.design.logical.Relation" name="Relation_4" directorySegmentName="seg_0" id="D6BEF8C7-8247-2AC5-2A65-01D112A07431">
<createdBy>rodri</createdBy>
<createdTime>2025-10-09 19:57:21 UTC</createdTime>
<ownerDesignName>Evaluación Final Transversal</ownerDesignName>
<engineerTo>
<item key="1BA74862-06A5-31D3-273E-3912B6FE0E96" value="true"/>
</engineerTo>
<sourcePk>5B7D5AC8-F601-6200-641A-AFC223F88DDC</sourcePk>
<identifying>false</identifying>
<optionalSource>false</optionalSource>
<optionalTarget>false</optionalTarget>
<sourceCardinality>1</sourceCardinality>
<sourceEntity>B88B5E00-47F7-33A1-38DA-ECD2A4633773</sourceEntity>
<targetCardinalityString>*</targetCardinalityString>
<targetEntity>131E7675-B5A0-797E-B8F1-DE9C6C495580</targetEntity>
<transferable>true</transferable>
<deleteRule>NO ACTION</deleteRule>
</Relation>