<?xml version = '1.0' encoding = 'UTF-8'?>
<Relation class="oracle.dbtools.crest.model.design.logical.Relation" name="Relation_14" directorySegmentName="seg_0" id="E5EA3DF6-F024-750C-2172-05E5E619A64E">
<createdBy>rodri</createdBy>
<createdTime>2025-10-09 20:35:22 UTC</createdTime>
<ownerDesignName>Evaluación Final Transversal</ownerDesignName>
<engineerTo>
<item key="1BA74862-06A5-31D3-273E-3912B6FE0E96" value="true"/>
</engineerTo>
<sourcePk>5AAB8315-B5B5-21E2-6C04-6673B6CE03A3</sourcePk>
<identifying>false</identifying>
<optionalSource>false</optionalSource>
<optionalTarget>false</optionalTarget>
<sourceCardinality>1</sourceCardinality>
<sourceEntity>889BE31D-B2A3-93DE-CA53-B2920391A1C9</sourceEntity>
<targetCardinalityString>*</targetCardinalityString>
<targetEntity>D944CD80-5CBE-085E-2F78-E24A52079397</targetEntity>
<transferable>true</transferable>
<deleteRule>NO ACTION</deleteRule>
</Relation>