<?xml version = '1.0' encoding = 'UTF-8'?>
<Relation class="oracle.dbtools.crest.model.design.logical.Relation" name="Relation_21" directorySegmentName="seg_0" id="3702B6EB-6171-B584-A584-73802CBF31DB">
<createdBy>rodri</createdBy>
<createdTime>2025-09-01 22:07:36 UTC</createdTime>
<ownerDesignName>Trabajo_Sem3</ownerDesignName>
<engineerTo>
<item key="3DB25668-0EDE-2CAA-C44B-53E37E1F957B" value="true"/>
</engineerTo>
<sourcePk>B477FF65-E8F3-B411-2DE9-D8014A9407BE</sourcePk>
<targetPk>14ADAE55-6C6D-A6E6-DC35-66D7259D57F4</targetPk>
<identifying>false</identifying>
<optionalSource>false</optionalSource>
<optionalTarget>false</optionalTarget>
<sourceCardinality>1</sourceCardinality>
<sourceEntity>0DE2CEBC-2F85-AC9E-69DB-7F2DA7E7FDAC</sourceEntity>
<targetCardinalityString>*</targetCardinalityString>
<targetEntity>18E2DA2E-6E18-6E3F-FAA2-85E3BE44CC32</targetEntity>
<transferable>true</transferable>
<deleteRule>NO ACTION</deleteRule>
</Relation>