<?xml version = '1.0' encoding = 'UTF-8'?>
<Relation class="oracle.dbtools.crest.model.design.logical.Relation" name="Relation_7" directorySegmentName="seg_0" id="4E6779A3-5147-1D73-6805-FA61094ED3F9">
<createdBy>rodri</createdBy>
<createdTime>2025-09-01 21:04:45 UTC</createdTime>
<ownerDesignName>Trabajo_Sem3</ownerDesignName>
<engineerTo>
<item key="3DB25668-0EDE-2CAA-C44B-53E37E1F957B" value="true"/>
</engineerTo>
<sourcePk>A0334523-927C-5FBE-EC4C-94BFB935B88E</sourcePk>
<targetPk>C432A7C1-12BC-4B65-0D5E-88284A8342B2</targetPk>
<identifying>false</identifying>
<optionalSource>false</optionalSource>
<optionalTarget>false</optionalTarget>
<sourceCardinality>1</sourceCardinality>
<sourceEntity>986445F2-3299-9EA5-B7DC-2B20E1757966</sourceEntity>
<targetCardinalityString>*</targetCardinalityString>
<targetEntity>556B2F4C-95FE-7D19-3F61-9E78496278F2</targetEntity>
<transferable>true</transferable>
<deleteRule>NO ACTION</deleteRule>
</Relation>