<?xml version = '1.0' encoding = 'UTF-8'?>
<Relation class="oracle.dbtools.crest.model.design.logical.Relation" name="Relation_22" directorySegmentName="seg_0" id="50DFAAF3-90AD-7312-4BF1-11245E4FED6E">
<createdBy>rodri</createdBy>
<createdTime>2025-09-01 22:34:05 UTC</createdTime>
<ownerDesignName>Trabajo_Sem3</ownerDesignName>
<engineerTo>
<item key="3DB25668-0EDE-2CAA-C44B-53E37E1F957B" value="true"/>
</engineerTo>
<useSurrogateKey>true</useSurrogateKey>
<sourcePk>C432A7C1-12BC-4B65-0D5E-88284A8342B2</sourcePk>
<targetPk>B477FF65-E8F3-B411-2DE9-D8014A9407BE</targetPk>
<identifying>false</identifying>
<optionalSource>true</optionalSource>
<optionalTarget>true</optionalTarget>
<sourceCardinality>1</sourceCardinality>
<sourceEntity>556B2F4C-95FE-7D19-3F61-9E78496278F2</sourceEntity>
<targetCardinalityString>*</targetCardinalityString>
<targetEntity>0DE2CEBC-2F85-AC9E-69DB-7F2DA7E7FDAC</targetEntity>
<transferable>true</transferable>
<deleteRule>NO ACTION</deleteRule>
</Relation>