<?xml version = '1.0' encoding = 'UTF-8'?>
<Relation class="oracle.dbtools.crest.model.design.logical.Relation" name="Relation_20" directorySegmentName="seg_0" id="57E5D9CB-56AC-B159-65F3-C81B3A366B40">
<createdBy>rodri</createdBy>
<createdTime>2025-09-01 22:05:46 UTC</createdTime>
<ownerDesignName>Trabajo_Sem3</ownerDesignName>
<engineerTo>
<item key="3DB25668-0EDE-2CAA-C44B-53E37E1F957B" value="true"/>
</engineerTo>
<sourcePk>F94DDEE6-A869-641E-E568-62BC0ACAC9E0</sourcePk>
<targetPk>8F798A36-04BE-8EB7-25E2-9414F81415C0</targetPk>
<identifying>false</identifying>
<optionalSource>false</optionalSource>
<optionalTarget>false</optionalTarget>
<sourceCardinality>1</sourceCardinality>
<sourceEntity>E0A6C2C5-A834-48E4-2759-ACCB91F249DB</sourceEntity>
<targetCardinalityString>*</targetCardinalityString>
<targetEntity>445EBCFD-DBF4-A067-022F-C4D0E8DF9B3A</targetEntity>
<transferable>true</transferable>
<deleteRule>NO ACTION</deleteRule>
</Relation>