<?xml version = '1.0' encoding = 'UTF-8'?>
<Relation class="oracle.dbtools.crest.model.design.logical.Relation" name="Relation_19" directorySegmentName="seg_0" id="614B8AC7-D041-D126-4272-BD4F10B73E44">
<createdBy>rodri</createdBy>
<createdTime>2025-09-01 21:57:03 UTC</createdTime>
<ownerDesignName>Trabajo_Sem3</ownerDesignName>
<engineerTo>
<item key="3DB25668-0EDE-2CAA-C44B-53E37E1F957B" value="true"/>
</engineerTo>
<targetPk>1BF7F843-B452-4086-43E9-7F4A43291DF4</targetPk>
<identifying>false</identifying>
<optionalSource>true</optionalSource>
<optionalTarget>false</optionalTarget>
<sourceCardinality>1</sourceCardinality>
<sourceEntity>381D5C63-40B8-F4C6-E306-1B7161674249</sourceEntity>
<targetCardinalityString>*</targetCardinalityString>
<targetEntity>381D5C63-40B8-F4C6-E306-1B7161674249</targetEntity>
<transferable>true</transferable>
<deleteRule>NO ACTION</deleteRule>
</Relation>