<?xml version = '1.0' encoding = 'UTF-8'?>
<Relation class="oracle.dbtools.crest.model.design.logical.Relation" name="Relation_14" directorySegmentName="seg_0" id="87CFF995-A347-3DF9-1B94-2832AB3BF24F">
<createdBy>rodri</createdBy>
<createdTime>2025-09-01 21:15:45 UTC</createdTime>
<ownerDesignName>Trabajo_Sem3</ownerDesignName>
<engineerTo>
<item key="3DB25668-0EDE-2CAA-C44B-53E37E1F957B" value="true"/>
</engineerTo>
<sourcePk>8F798A36-04BE-8EB7-25E2-9414F81415C0</sourcePk>
<targetPk>14ADAE55-6C6D-A6E6-DC35-66D7259D57F4</targetPk>
<identifying>false</identifying>
<optionalSource>false</optionalSource>
<optionalTarget>false</optionalTarget>
<sourceCardinality>1</sourceCardinality>
<sourceEntity>445EBCFD-DBF4-A067-022F-C4D0E8DF9B3A</sourceEntity>
<targetCardinalityString>*</targetCardinalityString>
<targetEntity>18E2DA2E-6E18-6E3F-FAA2-85E3BE44CC32</targetEntity>
<transferable>true</transferable>
<deleteRule>NO ACTION</deleteRule>
</Relation>