<?xml version = '1.0' encoding = 'UTF-8'?>
<Relation class="oracle.dbtools.crest.model.design.logical.Relation" name="Relation_18" directorySegmentName="seg_0" id="CB8B72D8-42CC-8D13-3D14-1EA996A2B888">
<createdBy>rodri</createdBy>
<createdTime>2025-09-01 21:54:05 UTC</createdTime>
<ownerDesignName>Trabajo_Sem3</ownerDesignName>
<engineerTo>
<item key="3DB25668-0EDE-2CAA-C44B-53E37E1F957B" value="true"/>
</engineerTo>
<sourcePk>A0334523-927C-5FBE-EC4C-94BFB935B88E</sourcePk>
<targetPk>1BF7F843-B452-4086-43E9-7F4A43291DF4</targetPk>
<identifying>false</identifying>
<optionalSource>false</optionalSource>
<optionalTarget>false</optionalTarget>
<sourceCardinality>1</sourceCardinality>
<sourceEntity>986445F2-3299-9EA5-B7DC-2B20E1757966</sourceEntity>
<targetCardinalityString>*</targetCardinalityString>
<targetEntity>4B7FBBD2-2442-E853-5010-D67F9729AE30</targetEntity>
<transferable>true</transferable>
<deleteRule>NO ACTION</deleteRule>
</Relation>