<?xml version = '1.0' encoding = 'UTF-8'?>
<Relation class="oracle.dbtools.crest.model.design.logical.Relation" name="Relation_9" directorySegmentName="seg_0" id="1F919661-B448-071E-32E2-7591415EF9CC">
<createdBy>rodri</createdBy>
<createdTime>2025-09-08 17:21:33 UTC</createdTime>
<ownerDesignName>traabajoS4</ownerDesignName>
<engineerTo>
<item key="E641D91F-A0AF-57A5-E9E8-7936B3033959" value="true"/>
</engineerTo>
<sourcePk>73CE04BC-6642-42FA-EF91-5B091A6F678D</sourcePk>
<targetPk>072716A4-F70F-B1B2-6EB0-E12573A8193C</targetPk>
<identifying>false</identifying>
<optionalSource>false</optionalSource>
<optionalTarget>false</optionalTarget>
<sourceCardinality>1</sourceCardinality>
<sourceEntity>F40F90A6-B661-9790-AD1E-430683D9F27C</sourceEntity>
<targetCardinalityString>*</targetCardinalityString>
<targetEntity>670D3B55-C5A5-BDAB-4F2C-21F976E6F6C1</targetEntity>
<transferable>true</transferable>
<deleteRule>NO ACTION</deleteRule>
</Relation>