<?xml version = '1.0' encoding = 'UTF-8'?>
<Relation class="oracle.dbtools.crest.model.design.logical.Relation" name="Relation_6" directorySegmentName="seg_0" id="3A97A1CB-AA76-97EB-B0EE-682443F05EE5">
<createdBy>rodri</createdBy>
<createdTime>2025-09-08 15:25:34 UTC</createdTime>
<ownerDesignName>traabajoS4</ownerDesignName>
<engineerTo>
<item key="E641D91F-A0AF-57A5-E9E8-7936B3033959" value="true"/>
</engineerTo>
<sourcePk>595834A7-751A-58E1-2B8F-8EC1E80ED062</sourcePk>
<targetPk>18B5042F-257A-7BAB-CE69-3EDC92976B0F</targetPk>
<identifying>false</identifying>
<optionalSource>false</optionalSource>
<optionalTarget>false</optionalTarget>
<sourceCardinality>1</sourceCardinality>
<sourceEntity>8981A5A8-63BE-C506-C1A3-B66A81A798E4</sourceEntity>
<targetCardinalityString>1</targetCardinalityString>
<targetEntity>5D072F41-2BA2-1EE5-8829-0667A64CADD8</targetEntity>
<transferable>true</transferable>
<deleteRule>NO ACTION</deleteRule>
</Relation>