<?xml version = '1.0' encoding = 'UTF-8'?>
<Relation class="oracle.dbtools.crest.model.design.logical.Relation" name="Relation_3" directorySegmentName="seg_0" id="81FC71D2-7B8B-35FE-42C9-9960E7E96856">
<createdBy>rodri</createdBy>
<createdTime>2025-09-08 15:20:12 UTC</createdTime>
<ownerDesignName>traabajoS4</ownerDesignName>
<engineerTo>
<item key="E641D91F-A0AF-57A5-E9E8-7936B3033959" value="true"/>
</engineerTo>
<sourcePk>73CE04BC-6642-42FA-EF91-5B091A6F678D</sourcePk>
<targetPk>595834A7-751A-58E1-2B8F-8EC1E80ED062</targetPk>
<identifying>false</identifying>
<optionalSource>false</optionalSource>
<optionalTarget>false</optionalTarget>
<sourceCardinality>*</sourceCardinality>
<sourceEntity>F40F90A6-B661-9790-AD1E-430683D9F27C</sourceEntity>
<targetCardinalityString>1</targetCardinalityString>
<targetEntity>8981A5A8-63BE-C506-C1A3-B66A81A798E4</targetEntity>
<transferable>true</transferable>
<deleteRule>NO ACTION</deleteRule>
</Relation>