<?xml version = '1.0' encoding = 'UTF-8'?>
<Relation class="oracle.dbtools.crest.model.design.logical.Relation" name="Relation_1" directorySegmentName="seg_0" id="AF76A56C-29A1-69E3-BE65-0B541088EE03">
<createdBy>rodri</createdBy>
<createdTime>2025-09-08 14:23:16 UTC</createdTime>
<ownerDesignName>traabajoS4</ownerDesignName>
<engineerTo>
<item key="E641D91F-A0AF-57A5-E9E8-7936B3033959" value="true"/>
</engineerTo>
<identifying>false</identifying>
<optionalSource>false</optionalSource>
<optionalTarget>false</optionalTarget>
<sourceCardinality>*</sourceCardinality>
<sourceEntity>F40F90A6-B661-9790-AD1E-430683D9F27C</sourceEntity>
<targetCardinalityString>*</targetCardinalityString>
<targetEntity>829151C9-440F-E4FF-7EF4-80F601C474B1</targetEntity>
<transferable>true</transferable>
<deleteRule>NO ACTION</deleteRule>
</Relation>