<?xml version = '1.0' encoding = 'UTF-8'?>
<Relation class="oracle.dbtools.crest.model.design.logical.Relation" name="Relation_7" directorySegmentName="seg_0" id="B0C97390-77E5-E7EC-273C-9C0C4EFA1571">
<createdBy>rodri</createdBy>
<createdTime>2025-09-08 15:36:42 UTC</createdTime>
<ownerDesignName>traabajoS4</ownerDesignName>
<engineerTo>
<item key="E641D91F-A0AF-57A5-E9E8-7936B3033959" value="true"/>
</engineerTo>
<sourcePk>73CE04BC-6642-42FA-EF91-5B091A6F678D</sourcePk>
<targetPk>104A23B7-FB75-CBE2-057C-B42E5C6D229F</targetPk>
<identifying>false</identifying>
<optionalSource>false</optionalSource>
<optionalTarget>false</optionalTarget>
<sourceCardinality>*</sourceCardinality>
<sourceEntity>F40F90A6-B661-9790-AD1E-430683D9F27C</sourceEntity>
<targetCardinalityString>1</targetCardinalityString>
<targetEntity>1980A0FA-8CDF-E4FA-B8E7-5806966ADC8D</targetEntity>
<transferable>true</transferable>
<deleteRule>NO ACTION</deleteRule>
</Relation>