<?xml version = '1.0' encoding = 'UTF-8'?>
<Relation class="oracle.dbtools.crest.model.design.logical.Relation" name="Relation_2" directorySegmentName="seg_0" id="B4E9E94D-1A8E-A3E0-A2FC-6BA59814AE1F">
<createdBy>rodri</createdBy>
<createdTime>2025-09-08 14:34:01 UTC</createdTime>
<ownerDesignName>traabajoS4</ownerDesignName>
<engineerTo>
<item key="E641D91F-A0AF-57A5-E9E8-7936B3033959" value="true"/>
</engineerTo>
<sourcePk>104A23B7-FB75-CBE2-057C-B42E5C6D229F</sourcePk>
<targetPk>BD972142-B378-7827-4523-AE700409D0F8</targetPk>
<identifying>false</identifying>
<optionalSource>false</optionalSource>
<optionalTarget>false</optionalTarget>
<sourceCardinality>1</sourceCardinality>
<sourceEntity>1980A0FA-8CDF-E4FA-B8E7-5806966ADC8D</sourceEntity>
<targetCardinalityString>1</targetCardinalityString>
<targetEntity>B5CCEC4E-360B-61E3-2452-11F26F37ABBB</targetEntity>
<transferable>true</transferable>
<deleteRule>NO ACTION</deleteRule>
</Relation>