<?xml version = '1.0' encoding = 'UTF-8'?>
<FKIndexAssociation class="oracle.dbtools.crest.model.design.relational.FKIndexAssociation" directorySegmentName="seg_0" id="3E2A0F67-2B94-44EA-71C9-E07FB106F27B" containerWithKeyObject="239888BF-75C7-B782-7831-11AD71B8BF83" localFKIndex="2E505ABC-BED8-C65B-D5EC-DC19F0C49197" name="REGION_COMUNA_FK">
<createdBy>rodri</createdBy>
<createdTime>2025-10-09 20:50:56 UTC</createdTime>
<generatorID>79FFAC2E-7865-08C0-0068-0862D514B178</generatorID>
<ownerDesignName>Evaluación Final Transversal</ownerDesignName>
<referredTableLongName>COMUNA</referredTableLongName>
<deleteRule>NO ACTION</deleteRule>
<referredTableID>97FD6A61-7D7F-7384-A89E-66A5B8DA1BA7</referredTableID>
<keyObject>C1B25EED-2C6F-95CA-0E2F-DEA414E3D72B</keyObject>
<referredKeyID>C1B25EED-2C6F-95CA-0E2F-DEA414E3D72B</referredKeyID>
<mandatory>true</mandatory>
<refColNames>ID_COMUNA</refColNames>
<transferable>true</transferable>
<rely>false</rely>
<columnDependencyConstraintGenerateInDDL>true</columnDependencyConstraintGenerateInDDL>
</FKIndexAssociation>