<?xml version = '1.0' encoding = 'UTF-8'?>
<FKIndexAssociation class="oracle.dbtools.crest.model.design.relational.FKIndexAssociation" directorySegmentName="seg_0" id="4B646DD8-EEB0-1595-AF1B-05841BDF5E92" containerWithKeyObject="0788B48A-3724-59C5-9CE6-497B5ED02B65" localFKIndex="989AC449-DA4B-FAA6-20D2-29A48BAC3A39" name="EMPLEADO_PLANTA_FK">
<createdBy>rodri</createdBy>
<createdTime>2025-10-09 20:50:56 UTC</createdTime>
<generatorID>D6BEF8C7-8247-2AC5-2A65-01D112A07431</generatorID>
<ownerDesignName>Evaluación Final Transversal</ownerDesignName>
<referredTableLongName>PLANTA</referredTableLongName>
<deleteRule>NO ACTION</deleteRule>
<referredTableID>731DDA84-F387-65AC-F53B-587974287114</referredTableID>
<keyObject>1AACD652-6D41-3935-494F-C42D4D8DC79A</keyObject>
<referredKeyID>1AACD652-6D41-3935-494F-C42D4D8DC79A</referredKeyID>
<mandatory>true</mandatory>
<refColNames>ID_PLANTA</refColNames>
<transferable>true</transferable>
<rely>false</rely>
<columnDependencyConstraintGenerateInDDL>true</columnDependencyConstraintGenerateInDDL>
</FKIndexAssociation>