<?xml version = '1.0' encoding = 'UTF-8'?>
<FKIndexAssociation class="oracle.dbtools.crest.model.design.relational.FKIndexAssociation" directorySegmentName="seg_0" id="4C782CC7-59F7-B318-6DEE-3099567D1AFB" containerWithKeyObject="15042D91-7835-52FE-BD49-68098BDBBA34" localFKIndex="B66C4D52-2B09-581E-6727-39C014975AA9" name="ASIGNACION_TURNO_EMPLEADO_FK">
<createdBy>rodri</createdBy>
<createdTime>2025-10-10 00:39:54 UTC</createdTime>
<generatorID>A9620F74-7F6B-8874-8924-E9FA3D457A60</generatorID>
<ownerDesignName>Evaluación Final Transversal</ownerDesignName>
<referredTableLongName>EMPLEADO</referredTableLongName>
<deleteRule>NO ACTION</deleteRule>
<referredTableID>0788B48A-3724-59C5-9CE6-497B5ED02B65</referredTableID>
<keyObject>5AD46468-807E-0841-FD88-D7650CFE237E</keyObject>
<referredKeyID>5AD46468-807E-0841-FD88-D7650CFE237E</referredKeyID>
<mandatory>true</mandatory>
<refColNames>ID_EMPLEADO</refColNames>
<transferable>true</transferable>
<rely>false</rely>
<columnDependencyConstraintGenerateInDDL>true</columnDependencyConstraintGenerateInDDL>
</FKIndexAssociation>