<?xml version = '1.0' encoding = 'UTF-8'?>
<FKIndexAssociation class="oracle.dbtools.crest.model.design.relational.FKIndexAssociation" directorySegmentName="seg_0" id="4D7FA4A5-98D1-4DFD-8723-DAB30AC89AB9" containerWithKeyObject="532C39D2-FFF7-548A-E5C2-B33C60FD8EFA" localFKIndex="31E91594-B335-25B4-FCCE-59859C500A5F" name="MAQUINA_ASIGNACION_TURNO_FK">
<createdBy>rodri</createdBy>
<createdTime>2025-10-09 20:50:56 UTC</createdTime>
<generatorID>82B7D2B3-457F-9CE8-D222-FFA068B2CF85</generatorID>
<ownerDesignName>Evaluación Final Transversal</ownerDesignName>
<referredTableLongName>ASIGNACION_TURNO</referredTableLongName>
<deleteRule>NO ACTION</deleteRule>
<referredTableID>15042D91-7835-52FE-BD49-68098BDBBA34</referredTableID>
<keyObject>FEE9696E-D270-0001-E2DF-D10A2775D72E</keyObject>
<referredKeyID>FEE9696E-D270-0001-E2DF-D10A2775D72E</referredKeyID>
<mandatory>true</mandatory>
<refColNames>FECHA</refColNames>
<transferable>true</transferable>
<rely>false</rely>
<columnDependencyConstraintGenerateInDDL>true</columnDependencyConstraintGenerateInDDL>
</FKIndexAssociation>