<?xml version = '1.0' encoding = 'UTF-8'?>
<FKIndexAssociation class="oracle.dbtools.crest.model.design.relational.FKIndexAssociation" directorySegmentName="seg_0" id="52CDD076-131C-B418-19FE-D701A9F78816" containerWithKeyObject="68A94EEB-30A0-E952-47B0-2495B8EC0B8F" localFKIndex="03A08768-AB29-7F0B-9D5D-9CF1B7D07C53" name="TURNO_EMPLEADO_FK">
<createdBy>rodri</createdBy>
<createdTime>2025-10-09 20:50:56 UTC</createdTime>
<generatorID>BF2914DC-83D2-E979-1ECD-FD210BB05FA3</generatorID>
<ownerDesignName>Evaluación Final Transversal</ownerDesignName>
<referredTableLongName>EMPLEADO</referredTableLongName>
<deleteRule>NO ACTION</deleteRule>
<referredTableID>0788B48A-3724-59C5-9CE6-497B5ED02B65</referredTableID>
<keyObject>5AD46468-807E-0841-FD88-D7650CFE237E</keyObject>
<referredKeyID>5AD46468-807E-0841-FD88-D7650CFE237E</referredKeyID>
<mandatory>true</mandatory>
<refColNames>ID_EMPLEADO</refColNames>
<transferable>true</transferable>
<rely>false</rely>
<columnDependencyConstraintGenerateInDDL>true</columnDependencyConstraintGenerateInDDL>
</FKIndexAssociation>