<?xml version = '1.0' encoding = 'UTF-8'?>
<FKIndexAssociation class="oracle.dbtools.crest.model.design.relational.FKIndexAssociation" directorySegmentName="seg_0" id="5AE35753-DE28-DF1B-4929-3152A74AB4A0" containerWithKeyObject="C261CAD2-2D50-0EBC-659D-F548DC6CD112" localFKIndex="FEADA8CC-19F1-1C50-8423-8F8CFAECFF67" name="ORDEN_MANTENCION_TECNICO_MANTENCION_FK">
<createdBy>rodri</createdBy>
<createdTime>2025-10-09 20:50:56 UTC</createdTime>
<generatorID>09D17E10-3D2D-8E53-8F34-2FD5CC003B14</generatorID>
<ownerDesignName>Evaluación Final Transversal</ownerDesignName>
<referredTableLongName>TECNICO_MANTENCION</referredTableLongName>
<deleteRule>NO ACTION</deleteRule>
<referredTableID>7EDCFAA1-60B3-F178-B653-7B552397E40A</referredTableID>
<keyObject>6CE92310-FEE5-3977-B1AD-4ABD697F02BE</keyObject>
<referredKeyID>6CE92310-FEE5-3977-B1AD-4ABD697F02BE</referredKeyID>
<mandatory>true</mandatory>
<refColNames>ID_EMPLEADO</refColNames>
<transferable>true</transferable>
<rely>false</rely>
<columnDependencyConstraintGenerateInDDL>true</columnDependencyConstraintGenerateInDDL>
</FKIndexAssociation>