<?xml version = '1.0' encoding = 'UTF-8'?>
<FKIndexAssociation class="oracle.dbtools.crest.model.design.relational.FKIndexAssociation" directorySegmentName="seg_0" id="5BCA4A32-D062-B13C-7D65-84DC19EFFA24" containerWithKeyObject="15042D91-7835-52FE-BD49-68098BDBBA34" localFKIndex="4DD53418-DA35-DA79-8C59-9EC1B890C957" name="ASIGNACION_TURNO_TURNO_FK">
<createdBy>rodri</createdBy>
<createdTime>2025-10-10 00:39:54 UTC</createdTime>
<generatorID>73F22679-8EDB-985E-2459-89A2C84D8627</generatorID>
<ownerDesignName>Evaluación Final Transversal</ownerDesignName>
<referredTableLongName>TURNO</referredTableLongName>
<deleteRule>NO ACTION</deleteRule>
<referredTableID>68A94EEB-30A0-E952-47B0-2495B8EC0B8F</referredTableID>
<keyObject>05DCAB45-A686-A861-82A9-2A7219CAE1EB</keyObject>
<referredKeyID>05DCAB45-A686-A861-82A9-2A7219CAE1EB</referredKeyID>
<mandatory>true</mandatory>
<refColNames>ID_TURNO</refColNames>
<transferable>true</transferable>
<rely>false</rely>
<columnDependencyConstraintGenerateInDDL>true</columnDependencyConstraintGenerateInDDL>
</FKIndexAssociation>