<?xml version = '1.0' encoding = 'UTF-8'?>
<FKIndexAssociation class="oracle.dbtools.crest.model.design.relational.FKIndexAssociation" directorySegmentName="seg_0" id="6B50C78B-139F-7579-C04E-D196290453B4" containerWithKeyObject="731DDA84-F387-65AC-F53B-587974287114" localFKIndex="B9F41D72-F2BD-390F-7CAF-B607A398299F" name="PLANTA_COMUNA_FK">
<createdBy>rodri</createdBy>
<createdTime>2025-10-09 20:50:56 UTC</createdTime>
<generatorID>513CB0EE-391E-996F-B28D-95CCADE04CE6</generatorID>
<ownerDesignName>Evaluación Final Transversal</ownerDesignName>
<referredTableLongName>COMUNA</referredTableLongName>
<deleteRule>NO ACTION</deleteRule>
<referredTableID>97FD6A61-7D7F-7384-A89E-66A5B8DA1BA7</referredTableID>
<keyObject>C1B25EED-2C6F-95CA-0E2F-DEA414E3D72B</keyObject>
<referredKeyID>C1B25EED-2C6F-95CA-0E2F-DEA414E3D72B</referredKeyID>
<mandatory>true</mandatory>
<refColNames>ID_COMUNA</refColNames>
<transferable>true</transferable>
<rely>false</rely>
<columnDependencyConstraintGenerateInDDL>true</columnDependencyConstraintGenerateInDDL>
</FKIndexAssociation>