<?xml version = '1.0' encoding = 'UTF-8'?>
<FKIndexAssociation class="oracle.dbtools.crest.model.design.relational.FKIndexAssociation" directorySegmentName="seg_0" id="82B9FC2D-B752-9C76-B1C7-14643AEB0A78" containerWithKeyObject="532C39D2-FFF7-548A-E5C2-B33C60FD8EFA" localFKIndex="72AD60CB-0E02-F9BD-2906-4328E6D8537F" name="MAQUINA_TIPO_MAQUINA_FK">
<createdBy>rodri</createdBy>
<createdTime>2025-10-09 20:50:56 UTC</createdTime>
<generatorID>6DB75B3D-DE81-5256-B8EE-3F76243E5ED7</generatorID>
<ownerDesignName>Evaluación Final Transversal</ownerDesignName>
<referredTableLongName>TIPO_MAQUINA</referredTableLongName>
<deleteRule>NO ACTION</deleteRule>
<referredTableID>1936C6FD-E799-A6AB-E56E-57563C068A23</referredTableID>
<keyObject>1D05687A-D478-4EB1-F8E2-FA2C876B95B7</keyObject>
<referredKeyID>1D05687A-D478-4EB1-F8E2-FA2C876B95B7</referredKeyID>
<mandatory>true</mandatory>
<refColNames>ID_TIPO_MAQUINA</refColNames>
<transferable>true</transferable>
<rely>false</rely>
<columnDependencyConstraintGenerateInDDL>true</columnDependencyConstraintGenerateInDDL>
</FKIndexAssociation>