<?xml version = '1.0' encoding = 'UTF-8'?>
<FKIndexAssociation class="oracle.dbtools.crest.model.design.relational.FKIndexAssociation" directorySegmentName="seg_0" id="B3A4D06E-BCCD-0FB5-8390-738C74A236F1" containerWithKeyObject="0788B48A-3724-59C5-9CE6-497B5ED02B65" localFKIndex="D19C3FB2-B6D9-DED7-8FCD-2F1EF741D1FE" name="EMPLEADO_EMPLEADO_FK">
<createdBy>rodri</createdBy>
<createdTime>2025-10-09 20:50:56 UTC</createdTime>
<generatorID>2355CF54-D2C1-D081-94B0-709270C60392</generatorID>
<ownerDesignName>Evaluación Final Transversal</ownerDesignName>
<referredTableLongName>EMPLEADO</referredTableLongName>
<deleteRule>NO ACTION</deleteRule>
<referredTableID>0788B48A-3724-59C5-9CE6-497B5ED02B65</referredTableID>
<keyObject>5AD46468-807E-0841-FD88-D7650CFE237E</keyObject>
<referredKeyID>5AD46468-807E-0841-FD88-D7650CFE237E</referredKeyID>
<mandatory>true</mandatory>
<refColNames>ID_EMPLEADO</refColNames>
<transferable>true</transferable>
<rely>false</rely>
<columnDependencyConstraintGenerateInDDL>true</columnDependencyConstraintGenerateInDDL>
</FKIndexAssociation>