<?xml version = '1.0' encoding = 'UTF-8'?>
<FKIndexAssociation class="oracle.dbtools.crest.model.design.relational.FKIndexAssociation" directorySegmentName="seg_0" id="C1212BA3-67FF-EF2A-8ED9-5F79EC07572D" containerWithKeyObject="C261CAD2-2D50-0EBC-659D-F548DC6CD112" localFKIndex="CFA16F4C-707B-AF07-FBCD-549A02BF217A" name="ORDEN_MANTENCION_MAQUINA_FK">
<createdBy>rodri</createdBy>
<createdTime>2025-10-09 20:50:56 UTC</createdTime>
<generatorID>E5EA3DF6-F024-750C-2172-05E5E619A64E</generatorID>
<ownerDesignName>Evaluación Final Transversal</ownerDesignName>
<referredTableLongName>MAQUINA</referredTableLongName>
<deleteRule>NO ACTION</deleteRule>
<referredTableID>532C39D2-FFF7-548A-E5C2-B33C60FD8EFA</referredTableID>
<keyObject>F1D98B72-6D6F-6BCA-8C24-10EC41E1EFC7</keyObject>
<referredKeyID>F1D98B72-6D6F-6BCA-8C24-10EC41E1EFC7</referredKeyID>
<mandatory>true</mandatory>
<refColNames>ID_MAQUINA</refColNames>
<transferable>true</transferable>
<rely>false</rely>
<columnDependencyConstraintGenerateInDDL>true</columnDependencyConstraintGenerateInDDL>
</FKIndexAssociation>