<?xml version = '1.0' encoding = 'UTF-8'?>
<FKIndexAssociation class="oracle.dbtools.crest.model.design.relational.FKIndexAssociation" directorySegmentName="seg_0" id="EE712F1C-A7FA-CFA8-3E12-C54EAFB34752" containerWithKeyObject="532C39D2-FFF7-548A-E5C2-B33C60FD8EFA" localFKIndex="42D4C5EF-0350-8A8E-8462-9BCAE1DF156F" name="MAQUINA_PLANTA_FK">
<createdBy>rodri</createdBy>
<createdTime>2025-10-09 20:50:56 UTC</createdTime>
<generatorID>655C0CCA-117D-15D3-FA06-4651468AEA80</generatorID>
<ownerDesignName>Evaluación Final Transversal</ownerDesignName>
<referredTableLongName>PLANTA</referredTableLongName>
<deleteRule>NO ACTION</deleteRule>
<referredTableID>731DDA84-F387-65AC-F53B-587974287114</referredTableID>
<keyObject>1AACD652-6D41-3935-494F-C42D4D8DC79A</keyObject>
<referredKeyID>1AACD652-6D41-3935-494F-C42D4D8DC79A</referredKeyID>
<mandatory>true</mandatory>
<refColNames>ID_PLANTA</refColNames>
<transferable>true</transferable>
<rely>false</rely>
<columnDependencyConstraintGenerateInDDL>true</columnDependencyConstraintGenerateInDDL>
</FKIndexAssociation>