<?xml version = '1.0' encoding = 'UTF-8'?>
<FKIndexAssociation class="oracle.dbtools.crest.model.design.relational.FKIndexAssociation" directorySegmentName="seg_0" id="014E99F9-89B7-8A50-E4B3-55F086E17D41" containerWithKeyObject="A9A0D882-B6F9-BE4E-C2CB-BF70F1D70118" localFKIndex="E636089A-FCE3-B08C-833A-C6BA3F3E45CF" name="PILOTO_EMPLEADO_FK">
<createdBy>rodri</createdBy>
<createdTime>2025-08-25 22:54:47 UTC</createdTime>
<generatorID>03154215-5DE7-8E56-064F-7A0CAEC50CB1</generatorID>
<ownerDesignName>Treabajo_Semana2</ownerDesignName>
<referredTableLongName>EMPLEADO</referredTableLongName>
<arc>4CB67D44-ED65-9B26-CAFE-E61E50689AED</arc>
<deleteRule>NO ACTION</deleteRule>
<referredTableID>D9E61769-9114-59BE-0341-45A186B6C258</referredTableID>
<keyObject>F55850BA-10E1-8F08-AE4B-734D13D9B09F</keyObject>
<referredKeyID>F55850BA-10E1-8F08-AE4B-734D13D9B09F</referredKeyID>
<mandatory>true</mandatory>
<refColNames>RUT</refColNames>
<transferable>true</transferable>
<rely>false</rely>
<columnDependencyConstraintGenerateInDDL>true</columnDependencyConstraintGenerateInDDL>
</FKIndexAssociation>