<?xml version = '1.0' encoding = 'UTF-8'?>
<FKIndexAssociation class="oracle.dbtools.crest.model.design.relational.FKIndexAssociation" directorySegmentName="seg_0" id="0C9E0E02-6A0D-BDDC-5B09-570709AA6BFC" containerWithKeyObject="B1905DD7-9DAF-8F98-78F1-9F8B5EFC3A37" localFKIndex="1E9D53A5-67FF-CC20-3C52-43B80E4E5D66" name="RESERVA_VUELO_FK">
<createdBy>rodri</createdBy>
<createdTime>2025-08-25 22:54:47 UTC</createdTime>
<generatorID>93BEC603-100C-5A2E-F6F2-792FB556BD11</generatorID>
<ownerDesignName>Treabajo_Semana2</ownerDesignName>
<referredTableLongName>VUELO</referredTableLongName>
<deleteRule>NO ACTION</deleteRule>
<referredTableID>5923F364-8B51-77E6-0252-30E991EBDDF3</referredTableID>
<keyObject>55DA0259-6BE1-24A2-9298-0D674BC9DCCB</keyObject>
<referredKeyID>55DA0259-6BE1-24A2-9298-0D674BC9DCCB</referredKeyID>
<mandatory>true</mandatory>
<refColNames>NroVuelo</refColNames>
<transferable>true</transferable>
<rely>false</rely>
<columnDependencyConstraintGenerateInDDL>true</columnDependencyConstraintGenerateInDDL>
</FKIndexAssociation>