<?xml version = '1.0' encoding = 'UTF-8'?>
<FKIndexAssociation class="oracle.dbtools.crest.model.design.relational.FKIndexAssociation" directorySegmentName="seg_0" id="4C94EFE8-A5CC-3F26-A81E-C6DEF3D3EA3D" containerWithKeyObject="B1905DD7-9DAF-8F98-78F1-9F8B5EFC3A37" localFKIndex="0C39EBD2-46C1-56D4-6F3E-CBA8A997E827" name="RESERVA_PASAJERO_FK">
<createdBy>rodri</createdBy>
<createdTime>2025-08-25 22:54:47 UTC</createdTime>
<generatorID>F39952C3-8B5D-965F-3C0E-D6BD45C14F14</generatorID>
<ownerDesignName>Treabajo_Semana2</ownerDesignName>
<referredTableLongName>PASAJERO</referredTableLongName>
<deleteRule>NO ACTION</deleteRule>
<referredTableID>2ADC199C-3749-D96B-3C1F-D44932C4873E</referredTableID>
<keyObject>32D55E99-988E-78CB-0B28-8FDBB761DA3E</keyObject>
<referredKeyID>32D55E99-988E-78CB-0B28-8FDBB761DA3E</referredKeyID>
<mandatory>true</mandatory>
<refColNames>NumPasajero</refColNames>
<transferable>true</transferable>
<rely>false</rely>
<columnDependencyConstraintGenerateInDDL>true</columnDependencyConstraintGenerateInDDL>
</FKIndexAssociation>