<?xml version = '1.0' encoding = 'UTF-8'?>
<FKIndexAssociation class="oracle.dbtools.crest.model.design.relational.FKIndexAssociation" directorySegmentName="seg_0" id="C2AA48C9-2263-7B52-E0BE-5ED529DDE094" containerWithKeyObject="EECEBE26-904C-9946-6C8B-B0FC0996EDDB" localFKIndex="755E9A7F-9401-0509-2FD0-359F72F28797" name="ADMINISTRATIVO_EMPLEADO_FK">
<createdBy>rodri</createdBy>
<createdTime>2025-08-25 22:54:47 UTC</createdTime>
<generatorID>3AB45D16-710B-638A-842C-AFE12049258B</generatorID>
<ownerDesignName>Treabajo_Semana2</ownerDesignName>
<referredTableLongName>EMPLEADO</referredTableLongName>
<arc>4CB67D44-ED65-9B26-CAFE-E61E50689AED</arc>
<deleteRule>NO ACTION</deleteRule>
<referredTableID>D9E61769-9114-59BE-0341-45A186B6C258</referredTableID>
<keyObject>F55850BA-10E1-8F08-AE4B-734D13D9B09F</keyObject>
<referredKeyID>F55850BA-10E1-8F08-AE4B-734D13D9B09F</referredKeyID>
<mandatory>true</mandatory>
<refColNames>RUT</refColNames>
<transferable>true</transferable>
<rely>false</rely>
<columnDependencyConstraintGenerateInDDL>true</columnDependencyConstraintGenerateInDDL>
</FKIndexAssociation>