<?xml version = '1.0' encoding = 'UTF-8'?>
<FKIndexAssociation class="oracle.dbtools.crest.model.design.relational.FKIndexAssociation" directorySegmentName="seg_0" id="CD0584DA-C19E-B8C3-E55E-5C7A38192A88" containerWithKeyObject="B1905DD7-9DAF-8F98-78F1-9F8B5EFC3A37" localFKIndex="D287BB9A-2473-219C-13F5-14067E7E82B1" name="RESERVA_ADMINISTRATIVO_FK">
<createdBy>rodri</createdBy>
<createdTime>2025-08-25 22:54:47 UTC</createdTime>
<generatorID>8877DF75-D852-816F-FDB9-F8E39D282453</generatorID>
<ownerDesignName>Treabajo_Semana2</ownerDesignName>
<referredTableLongName>ADMINISTRATIVO</referredTableLongName>
<deleteRule>NO ACTION</deleteRule>
<referredTableID>EECEBE26-904C-9946-6C8B-B0FC0996EDDB</referredTableID>
<keyObject>BD2CE472-DCA8-2A25-A250-EF2721395498</keyObject>
<referredKeyID>BD2CE472-DCA8-2A25-A250-EF2721395498</referredKeyID>
<mandatory>true</mandatory>
<refColNames>RUT</refColNames>
<transferable>true</transferable>
<rely>false</rely>
<columnDependencyConstraintGenerateInDDL>true</columnDependencyConstraintGenerateInDDL>
</FKIndexAssociation>