<?xml version = '1.0' encoding = 'UTF-8'?>
<FKIndexAssociation class="oracle.dbtools.crest.model.design.relational.FKIndexAssociation" directorySegmentName="seg_0" id="D0B4B31C-A872-3FC5-C613-C6EE4EE5EAEA" containerWithKeyObject="5923F364-8B51-77E6-0252-30E991EBDDF3" localFKIndex="A43667B2-9E13-F93F-74AC-7210D01961A9" name="VUELO_AVION_FK">
<createdBy>rodri</createdBy>
<createdTime>2025-08-25 22:54:47 UTC</createdTime>
<generatorID>24C2960C-2CF8-4A9E-D766-66776D1FE1B8</generatorID>
<ownerDesignName>Treabajo_Semana2</ownerDesignName>
<referredTableLongName>AVION</referredTableLongName>
<deleteRule>NO ACTION</deleteRule>
<referredTableID>06F0B6EE-68EC-2487-5EA6-EE784E7875F6</referredTableID>
<keyObject>9107D72B-27AA-E266-3848-3E16936B2772</keyObject>
<referredKeyID>9107D72B-27AA-E266-3848-3E16936B2772</referredKeyID>
<mandatory>true</mandatory>
<refColNames>Matricula</refColNames>
<transferable>true</transferable>
<rely>false</rely>
<columnDependencyConstraintGenerateInDDL>true</columnDependencyConstraintGenerateInDDL>
</FKIndexAssociation>