<?xml version = '1.0' encoding = 'UTF-8'?>
<FKIndexAssociation class="oracle.dbtools.crest.model.design.relational.FKIndexAssociation" directorySegmentName="seg_0" id="E1B9FA29-32DA-8361-C0ED-11F9B88AB883" containerWithKeyObject="FF9734AF-35C5-FFA7-847B-29179425C3A6" localFKIndex="36FE3F70-3530-DA1F-5B29-E8F328BDE6CA" name="EQUIPAJE_PASAJERO_FK">
<createdBy>rodri</createdBy>
<createdTime>2025-08-25 22:54:47 UTC</createdTime>
<generatorID>E38A804F-BAE5-BA99-B289-0A67EB765EBE</generatorID>
<ownerDesignName>Treabajo_Semana2</ownerDesignName>
<referredTableLongName>PASAJERO</referredTableLongName>
<deleteRule>NO ACTION</deleteRule>
<referredTableID>2ADC199C-3749-D96B-3C1F-D44932C4873E</referredTableID>
<keyObject>32D55E99-988E-78CB-0B28-8FDBB761DA3E</keyObject>
<referredKeyID>32D55E99-988E-78CB-0B28-8FDBB761DA3E</referredKeyID>
<mandatory>true</mandatory>
<refColNames>NumPasajero</refColNames>
<transferable>true</transferable>
<rely>false</rely>
<columnDependencyConstraintGenerateInDDL>true</columnDependencyConstraintGenerateInDDL>
</FKIndexAssociation>