<?xml version = '1.0' encoding = 'UTF-8'?>
<FKIndexAssociation class="oracle.dbtools.crest.model.design.relational.FKIndexAssociation" directorySegmentName="seg_0" id="02D36111-D1CD-89D1-0675-53181140A1A2" containerWithKeyObject="A4721AE8-F758-FA48-FDBD-E6A100BA1561" localFKIndex="650538B8-26F5-F006-D38D-7C8D9558B363" name="Temporal_RESIDENTE_FK">
<createdBy>rodri</createdBy>
<createdTime>2025-09-01 22:11:13 UTC</createdTime>
<generatorID>27D71CCF-4421-E79A-8489-87BFE15D31DC</generatorID>
<ownerDesignName>Trabajo_Sem3</ownerDesignName>
<referredTableLongName>RESIDENTE</referredTableLongName>
<arc>C5F03A49-9438-BB32-7137-DFC14D6B3A34</arc>
<deleteRule>NO ACTION</deleteRule>
<referredTableID>A96A7B6A-CA57-050A-7F47-760B54CA7FF0</referredTableID>
<keyObject>12C960E5-026B-9DBA-C03D-26C817A619EC</keyObject>
<referredKeyID>12C960E5-026B-9DBA-C03D-26C817A619EC</referredKeyID>
<mandatory>true</mandatory>
<refColNames>Rut</refColNames>
<transferable>true</transferable>
<rely>false</rely>
<columnDependencyConstraintGenerateInDDL>true</columnDependencyConstraintGenerateInDDL>
</FKIndexAssociation>