<?xml version = '1.0' encoding = 'UTF-8'?>
<FKIndexAssociation class="oracle.dbtools.crest.model.design.relational.FKIndexAssociation" directorySegmentName="seg_0" id="1BC98855-6027-A9D9-2D95-52A6851B852C" containerWithKeyObject="E8C4DF90-1354-E4FC-BDB1-0A287EB2686D" localFKIndex="2752E2E7-01D7-785A-B12B-7029390D99C7" name="HABITACION_RESIDENCIA_FK">
<createdBy>rodri</createdBy>
<createdTime>2025-09-01 22:11:13 UTC</createdTime>
<generatorID>4E6779A3-5147-1D73-6805-FA61094ED3F9</generatorID>
<ownerDesignName>Trabajo_Sem3</ownerDesignName>
<referredTableLongName>RESIDENCIA</referredTableLongName>
<deleteRule>NO ACTION</deleteRule>
<referredTableID>FBEABB3E-7433-7A6A-2528-9803CDDAC1EE</referredTableID>
<keyObject>94FCA0D2-0468-068B-7EB5-EF4314FE4671</keyObject>
<referredKeyID>94FCA0D2-0468-068B-7EB5-EF4314FE4671</referredKeyID>
<mandatory>true</mandatory>
<refColNames>IdResidencia</refColNames>
<transferable>true</transferable>
<rely>false</rely>
<columnDependencyConstraintGenerateInDDL>true</columnDependencyConstraintGenerateInDDL>
</FKIndexAssociation>