<?xml version = '1.0' encoding = 'UTF-8'?>
<FKIndexAssociation class="oracle.dbtools.crest.model.design.relational.FKIndexAssociation" directorySegmentName="seg_0" id="34A62F16-B07A-6868-C9F6-34A769C8FEDC" containerWithKeyObject="5E649D9A-B2A6-CE94-DA76-A9DB5088E74F" localFKIndex="D0928885-ADE6-8C0C-1F97-E7E5FB2FA23C" name="PERSONAL_RESIDENCIA_FK">
<createdBy>rodri</createdBy>
<createdTime>2025-09-01 22:11:13 UTC</createdTime>
<generatorID>CB8B72D8-42CC-8D13-3D14-1EA996A2B888</generatorID>
<ownerDesignName>Trabajo_Sem3</ownerDesignName>
<referredTableLongName>RESIDENCIA</referredTableLongName>
<deleteRule>NO ACTION</deleteRule>
<referredTableID>FBEABB3E-7433-7A6A-2528-9803CDDAC1EE</referredTableID>
<keyObject>94FCA0D2-0468-068B-7EB5-EF4314FE4671</keyObject>
<referredKeyID>94FCA0D2-0468-068B-7EB5-EF4314FE4671</referredKeyID>
<mandatory>true</mandatory>
<refColNames>IdResidencia</refColNames>
<transferable>true</transferable>
<rely>false</rely>
<columnDependencyConstraintGenerateInDDL>true</columnDependencyConstraintGenerateInDDL>
</FKIndexAssociation>