<?xml version = '1.0' encoding = 'UTF-8'?>
<FKIndexAssociation class="oracle.dbtools.crest.model.design.relational.FKIndexAssociation" directorySegmentName="seg_0" id="4091D5C2-AA3C-8788-2021-45D03B62A7F1" containerWithKeyObject="A96A7B6A-CA57-050A-7F47-760B54CA7FF0" localFKIndex="A68EC53C-37A7-AE7B-B0A4-89F73ED8B42D" name="RESIDENTE_HABITACION_FK">
<createdBy>rodri</createdBy>
<createdTime>2025-09-01 22:35:20 UTC</createdTime>
<generatorID>50DFAAF3-90AD-7312-4BF1-11245E4FED6E</generatorID>
<ownerDesignName>Trabajo_Sem3</ownerDesignName>
<referredTableLongName>HABITACION</referredTableLongName>
<deleteRule>NO ACTION</deleteRule>
<referredTableID>E8C4DF90-1354-E4FC-BDB1-0A287EB2686D</referredTableID>
<keyObject>5E2BD25C-74A8-060C-A3AF-059FD516D6E1</keyObject>
<referredKeyID>5E2BD25C-74A8-060C-A3AF-059FD516D6E1</referredKeyID>
<mandatory>false</mandatory>
<refColNames>IdHabitacion</refColNames>
<transferable>true</transferable>
<rely>false</rely>
<columnDependencyConstraintGenerateInDDL>true</columnDependencyConstraintGenerateInDDL>
</FKIndexAssociation>