<?xml version = '1.0' encoding = 'UTF-8'?>
<FKIndexAssociation class="oracle.dbtools.crest.model.design.relational.FKIndexAssociation" directorySegmentName="seg_0" id="42796549-F83F-9C68-A4D0-B541D2BCDFA6" containerWithKeyObject="A96A7B6A-CA57-050A-7F47-760B54CA7FF0" localFKIndex="1A3CC15A-E166-DB05-E5EA-5C59D33E23AD" name="RESIDENTE_PERSONA_FK">
<createdBy>rodri</createdBy>
<createdTime>2025-09-01 22:11:13 UTC</createdTime>
<generatorID>8CCBD739-56A6-326E-BF99-F25A19B84A70</generatorID>
<ownerDesignName>Trabajo_Sem3</ownerDesignName>
<referredTableLongName>PERSONA</referredTableLongName>
<arc>A94EBDE9-F829-93CF-2733-14BF5F1C9EAA</arc>
<deleteRule>NO ACTION</deleteRule>
<referredTableID>F067B392-AB8F-BBE3-7890-E4C2DBA416BD</referredTableID>
<keyObject>06DE922A-5207-8851-5038-6B6D6EBF7662</keyObject>
<referredKeyID>06DE922A-5207-8851-5038-6B6D6EBF7662</referredKeyID>
<mandatory>true</mandatory>
<refColNames>Rut</refColNames>
<transferable>true</transferable>
<rely>false</rely>
<columnDependencyConstraintGenerateInDDL>true</columnDependencyConstraintGenerateInDDL>
</FKIndexAssociation>