<?xml version = '1.0' encoding = 'UTF-8'?>
<FKIndexAssociation class="oracle.dbtools.crest.model.design.relational.FKIndexAssociation" directorySegmentName="seg_0" id="4B4B73E7-027D-2851-4E35-ED0AA3C353D1" containerWithKeyObject="657F4FDB-B8B3-69B9-20CC-C2E344F09532" localFKIndex="C7C804C7-2DBA-29A7-026F-44AE0588F3D5" name="MEDICO_PERSONAL_FK">
<createdBy>rodri</createdBy>
<createdTime>2025-09-01 22:11:13 UTC</createdTime>
<generatorID>A163F96D-3BFB-9351-EF2E-647820A9C628</generatorID>
<ownerDesignName>Trabajo_Sem3</ownerDesignName>
<referredTableLongName>PERSONAL</referredTableLongName>
<arc>05C70BAE-56DE-67D5-6A06-1547F0079D96</arc>
<deleteRule>NO ACTION</deleteRule>
<referredTableID>5E649D9A-B2A6-CE94-DA76-A9DB5088E74F</referredTableID>
<keyObject>52B818CE-78F7-DBB8-C590-865EB349F7CD</keyObject>
<referredKeyID>52B818CE-78F7-DBB8-C590-865EB349F7CD</referredKeyID>
<mandatory>true</mandatory>
<refColNames>Rut</refColNames>
<transferable>true</transferable>
<rely>false</rely>
<columnDependencyConstraintGenerateInDDL>true</columnDependencyConstraintGenerateInDDL>
</FKIndexAssociation>