<?xml version = '1.0' encoding = 'UTF-8'?>
<FKIndexAssociation class="oracle.dbtools.crest.model.design.relational.FKIndexAssociation" directorySegmentName="seg_0" id="51CE1C6E-A4DF-1027-9EDF-FFDFA46525FF" containerWithKeyObject="01F37B0E-3E56-F602-14DC-17AA136D7360" localFKIndex="14B0E9E8-B6AE-80FC-02D9-E99E4081B73E" name="APODERADO_PERSONA_FK">
<createdBy>rodri</createdBy>
<createdTime>2025-09-01 22:11:13 UTC</createdTime>
<generatorID>A43AFDAB-9330-110F-9850-41D96A738DED</generatorID>
<ownerDesignName>Trabajo_Sem3</ownerDesignName>
<referredTableLongName>PERSONA</referredTableLongName>
<arc>A94EBDE9-F829-93CF-2733-14BF5F1C9EAA</arc>
<deleteRule>NO ACTION</deleteRule>
<referredTableID>F067B392-AB8F-BBE3-7890-E4C2DBA416BD</referredTableID>
<keyObject>06DE922A-5207-8851-5038-6B6D6EBF7662</keyObject>
<referredKeyID>06DE922A-5207-8851-5038-6B6D6EBF7662</referredKeyID>
<mandatory>true</mandatory>
<refColNames>Rut</refColNames>
<transferable>true</transferable>
<rely>false</rely>
<columnDependencyConstraintGenerateInDDL>true</columnDependencyConstraintGenerateInDDL>
</FKIndexAssociation>