<?xml version = '1.0' encoding = 'UTF-8'?>
<FKIndexAssociation class="oracle.dbtools.crest.model.design.relational.FKIndexAssociation" directorySegmentName="seg_0" id="75FFE457-7C1C-2A27-7C1F-10D334EAF96F" containerWithKeyObject="58F7B312-69F6-5A4E-D076-2F26A3DE7AF2" localFKIndex="F4649604-B6EE-3125-FBBD-A8622B04664C" name="ANEXO_CONTRATO_FK">
<createdBy>rodri</createdBy>
<createdTime>2025-09-01 22:11:13 UTC</createdTime>
<generatorID>87CFF995-A347-3DF9-1B94-2832AB3BF24F</generatorID>
<ownerDesignName>Trabajo_Sem3</ownerDesignName>
<referredTableLongName>CONTRATO</referredTableLongName>
<deleteRule>NO ACTION</deleteRule>
<referredTableID>6A64F382-31E8-53F1-DF63-8F7956D9F421</referredTableID>
<keyObject>13D12DCF-75ED-399A-88AF-035F4792CD11</keyObject>
<referredKeyID>13D12DCF-75ED-399A-88AF-035F4792CD11</referredKeyID>
<mandatory>true</mandatory>
<refColNames>IdContrato</refColNames>
<transferable>true</transferable>
<rely>false</rely>
<columnDependencyConstraintGenerateInDDL>true</columnDependencyConstraintGenerateInDDL>
</FKIndexAssociation>