<?xml version = '1.0' encoding = 'UTF-8'?>
<FKIndexAssociation class="oracle.dbtools.crest.model.design.relational.FKIndexAssociation" directorySegmentName="seg_0" id="83EAA152-D3E6-623F-3DEC-32E0235EAC22" containerWithKeyObject="6A64F382-31E8-53F1-DF63-8F7956D9F421" localFKIndex="0C56BF09-A0DC-607A-4B1D-41FDCA2EB403" name="CONTRATO_APODERADO_FK">
<createdBy>rodri</createdBy>
<createdTime>2025-09-01 22:11:13 UTC</createdTime>
<generatorID>57E5D9CB-56AC-B159-65F3-C81B3A366B40</generatorID>
<ownerDesignName>Trabajo_Sem3</ownerDesignName>
<referredTableLongName>APODERADO</referredTableLongName>
<deleteRule>NO ACTION</deleteRule>
<referredTableID>01F37B0E-3E56-F602-14DC-17AA136D7360</referredTableID>
<keyObject>74843927-30F3-4518-CEA3-8E99B469F667</keyObject>
<referredKeyID>74843927-30F3-4518-CEA3-8E99B469F667</referredKeyID>
<mandatory>true</mandatory>
<refColNames>IdApoderado</refColNames>
<transferable>true</transferable>
<rely>false</rely>
<columnDependencyConstraintGenerateInDDL>true</columnDependencyConstraintGenerateInDDL>
</FKIndexAssociation>