<?xml version = '1.0' encoding = 'UTF-8'?>
<FKIndexAssociation class="oracle.dbtools.crest.model.design.relational.FKIndexAssociation" directorySegmentName="seg_0" id="8BE5EDB5-9AFD-1B42-46F0-BA142110C9EC" containerWithKeyObject="58F7B312-69F6-5A4E-D076-2F26A3DE7AF2" localFKIndex="C3715718-1095-1781-CD0B-55FBCF54642B" name="ANEXO_Permanente_FK">
<createdBy>rodri</createdBy>
<createdTime>2025-09-01 22:11:13 UTC</createdTime>
<generatorID>3702B6EB-6171-B584-A584-73802CBF31DB</generatorID>
<ownerDesignName>Trabajo_Sem3</ownerDesignName>
<referredTableLongName>RESIDENTE</referredTableLongName>
<deleteRule>NO ACTION</deleteRule>
<referredTableID>A96A7B6A-CA57-050A-7F47-760B54CA7FF0</referredTableID>
<keyObject>12C960E5-026B-9DBA-C03D-26C817A619EC</keyObject>
<referredKeyID>12C960E5-026B-9DBA-C03D-26C817A619EC</referredKeyID>
<mandatory>true</mandatory>
<refColNames>Rut</refColNames>
<transferable>true</transferable>
<rely>false</rely>
<columnDependencyConstraintGenerateInDDL>true</columnDependencyConstraintGenerateInDDL>
</FKIndexAssociation>