<?xml version = '1.0' encoding = 'UTF-8'?>
<FKIndexAssociation class="oracle.dbtools.crest.model.design.relational.FKIndexAssociation" directorySegmentName="seg_0" id="95BA2636-2D18-45A8-E6E1-F2DEE35B12AE" containerWithKeyObject="657F4FDB-B8B3-69B9-20CC-C2E344F09532" localFKIndex="088ED6A9-F915-FDAF-5888-C8CC0BB0A225" name="MEDICO_MEDICO_FK">
<createdBy>rodri</createdBy>
<createdTime>2025-09-01 22:11:13 UTC</createdTime>
<generatorID>614B8AC7-D041-D126-4272-BD4F10B73E44</generatorID>
<ownerDesignName>Trabajo_Sem3</ownerDesignName>
<referredTableLongName>MEDICO</referredTableLongName>
<deleteRule>NO ACTION</deleteRule>
<referredTableID>657F4FDB-B8B3-69B9-20CC-C2E344F09532</referredTableID>
<keyObject>C4CB4097-91BC-B438-787B-0128FC5510A9</keyObject>
<referredKeyID>C4CB4097-91BC-B438-787B-0128FC5510A9</referredKeyID>
<mandatory>true</mandatory>
<refColNames>Rut</refColNames>
<transferable>true</transferable>
<rely>false</rely>
<columnDependencyConstraintGenerateInDDL>true</columnDependencyConstraintGenerateInDDL>
</FKIndexAssociation>