<?xml version = '1.0' encoding = 'UTF-8'?>
<FKIndexAssociation class="oracle.dbtools.crest.model.design.relational.FKIndexAssociation" directorySegmentName="seg_0" id="AAA7D865-58E6-3A9B-0802-058EF1E3FCD1" containerWithKeyObject="D9BEB16D-6147-84F9-D1FA-04E4785D7C3E" localFKIndex="55A6D4CE-5395-C502-10DD-A917D2B2D5F6" name="Permanente_RESIDENTE_FK">
<createdBy>rodri</createdBy>
<createdTime>2025-09-01 22:11:13 UTC</createdTime>
<generatorID>6A349FDA-122A-B0D6-7916-6D2FF64B0211</generatorID>
<ownerDesignName>Trabajo_Sem3</ownerDesignName>
<referredTableLongName>RESIDENTE</referredTableLongName>
<arc>C5F03A49-9438-BB32-7137-DFC14D6B3A34</arc>
<deleteRule>NO ACTION</deleteRule>
<referredTableID>A96A7B6A-CA57-050A-7F47-760B54CA7FF0</referredTableID>
<keyObject>12C960E5-026B-9DBA-C03D-26C817A619EC</keyObject>
<referredKeyID>12C960E5-026B-9DBA-C03D-26C817A619EC</referredKeyID>
<mandatory>true</mandatory>
<refColNames>Rut</refColNames>
<transferable>true</transferable>
<rely>false</rely>
<columnDependencyConstraintGenerateInDDL>true</columnDependencyConstraintGenerateInDDL>
</FKIndexAssociation>