<?xml version = '1.0' encoding = 'UTF-8'?>
<FKIndexAssociation class="oracle.dbtools.crest.model.design.relational.FKIndexAssociation" directorySegmentName="seg_0" id="CAA192B6-7E01-013E-C4EA-8B836293659B" containerWithKeyObject="C5AA761D-D77A-27D8-D264-9A8E8D2E5FD8" localFKIndex="D9E816BC-6F1A-9D5C-2240-A9D4397A0FAD" name="CUIDADOR_PERSONAL_FK">
<createdBy>rodri</createdBy>
<createdTime>2025-09-01 22:11:13 UTC</createdTime>
<generatorID>36542A4A-DA5E-7C06-ACC8-19FCCE9C8509</generatorID>
<ownerDesignName>Trabajo_Sem3</ownerDesignName>
<referredTableLongName>PERSONAL</referredTableLongName>
<arc>05C70BAE-56DE-67D5-6A06-1547F0079D96</arc>
<deleteRule>NO ACTION</deleteRule>
<referredTableID>5E649D9A-B2A6-CE94-DA76-A9DB5088E74F</referredTableID>
<keyObject>52B818CE-78F7-DBB8-C590-865EB349F7CD</keyObject>
<referredKeyID>52B818CE-78F7-DBB8-C590-865EB349F7CD</referredKeyID>
<mandatory>true</mandatory>
<refColNames>Rut</refColNames>
<transferable>true</transferable>
<rely>false</rely>
<columnDependencyConstraintGenerateInDDL>true</columnDependencyConstraintGenerateInDDL>
</FKIndexAssociation>