<?xml version = '1.0' encoding = 'UTF-8'?>
<FKIndexAssociation class="oracle.dbtools.crest.model.design.relational.FKIndexAssociation" directorySegmentName="seg_0" id="EABFE014-DA68-5BE4-7BF5-483155FBF4DF" containerWithKeyObject="5E649D9A-B2A6-CE94-DA76-A9DB5088E74F" localFKIndex="89242BB7-D942-75E1-D831-738148760441" name="PERSONAL_PERSONA_FK">
<createdBy>rodri</createdBy>
<createdTime>2025-09-01 22:11:13 UTC</createdTime>
<generatorID>EBCFAD28-782D-DC6C-10A1-0C52D6F444C5</generatorID>
<ownerDesignName>Trabajo_Sem3</ownerDesignName>
<referredTableLongName>PERSONA</referredTableLongName>
<arc>A94EBDE9-F829-93CF-2733-14BF5F1C9EAA</arc>
<deleteRule>NO ACTION</deleteRule>
<referredTableID>F067B392-AB8F-BBE3-7890-E4C2DBA416BD</referredTableID>
<keyObject>06DE922A-5207-8851-5038-6B6D6EBF7662</keyObject>
<referredKeyID>06DE922A-5207-8851-5038-6B6D6EBF7662</referredKeyID>
<mandatory>true</mandatory>
<refColNames>Rut</refColNames>
<transferable>true</transferable>
<rely>false</rely>
<columnDependencyConstraintGenerateInDDL>true</columnDependencyConstraintGenerateInDDL>
</FKIndexAssociation>