<?xml version = '1.0' encoding = 'UTF-8'?>
<FKArc class="oracle.dbtools.crest.model.design.relational.FKArc" directorySegmentName="seg_0" id="05C70BAE-56DE-67D5-6A06-1547F0079D96" name="FKArc_1">
<createdBy>rodri</createdBy>
<createdTime>2025-09-01 22:11:13 UTC</createdTime>
<ownerDesignName>Trabajo_Sem3</ownerDesignName>
<mandatory>false</mandatory>
<reverseArc>true</reverseArc>
<table>5E649D9A-B2A6-CE94-DA76-A9DB5088E74F</table>
<fkeys>
<fkeyID>CAA192B6-7E01-013E-C4EA-8B836293659B</fkeyID>
<fkeyID>4B4B73E7-027D-2851-4E35-ED0AA3C353D1</fkeyID>
</fkeys>
</FKArc>