<?xml version = '1.0' encoding = 'UTF-8'?>
<FKArc class="oracle.dbtools.crest.model.design.relational.FKArc" directorySegmentName="seg_0" id="A94EBDE9-F829-93CF-2733-14BF5F1C9EAA" name="FKArc_3">
<createdBy>rodri</createdBy>
<createdTime>2025-09-01 22:11:13 UTC</createdTime>
<ownerDesignName>Trabajo_Sem3</ownerDesignName>
<mandatory>false</mandatory>
<reverseArc>true</reverseArc>
<table>F067B392-AB8F-BBE3-7890-E4C2DBA416BD</table>
<fkeys>
<fkeyID>EABFE014-DA68-5BE4-7BF5-483155FBF4DF</fkeyID>
<fkeyID>42796549-F83F-9C68-A4D0-B541D2BCDFA6</fkeyID>
<fkeyID>51CE1C6E-A4DF-1027-9EDF-FFDFA46525FF</fkeyID>
</fkeys>
</FKArc>