<?xml version = '1.0' encoding = 'UTF-8'?>
<FKArc class="oracle.dbtools.crest.model.design.relational.FKArc" directorySegmentName="seg_0" id="C5F03A49-9438-BB32-7137-DFC14D6B3A34" name="FKArc_2">
<createdBy>rodri</createdBy>
<createdTime>2025-09-01 22:11:13 UTC</createdTime>
<ownerDesignName>Trabajo_Sem3</ownerDesignName>
<mandatory>false</mandatory>
<reverseArc>true</reverseArc>
<table>A96A7B6A-CA57-050A-7F47-760B54CA7FF0</table>
<fkeys>
<fkeyID>02D36111-D1CD-89D1-0675-53181140A1A2</fkeyID>
<fkeyID>AAA7D865-58E6-3A9B-0802-058EF1E3FCD1</fkeyID>
</fkeys>
</FKArc>