<?xml version = '1.0' encoding = 'UTF-8'?>
<Entity class="oracle.dbtools.crest.model.design.logical.Entity" directorySegmentName="seg_0" id="131E7675-B5A0-797E-B8F1-DE9C6C495580" name="EMPLEADO">
<createdBy>rodri</createdBy>
<createdTime>2025-10-09 15:40:18 UTC</createdTime>
<ownerDesignName>Evaluación Final Transversal</ownerDesignName>
<engineerTo>
<item key="1BA74862-06A5-31D3-273E-3912B6FE0E96" value="true"/>
</engineerTo>
<adequatelyNormalized>NO</adequatelyNormalized>
<expectedVolumes>0</expectedVolumes>
<fwdEngineeringStrategyName>Single Table</fwdEngineeringStrategyName>
<growthPercent>0</growthPercent>
<growthType>Year</growthType>
<maxVolumes>9999999</maxVolumes>
<minVolumes>0</minVolumes>
<normalForm>Third</normalForm>
<attributes itemClass="oracle.dbtools.crest.model.design.logical.Attribute">
<Attribute name="ID_EMPLEADO" id="4C0F42BB-AD9D-1E8B-E27E-8793456A2E72">
<createdBy>rodri</createdBy>
<createdTime>2025-10-09 15:40:33 UTC</createdTime>
<ownerDesignName>Evaluación Final Transversal</ownerDesignName>
<engineerTo>
<item key="1BA74862-06A5-31D3-273E-3912B6FE0E96" value="true"/>
</engineerTo>
<useDomainConstraints>false</useDomainConstraints>
<use>1</use>
<logicalDatatype>LOGDT019</logicalDatatype>
<dataTypePrecision>8</dataTypePrecision>
<ownDataTypeParameters>,8,</ownDataTypeParameters>
</Attribute>
<Attribute name="RUT" id="4FF39882-14BF-C015-CA98-551E65AC216F">
<createdBy>rodri</createdBy>
<createdTime>2025-10-09 15:40:50 UTC</createdTime>
<ownerDesignName>Evaluación Final Transversal</ownerDesignName>
<engineerTo>
<item key="1BA74862-06A5-31D3-273E-3912B6FE0E96" value="true"/>
</engineerTo>
<useDomainConstraints>false</useDomainConstraints>
<use>1</use>
<logicalDatatype>LOGDT024</logicalDatatype>
<dataTypeSize>12</dataTypeSize>
<ownDataTypeParameters>12,,</ownDataTypeParameters>
</Attribute>
<Attribute name="NOMBRES" id="0FFF9FAC-5224-54ED-194A-6F35269BE42F">
<createdBy>rodri</createdBy>
<createdTime>2025-10-09 15:41:23 UTC</createdTime>
<ownerDesignName>Evaluación Final Transversal</ownerDesignName>
<engineerTo>
<item key="1BA74862-06A5-31D3-273E-3912B6FE0E96" value="true"/>
</engineerTo>
<useDomainConstraints>false</useDomainConstraints>
<use>1</use>
<logicalDatatype>LOGDT024</logicalDatatype>
<dataTypeSize>100</dataTypeSize>
<ownDataTypeParameters>100,,</ownDataTypeParameters>
</Attribute>
<Attribute name="APELLIDOS" id="6C88D11E-5C96-F0A9-28EF-159FDB1B2431">
<createdBy>rodri</createdBy>
<createdTime>2025-10-09 15:41:52 UTC</createdTime>
<ownerDesignName>Evaluación Final Transversal</ownerDesignName>
<engineerTo>
<item key="1BA74862-06A5-31D3-273E-3912B6FE0E96" value="true"/>
</engineerTo>
<useDomainConstraints>false</useDomainConstraints>
<use>1</use>
<logicalDatatype>LOGDT024</logicalDatatype>
<dataTypeSize>100</dataTypeSize>
<ownDataTypeParameters>100,,</ownDataTypeParameters>
</Attribute>
<Attribute name="FECHA_CONTRATACION " id="9B99F6A2-FA51-8350-6FDC-6C4CCB196986">
<createdBy>rodri</createdBy>
<createdTime>2025-10-09 15:43:56 UTC</createdTime>
<ownerDesignName>Evaluación Final Transversal</ownerDesignName>
<engineerTo>
<item key="1BA74862-06A5-31D3-273E-3912B6FE0E96" value="true"/>
</engineerTo>
<useDomainConstraints>false</useDomainConstraints>
<use>1</use>
<logicalDatatype>LOGDT007</logicalDatatype>
<ownDataTypeParameters>,,</ownDataTypeParameters>
</Attribute>
<Attribute name="SUELDO_BASE" id="91220B8B-9B5F-0B20-0511-68743152CE0C">
<createdBy>rodri</createdBy>
<createdTime>2025-10-09 15:44:21 UTC</createdTime>
<ownerDesignName>Evaluación Final Transversal</ownerDesignName>
<engineerTo>
<item key="1BA74862-06A5-31D3-273E-3912B6FE0E96" value="true"/>
</engineerTo>
<useDomainConstraints>false</useDomainConstraints>
<use>1</use>
<logicalDatatype>LOGDT019</logicalDatatype>
<dataTypePrecision>10</dataTypePrecision>
<ownDataTypeParameters>,10,</ownDataTypeParameters>
</Attribute>
<Attribute name="ESTADO_ACTIVO" id="36F0C871-A531-94AB-AA62-295EEA839864">
<createdBy>rodri</createdBy>
<createdTime>2025-10-09 15:48:07 UTC</createdTime>
<ownerDesignName>Evaluación Final Transversal</ownerDesignName>
<engineerTo>
<item key="1BA74862-06A5-31D3-273E-3912B6FE0E96" value="true"/>
</engineerTo>
<useDomainConstraints>false</useDomainConstraints>
<use>1</use>
<logicalDatatype>LOGDT025</logicalDatatype>
<ownDataTypeParameters>,,</ownDataTypeParameters>
</Attribute>
<Attribute name="AFP" id="343071DF-FDBC-1E2A-C5A6-BC74CCF28723">
<createdBy>rodri</createdBy>
<createdTime>2025-10-09 15:48:28 UTC</createdTime>
<ownerDesignName>Evaluación Final Transversal</ownerDesignName>
<engineerTo>
<item key="1BA74862-06A5-31D3-273E-3912B6FE0E96" value="true"/>
</engineerTo>
<useDomainConstraints>false</useDomainConstraints>
<use>1</use>
<logicalDatatype>LOGDT024</logicalDatatype>
<dataTypeSize>50</dataTypeSize>
<ownDataTypeParameters>50,,</ownDataTypeParameters>
</Attribute>
<Attribute name="SISTEMA_SALUD" id="6302FB6E-44BC-7B3B-1536-F60A6310A25C">
<createdBy>rodri</createdBy>
<createdTime>2025-10-09 15:49:06 UTC</createdTime>
<ownerDesignName>Evaluación Final Transversal</ownerDesignName>
<engineerTo>
<item key="1BA74862-06A5-31D3-273E-3912B6FE0E96" value="true"/>
</engineerTo>
<useDomainConstraints>false</useDomainConstraints>
<use>1</use>
<logicalDatatype>LOGDT024</logicalDatatype>
<dataTypeSize>50</dataTypeSize>
<ownDataTypeParameters>50,,</ownDataTypeParameters>
</Attribute>
<Attribute name="ID_EMPLEADO1" id="F4FBCCA7-3BA1-3D32-0D37-2899307D8D08">
<createdBy>rodri</createdBy>
<createdTime>2025-10-09 19:56:17 UTC</createdTime>
<generatorID>2355CF54-D2C1-D081-94B0-709270C60392</generatorID>
<ownerDesignName>Evaluación Final Transversal</ownerDesignName>
<engineerTo>
<item key="1BA74862-06A5-31D3-273E-3912B6FE0E96" value="true"/>
</engineerTo>
<referedAttribute>4C0F42BB-AD9D-1E8B-E27E-8793456A2E72</referedAttribute>
<useDomainConstraints>false</useDomainConstraints>
<use>1</use>
<logicalDatatype>LOGDT019</logicalDatatype>
<dataTypePrecision>8</dataTypePrecision>
<ownDataTypeParameters>,8,</ownDataTypeParameters>
</Attribute>
<Attribute name="ID_PLANTA" id="3044C392-3223-363A-D38C-E1E041FF6AC7">
<createdBy>rodri</createdBy>
<createdTime>2025-10-09 19:58:13 UTC</createdTime>
<generatorID>D6BEF8C7-8247-2AC5-2A65-01D112A07431</generatorID>
<ownerDesignName>Evaluación Final Transversal</ownerDesignName>
<engineerTo>
<item key="1BA74862-06A5-31D3-273E-3912B6FE0E96" value="true"/>
</engineerTo>
<referedAttribute>76BDB314-C54F-7BFF-30B0-C92148035936</referedAttribute>
<useDomainConstraints>false</useDomainConstraints>
<use>1</use>
<logicalDatatype>LOGDT019</logicalDatatype>
<dataTypePrecision>5</dataTypePrecision>
<ownDataTypeParameters>,5,</ownDataTypeParameters>
</Attribute>
<Attribute name="ID_EMPLEADO2" id="E7A4D67C-AA58-7C69-807D-B97511DB65BC">
<createdBy>rodri</createdBy>
<createdTime>2025-10-09 20:05:51 UTC</createdTime>
<generatorID>1CA49578-DCB1-2C36-ABB2-42D817D9F9E9</generatorID>
<ownerDesignName>Evaluación Final Transversal</ownerDesignName>
<engineerTo>
<item key="1BA74862-06A5-31D3-273E-3912B6FE0E96" value="true"/>
</engineerTo>
<referedAttribute>6182908F-70E0-E53F-FF2A-799EF7147465</referedAttribute>
<useDomainConstraints>false</useDomainConstraints>
<use>1</use>
<logicalDatatype>LOGDT019</logicalDatatype>
<dataTypePrecision>8</dataTypePrecision>
<ownDataTypeParameters>,8,</ownDataTypeParameters>
</Attribute>
<Attribute name="ID_EMPLEADO3" id="796AFDFE-A3ED-EEE1-2A0E-598190F4D586">
<createdBy>rodri</createdBy>
<createdTime>2025-10-09 20:07:01 UTC</createdTime>
<generatorID>C755764C-682A-131F-4FAD-536661686EF6</generatorID>
<ownerDesignName>Evaluación Final Transversal</ownerDesignName>
<engineerTo>
<item key="1BA74862-06A5-31D3-273E-3912B6FE0E96" value="true"/>
</engineerTo>
<referedAttribute>BAA36735-FAA7-C827-76A8-4B6CD4B8EF77</referedAttribute>
<useDomainConstraints>false</useDomainConstraints>
<use>1</use>
<logicalDatatype>LOGDT019</logicalDatatype>
<dataTypePrecision>8</dataTypePrecision>
<ownDataTypeParameters>,8,</ownDataTypeParameters>
</Attribute>
<Attribute name="ID_EMPLEADO4" id="74E0C73B-8818-4670-39A8-0126308AE89F">
<createdBy>rodri</createdBy>
<createdTime>2025-10-09 23:47:21 UTC</createdTime>
<generatorID>5F2F9B52-B191-9736-12CD-B0B6F47E978F</generatorID>
<ownerDesignName>Evaluación Final Transversal</ownerDesignName>
<engineerTo>
<item key="1BA74862-06A5-31D3-273E-3912B6FE0E96" value="true"/>
</engineerTo>
<referedAttribute>C6E858B8-FC60-6019-7D10-088BDF061F24</referedAttribute>
<useDomainConstraints>false</useDomainConstraints>
<use>1</use>
<logicalDatatype>LOGDT019</logicalDatatype>
<dataTypePrecision>8</dataTypePrecision>
<ownDataTypeParameters>,8,</ownDataTypeParameters>
</Attribute>
</attributes>
<identifiers itemClass="oracle.dbtools.crest.model.design.logical.CandidateKey">
<identifier id="5F3F15BF-1DFA-75A7-F9D5-B331BC65367E" name="EMPLEADO PK">
<createdBy>rodri</createdBy>
<createdTime>2025-10-09 15:40:48 UTC</createdTime>
<ownerDesignName>Evaluación Final Transversal</ownerDesignName>
<shouldEngineer>false</shouldEngineer>
<engineerTo>
<item key="1BA74862-06A5-31D3-273E-3912B6FE0E96" value="false"/>
</engineerTo>
<pk>true</pk>
<usedAttributes>
<attributeRef>4C0F42BB-AD9D-1E8B-E27E-8793456A2E72</attributeRef>
</usedAttributes>
</identifier>
</identifiers>
</Entity>