<?xml version = '1.0' encoding = 'UTF-8'?>
<Entity class="oracle.dbtools.crest.model.design.logical.Entity" directorySegmentName="seg_0" id="596618CD-81EA-E7CC-1918-46292DFAE200" name="ASIGNACION_TURNO">
<createdBy>rodri</createdBy>
<createdTime>2025-10-09 17:45:11 UTC</createdTime>
<ownerDesignName>Evaluación Final Transversal</ownerDesignName>
<engineerTo>
<item key="1BA74862-06A5-31D3-273E-3912B6FE0E96" value="true"/>
</engineerTo>
<adequatelyNormalized>NO</adequatelyNormalized>
<expectedVolumes>0</expectedVolumes>
<fwdEngineeringStrategyName>Single Table</fwdEngineeringStrategyName>
<growthPercent>0</growthPercent>
<growthType>Year</growthType>
<maxVolumes>9999999</maxVolumes>
<minVolumes>0</minVolumes>
<normalForm>Third</normalForm>
<attributes itemClass="oracle.dbtools.crest.model.design.logical.Attribute">
<Attribute name="FECHA " id="83B7EB7B-1C35-7F61-E17F-6410CD576CF8">
<createdBy>rodri</createdBy>
<createdTime>2025-10-10 00:46:12 UTC</createdTime>
<ownerDesignName>Evaluación Final Transversal</ownerDesignName>
<engineerTo>
<item key="1BA74862-06A5-31D3-273E-3912B6FE0E96" value="true"/>
</engineerTo>
<useDomainConstraints>false</useDomainConstraints>
<use>1</use>
<logicalDatatype>LOGDT007</logicalDatatype>
<ownDataTypeParameters>,,</ownDataTypeParameters>
</Attribute>
<Attribute name="ID_EMPLEADO" id="DF449B47-0549-091A-FA15-DE941511BBC1">
<createdBy>rodri</createdBy>
<createdTime>2025-10-10 00:36:41 UTC</createdTime>
<generatorID>A9620F74-7F6B-8874-8924-E9FA3D457A60</generatorID>
<ownerDesignName>Evaluación Final Transversal</ownerDesignName>
<engineerTo>
<item key="1BA74862-06A5-31D3-273E-3912B6FE0E96" value="true"/>
</engineerTo>
<referedAttribute>4C0F42BB-AD9D-1E8B-E27E-8793456A2E72</referedAttribute>
<useDomainConstraints>false</useDomainConstraints>
<use>1</use>
<logicalDatatype>LOGDT019</logicalDatatype>
<dataTypePrecision>8</dataTypePrecision>
<ownDataTypeParameters>,8,</ownDataTypeParameters>
</Attribute>
<Attribute name="ID_TURNO" id="C4755894-89C8-A1E2-F410-A6486FF6987B">
<createdBy>rodri</createdBy>
<createdTime>2025-10-10 00:37:32 UTC</createdTime>
<generatorID>73F22679-8EDB-985E-2459-89A2C84D8627</generatorID>
<ownerDesignName>Evaluación Final Transversal</ownerDesignName>
<engineerTo>
<item key="1BA74862-06A5-31D3-273E-3912B6FE0E96" value="true"/>
</engineerTo>
<referedAttribute>3AD064B4-C8CC-1CFC-DAB7-05AC8926F2BB</referedAttribute>
<useDomainConstraints>false</useDomainConstraints>
<use>1</use>
<logicalDatatype>LOGDT025</logicalDatatype>
<dataTypeSize>5</dataTypeSize>
<ownDataTypeParameters>5,,</ownDataTypeParameters>
</Attribute>
<Attribute name="ROL_DESEMPEÑADO " id="BDEE4CF9-AD91-9855-7039-E9735A50E552">
<createdBy>rodri</createdBy>
<createdTime>2025-10-10 00:46:42 UTC</createdTime>
<ownerDesignName>Evaluación Final Transversal</ownerDesignName>
<engineerTo>
<item key="1BA74862-06A5-31D3-273E-3912B6FE0E96" value="true"/>
</engineerTo>
<nullsAllowed>true</nullsAllowed>
<useDomainConstraints>false</useDomainConstraints>
<use>1</use>
<logicalDatatype>LOGDT024</logicalDatatype>
<dataTypeSize>50</dataTypeSize>
<ownDataTypeParameters>50,,</ownDataTypeParameters>
</Attribute>
</attributes>
<identifiers itemClass="oracle.dbtools.crest.model.design.logical.CandidateKey">
<identifier id="4C20DE7B-F4D9-4487-8C23-09E707369ADC" name="ASIGNACION_TURNO PK">
<createdBy>rodri</createdBy>
<createdTime>2025-10-09 23:50:06 UTC</createdTime>
<ownerDesignName>Evaluación Final Transversal</ownerDesignName>
<engineerTo>
<item key="1BA74862-06A5-31D3-273E-3912B6FE0E96" value="true"/>
</engineerTo>
<pk>true</pk>
<usedAttributes>
<attributeRef>DF449B47-0549-091A-FA15-DE941511BBC1</attributeRef>
<attributeRef>83B7EB7B-1C35-7F61-E17F-6410CD576CF8</attributeRef>
</usedAttributes>
</identifier>
</identifiers>
</Entity>