<?xml version = '1.0' encoding = 'UTF-8'?>
<Entity class="oracle.dbtools.crest.model.design.logical.Entity" directorySegmentName="seg_0" id="889BE31D-B2A3-93DE-CA53-B2920391A1C9" name="MAQUINA">
<createdBy>rodri</createdBy>
<createdTime>2025-10-09 16:39:19 UTC</createdTime>
<ownerDesignName>Evaluación Final Transversal</ownerDesignName>
<engineerTo>
<item key="1BA74862-06A5-31D3-273E-3912B6FE0E96" value="true"/>
</engineerTo>
<adequatelyNormalized>NO</adequatelyNormalized>
<expectedVolumes>0</expectedVolumes>
<fwdEngineeringStrategyName>Single Table</fwdEngineeringStrategyName>
<growthPercent>0</growthPercent>
<growthType>Year</growthType>
<maxVolumes>9999999</maxVolumes>
<minVolumes>0</minVolumes>
<normalForm>Third</normalForm>
<attributes itemClass="oracle.dbtools.crest.model.design.logical.Attribute">
<Attribute name="NUMERO_MAQUINA" id="B9F84D2E-A262-977F-E65E-F9A4DF316143">
<createdBy>rodri</createdBy>
<createdTime>2025-10-09 16:45:20 UTC</createdTime>
<ownerDesignName>Evaluación Final Transversal</ownerDesignName>
<engineerTo>
<item key="1BA74862-06A5-31D3-273E-3912B6FE0E96" value="true"/>
</engineerTo>
<useDomainConstraints>false</useDomainConstraints>
<use>1</use>
<logicalDatatype>LOGDT019</logicalDatatype>
<dataTypePrecision>5</dataTypePrecision>
<ownDataTypeParameters>,5,</ownDataTypeParameters>
</Attribute>
<Attribute name="NOMBRE_MAQUINA" id="5552A72C-90FA-0B7F-6121-19B41CD18835">
<createdBy>rodri</createdBy>
<createdTime>2025-10-09 20:28:27 UTC</createdTime>
<ownerDesignName>Evaluación Final Transversal</ownerDesignName>
<engineerTo>
<item key="1BA74862-06A5-31D3-273E-3912B6FE0E96" value="true"/>
</engineerTo>
<useDomainConstraints>false</useDomainConstraints>
<use>1</use>
<logicalDatatype>LOGDT024</logicalDatatype>
<dataTypeSize>100</dataTypeSize>
<ownDataTypeParameters>100,,</ownDataTypeParameters>
</Attribute>
<Attribute name="ID_PLANTA" id="40FE8DDA-7326-B926-B1F4-99E50B70270C">
<createdBy>rodri</createdBy>
<createdTime>2025-10-09 20:15:16 UTC</createdTime>
<generatorID>655C0CCA-117D-15D3-FA06-4651468AEA80</generatorID>
<ownerDesignName>Evaluación Final Transversal</ownerDesignName>
<engineerTo>
<item key="1BA74862-06A5-31D3-273E-3912B6FE0E96" value="true"/>
</engineerTo>
<referedAttribute>76BDB314-C54F-7BFF-30B0-C92148035936</referedAttribute>
<useDomainConstraints>false</useDomainConstraints>
<use>1</use>
<logicalDatatype>LOGDT019</logicalDatatype>
<dataTypePrecision>5</dataTypePrecision>
<ownDataTypeParameters>,5,</ownDataTypeParameters>
</Attribute>
<Attribute name="ESTADO_ACTIVO" id="192EF65B-4C80-C94F-0F6E-37536DF598D6">
<createdBy>rodri</createdBy>
<createdTime>2025-10-09 20:29:25 UTC</createdTime>
<ownerDesignName>Evaluación Final Transversal</ownerDesignName>
<engineerTo>
<item key="1BA74862-06A5-31D3-273E-3912B6FE0E96" value="true"/>
</engineerTo>
<useDomainConstraints>false</useDomainConstraints>
<use>1</use>
<logicalDatatype>LOGDT025</logicalDatatype>
<dataTypeSize>1</dataTypeSize>
<ownDataTypeParameters>1,,</ownDataTypeParameters>
</Attribute>
<Attribute name="ID_MAQUINA" id="D195EB23-EC99-84FC-024A-A01CBC107D48">
<createdBy>rodri</createdBy>
<createdTime>2025-10-09 16:43:44 UTC</createdTime>
<ownerDesignName>Evaluación Final Transversal</ownerDesignName>
<engineerTo>
<item key="1BA74862-06A5-31D3-273E-3912B6FE0E96" value="true"/>
</engineerTo>
<nullsAllowed>true</nullsAllowed>
<useDomainConstraints>false</useDomainConstraints>
<use>1</use>
<logicalDatatype>LOGDT024</logicalDatatype>
<dataTypeSize>10</dataTypeSize>
<ownDataTypeParameters>10,,</ownDataTypeParameters>
</Attribute>
<Attribute name="ID_TIPO_MAQUINA" id="958DD3BA-1B91-F7B0-47B2-64B429376524">
<createdBy>rodri</createdBy>
<createdTime>2025-10-09 20:14:45 UTC</createdTime>
<generatorID>6DB75B3D-DE81-5256-B8EE-3F76243E5ED7</generatorID>
<ownerDesignName>Evaluación Final Transversal</ownerDesignName>
<engineerTo>
<item key="1BA74862-06A5-31D3-273E-3912B6FE0E96" value="true"/>
</engineerTo>
<referedAttribute>0EE4EC91-3A59-35BD-42C0-460F58F4C38A</referedAttribute>
<useDomainConstraints>false</useDomainConstraints>
<use>1</use>
<logicalDatatype>LOGDT019</logicalDatatype>
<dataTypePrecision>5</dataTypePrecision>
<ownDataTypeParameters>,5,</ownDataTypeParameters>
</Attribute>
</attributes>
<identifiers itemClass="oracle.dbtools.crest.model.design.logical.CandidateKey">
<identifier id="5AAB8315-B5B5-21E2-6C04-6673B6CE03A3" name="MAQUINA PK">
<createdBy>rodri</createdBy>
<createdTime>2025-10-09 16:44:10 UTC</createdTime>
<ownerDesignName>Evaluación Final Transversal</ownerDesignName>
<shouldEngineer>false</shouldEngineer>
<engineerTo>
<item key="1BA74862-06A5-31D3-273E-3912B6FE0E96" value="false"/>
</engineerTo>
<pk>true</pk>
<usedAttributes>
<attributeRef>B9F84D2E-A262-977F-E65E-F9A4DF316143</attributeRef>
<attributeRef>5552A72C-90FA-0B7F-6121-19B41CD18835</attributeRef>
</usedAttributes>
</identifier>
</identifiers>
</Entity>