<?xml version = '1.0' encoding = 'UTF-8'?>
<Entity class="oracle.dbtools.crest.model.design.logical.Entity" directorySegmentName="seg_0" id="A3D442E5-4361-6901-DDB9-6392DA7B399D" name="JEFE_TURNO">
<createdBy>rodri</createdBy>
<createdTime>2025-10-09 16:08:06 UTC</createdTime>
<ownerDesignName>Evaluación Final Transversal</ownerDesignName>
<engineerTo>
<item key="1BA74862-06A5-31D3-273E-3912B6FE0E96" value="true"/>
</engineerTo>
<adequatelyNormalized>NO</adequatelyNormalized>
<expectedVolumes>0</expectedVolumes>
<fwdEngineeringStrategyName>Single Table</fwdEngineeringStrategyName>
<growthPercent>0</growthPercent>
<growthType>Year</growthType>
<maxVolumes>9999999</maxVolumes>
<minVolumes>0</minVolumes>
<normalForm>Third</normalForm>
<attributes itemClass="oracle.dbtools.crest.model.design.logical.Attribute">
<Attribute name="ID_EMPLEADO" id="6182908F-70E0-E53F-FF2A-799EF7147465">
<createdBy>rodri</createdBy>
<createdTime>2025-10-09 16:08:13 UTC</createdTime>
<ownerDesignName>Evaluación Final Transversal</ownerDesignName>
<engineerTo>
<item key="1BA74862-06A5-31D3-273E-3912B6FE0E96" value="true"/>
</engineerTo>
<useDomainConstraints>false</useDomainConstraints>
<use>1</use>
<logicalDatatype>LOGDT019</logicalDatatype>
<dataTypePrecision>8</dataTypePrecision>
<ownDataTypeParameters>,8,</ownDataTypeParameters>
</Attribute>
<Attribute name="AREA_RESPONSABILIDAD" id="25B13246-3E9B-8033-B0A2-E8A6E8F382B9">
<createdBy>rodri</createdBy>
<createdTime>2025-10-09 16:10:06 UTC</createdTime>
<ownerDesignName>Evaluación Final Transversal</ownerDesignName>
<engineerTo>
<item key="1BA74862-06A5-31D3-273E-3912B6FE0E96" value="true"/>
</engineerTo>
<useDomainConstraints>false</useDomainConstraints>
<use>1</use>
<logicalDatatype>LOGDT024</logicalDatatype>
<dataTypeSize>100</dataTypeSize>
<ownDataTypeParameters>100,,</ownDataTypeParameters>
</Attribute>
<Attribute name="MAX_OPERARIOS_COORDINA" id="500FE354-BE79-010D-0503-40693DAAB98D">
<createdBy>rodri</createdBy>
<createdTime>2025-10-09 16:10:49 UTC</createdTime>
<ownerDesignName>Evaluación Final Transversal</ownerDesignName>
<engineerTo>
<item key="1BA74862-06A5-31D3-273E-3912B6FE0E96" value="true"/>
</engineerTo>
<useDomainConstraints>false</useDomainConstraints>
<use>1</use>
<logicalDatatype>LOGDT019</logicalDatatype>
<dataTypePrecision>3</dataTypePrecision>
<ownDataTypeParameters>,3,</ownDataTypeParameters>
</Attribute>
<Attribute name="ID_EMPLEADO1" id="D571B5D9-399A-E49B-F50E-F35BEA3E6349">
<createdBy>rodri</createdBy>
<createdTime>2025-10-09 20:05:46 UTC</createdTime>
<generatorID>1CA49578-DCB1-2C36-ABB2-42D817D9F9E9</generatorID>
<ownerDesignName>Evaluación Final Transversal</ownerDesignName>
<engineerTo>
<item key="1BA74862-06A5-31D3-273E-3912B6FE0E96" value="true"/>
</engineerTo>
<referedAttribute>4C0F42BB-AD9D-1E8B-E27E-8793456A2E72</referedAttribute>
<useDomainConstraints>false</useDomainConstraints>
<use>1</use>
<logicalDatatype>LOGDT019</logicalDatatype>
<dataTypePrecision>8</dataTypePrecision>
<ownDataTypeParameters>,8,</ownDataTypeParameters>
</Attribute>
</attributes>
<identifiers itemClass="oracle.dbtools.crest.model.design.logical.CandidateKey">
<identifier id="0B4E6013-7CBF-6C09-D421-A9EC2C9579E3" name="JEFE_TURNO PK">
<createdBy>rodri</createdBy>
<createdTime>2025-10-09 16:10:03 UTC</createdTime>
<ownerDesignName>Evaluación Final Transversal</ownerDesignName>
<shouldEngineer>false</shouldEngineer>
<engineerTo>
<item key="1BA74862-06A5-31D3-273E-3912B6FE0E96" value="false"/>
</engineerTo>
<pk>true</pk>
<usedAttributes>
<attributeRef>6182908F-70E0-E53F-FF2A-799EF7147465</attributeRef>
</usedAttributes>
</identifier>
</identifiers>
</Entity>