<?xml version = '1.0' encoding = 'UTF-8'?>
<Entity class="oracle.dbtools.crest.model.design.logical.Entity" directorySegmentName="seg_0" id="B88B5E00-47F7-33A1-38DA-ECD2A4633773" name="PLANTA">
<createdBy>rodri</createdBy>
<createdTime>2025-10-09 15:30:52 UTC</createdTime>
<ownerDesignName>Evaluación Final Transversal</ownerDesignName>
<engineerTo>
<item key="1BA74862-06A5-31D3-273E-3912B6FE0E96" value="true"/>
</engineerTo>
<adequatelyNormalized>NO</adequatelyNormalized>
<expectedVolumes>0</expectedVolumes>
<fwdEngineeringStrategyName>Single Table</fwdEngineeringStrategyName>
<growthPercent>0</growthPercent>
<growthType>Year</growthType>
<maxVolumes>9999999</maxVolumes>
<minVolumes>0</minVolumes>
<normalForm>Third</normalForm>
<attributes itemClass="oracle.dbtools.crest.model.design.logical.Attribute">
<Attribute name="ID_PLANTA" id="76BDB314-C54F-7BFF-30B0-C92148035936">
<createdBy>rodri</createdBy>
<createdTime>2025-10-09 15:32:58 UTC</createdTime>
<ownerDesignName>Evaluación Final Transversal</ownerDesignName>
<engineerTo>
<item key="1BA74862-06A5-31D3-273E-3912B6FE0E96" value="true"/>
</engineerTo>
<useDomainConstraints>false</useDomainConstraints>
<use>1</use>
<logicalDatatype>LOGDT019</logicalDatatype>
<dataTypePrecision>5</dataTypePrecision>
<ownDataTypeParameters>,5,</ownDataTypeParameters>
</Attribute>
<Attribute name="NOMBRE_PLANTA" id="E16CE6B9-85B9-C098-1893-B880B6033691">
<createdBy>rodri</createdBy>
<createdTime>2025-10-09 15:31:08 UTC</createdTime>
<ownerDesignName>Evaluación Final Transversal</ownerDesignName>
<engineerTo>
<item key="1BA74862-06A5-31D3-273E-3912B6FE0E96" value="true"/>
</engineerTo>
<useDomainConstraints>false</useDomainConstraints>
<use>1</use>
<logicalDatatype>LOGDT024</logicalDatatype>
<dataTypeSize>100</dataTypeSize>
<ownDataTypeParameters>100,,</ownDataTypeParameters>
</Attribute>
<Attribute name="DIRECCION" id="B14A4211-FDC2-81E4-3387-4CB51FE48181">
<createdBy>rodri</createdBy>
<createdTime>2025-10-09 15:31:43 UTC</createdTime>
<ownerDesignName>Evaluación Final Transversal</ownerDesignName>
<engineerTo>
<item key="1BA74862-06A5-31D3-273E-3912B6FE0E96" value="true"/>
</engineerTo>
<useDomainConstraints>false</useDomainConstraints>
<use>1</use>
<logicalDatatype>LOGDT024</logicalDatatype>
<dataTypeSize>200</dataTypeSize>
<ownDataTypeParameters>200,,</ownDataTypeParameters>
</Attribute>
<Attribute name="ID_COMUNA" id="53D3009F-61D2-05A8-D68C-1BFA07B65634">
<createdBy>rodri</createdBy>
<createdTime>2025-10-09 19:54:50 UTC</createdTime>
<generatorID>513CB0EE-391E-996F-B28D-95CCADE04CE6</generatorID>
<ownerDesignName>Evaluación Final Transversal</ownerDesignName>
<engineerTo>
<item key="1BA74862-06A5-31D3-273E-3912B6FE0E96" value="true"/>
</engineerTo>
<referedAttribute>34F8FC59-4335-97C0-3102-A047789FEE04</referedAttribute>
<useDomainConstraints>false</useDomainConstraints>
<use>1</use>
<logicalDatatype>LOGDT019</logicalDatatype>
<dataTypePrecision>5</dataTypePrecision>
<ownDataTypeParameters>,5,</ownDataTypeParameters>
</Attribute>
</attributes>
<identifiers itemClass="oracle.dbtools.crest.model.design.logical.CandidateKey">
<identifier id="5B7D5AC8-F601-6200-641A-AFC223F88DDC" name="PLANTA PK">
<createdBy>rodri</createdBy>
<createdTime>2025-10-09 15:33:18 UTC</createdTime>
<ownerDesignName>Evaluación Final Transversal</ownerDesignName>
<shouldEngineer>false</shouldEngineer>
<engineerTo>
<item key="1BA74862-06A5-31D3-273E-3912B6FE0E96" value="false"/>
</engineerTo>
<pk>true</pk>
<usedAttributes>
<attributeRef>76BDB314-C54F-7BFF-30B0-C92148035936</attributeRef>
</usedAttributes>
</identifier>
</identifiers>
</Entity>