<?xml version = '1.0' encoding = 'UTF-8'?>
<Entity class="oracle.dbtools.crest.model.design.logical.Entity" directorySegmentName="seg_0" id="C8A413F3-7A44-489E-BCE6-955AD20D5293" name="TECNICO_MANTENCION">
<createdBy>rodri</createdBy>
<createdTime>2025-10-09 17:57:16 UTC</createdTime>
<ownerDesignName>Evaluación Final Transversal</ownerDesignName>
<engineerTo>
<item key="1BA74862-06A5-31D3-273E-3912B6FE0E96" value="true"/>
</engineerTo>
<adequatelyNormalized>NO</adequatelyNormalized>
<expectedVolumes>0</expectedVolumes>
<fwdEngineeringStrategyName>Single Table</fwdEngineeringStrategyName>
<growthPercent>0</growthPercent>
<growthType>Year</growthType>
<maxVolumes>9999999</maxVolumes>
<minVolumes>0</minVolumes>
<normalForm>Third</normalForm>
<attributes itemClass="oracle.dbtools.crest.model.design.logical.Attribute">
<Attribute name="ID_EMPLEADO" id="BAA36735-FAA7-C827-76A8-4B6CD4B8EF77">
<createdBy>rodri</createdBy>
<createdTime>2025-10-09 17:57:25 UTC</createdTime>
<ownerDesignName>Evaluación Final Transversal</ownerDesignName>
<engineerTo>
<item key="1BA74862-06A5-31D3-273E-3912B6FE0E96" value="true"/>
</engineerTo>
<useDomainConstraints>false</useDomainConstraints>
<use>1</use>
<logicalDatatype>LOGDT019</logicalDatatype>
<dataTypePrecision>8</dataTypePrecision>
<ownDataTypeParameters>,8,</ownDataTypeParameters>
</Attribute>
<Attribute name="ESPECIALIDAD" id="B4651308-E487-0C31-27BB-56F38F93722C">
<createdBy>rodri</createdBy>
<createdTime>2025-10-09 17:58:05 UTC</createdTime>
<ownerDesignName>Evaluación Final Transversal</ownerDesignName>
<engineerTo>
<item key="1BA74862-06A5-31D3-273E-3912B6FE0E96" value="true"/>
</engineerTo>
<useDomainConstraints>false</useDomainConstraints>
<use>1</use>
<logicalDatatype>LOGDT024</logicalDatatype>
<dataTypeSize>50</dataTypeSize>
<ownDataTypeParameters>50,,</ownDataTypeParameters>
</Attribute>
<Attribute name="NIVEL_CERTIFICACION" id="62DC515D-761D-207B-91E0-179818466113">
<createdBy>rodri</createdBy>
<createdTime>2025-10-09 17:58:46 UTC</createdTime>
<ownerDesignName>Evaluación Final Transversal</ownerDesignName>
<engineerTo>
<item key="1BA74862-06A5-31D3-273E-3912B6FE0E96" value="true"/>
</engineerTo>
<nullsAllowed>true</nullsAllowed>
<useDomainConstraints>false</useDomainConstraints>
<use>1</use>
<logicalDatatype>LOGDT024</logicalDatatype>
<dataTypeSize>100</dataTypeSize>
<ownDataTypeParameters>100,,</ownDataTypeParameters>
</Attribute>
<Attribute name="TIEMPO_RESPUESTA_ESTANDAR" id="FBEC42BF-6B64-8AF9-2EF4-C860CF610C8B">
<createdBy>rodri</createdBy>
<createdTime>2025-10-09 17:59:28 UTC</createdTime>
<ownerDesignName>Evaluación Final Transversal</ownerDesignName>
<engineerTo>
<item key="1BA74862-06A5-31D3-273E-3912B6FE0E96" value="true"/>
</engineerTo>
<useDomainConstraints>false</useDomainConstraints>
<use>1</use>
<logicalDatatype>LOGDT019</logicalDatatype>
<dataTypePrecision>3</dataTypePrecision>
<ownDataTypeParameters>,3,</ownDataTypeParameters>
</Attribute>
<Attribute name="ID_EMPLEADO1" id="52CB23A4-F66F-B793-7F73-C9EC25B219FE">
<createdBy>rodri</createdBy>
<createdTime>2025-10-09 20:06:57 UTC</createdTime>
<generatorID>C755764C-682A-131F-4FAD-536661686EF6</generatorID>
<ownerDesignName>Evaluación Final Transversal</ownerDesignName>
<engineerTo>
<item key="1BA74862-06A5-31D3-273E-3912B6FE0E96" value="true"/>
</engineerTo>
<referedAttribute>4C0F42BB-AD9D-1E8B-E27E-8793456A2E72</referedAttribute>
<useDomainConstraints>false</useDomainConstraints>
<use>1</use>
<logicalDatatype>LOGDT019</logicalDatatype>
<dataTypePrecision>8</dataTypePrecision>
<ownDataTypeParameters>,8,</ownDataTypeParameters>
</Attribute>
</attributes>
<identifiers itemClass="oracle.dbtools.crest.model.design.logical.CandidateKey">
<identifier id="7E6A8B77-6DA4-02ED-2EF6-A122BC7745F4" name="TECNICO_MANTENCION PK">
<createdBy>rodri</createdBy>
<createdTime>2025-10-09 17:57:56 UTC</createdTime>
<ownerDesignName>Evaluación Final Transversal</ownerDesignName>
<shouldEngineer>false</shouldEngineer>
<engineerTo>
<item key="1BA74862-06A5-31D3-273E-3912B6FE0E96" value="false"/>
</engineerTo>
<pk>true</pk>
<usedAttributes>
<attributeRef>BAA36735-FAA7-C827-76A8-4B6CD4B8EF77</attributeRef>
</usedAttributes>
</identifier>
</identifiers>
</Entity>