<?xml version = '1.0' encoding = 'UTF-8'?>
<Entity class="oracle.dbtools.crest.model.design.logical.Entity" directorySegmentName="seg_0" id="EEEAD083-BD3E-98EA-DCB7-B7A5913623A7" name="TIPO_MAQUINA">
<createdBy>rodri</createdBy>
<createdTime>2025-10-09 15:35:45 UTC</createdTime>
<ownerDesignName>Evaluación Final Transversal</ownerDesignName>
<engineerTo>
<item key="1BA74862-06A5-31D3-273E-3912B6FE0E96" value="true"/>
</engineerTo>
<adequatelyNormalized>NO</adequatelyNormalized>
<expectedVolumes>0</expectedVolumes>
<fwdEngineeringStrategyName>Single Table</fwdEngineeringStrategyName>
<growthPercent>0</growthPercent>
<growthType>Year</growthType>
<maxVolumes>9999999</maxVolumes>
<minVolumes>0</minVolumes>
<normalForm>Third</normalForm>
<attributes itemClass="oracle.dbtools.crest.model.design.logical.Attribute">
<Attribute name="ID_TIPO_MAQUINA" id="0EE4EC91-3A59-35BD-42C0-460F58F4C38A">
<createdBy>rodri</createdBy>
<createdTime>2025-10-09 15:35:54 UTC</createdTime>
<ownerDesignName>Evaluación Final Transversal</ownerDesignName>
<engineerTo>
<item key="1BA74862-06A5-31D3-273E-3912B6FE0E96" value="true"/>
</engineerTo>
<useDomainConstraints>false</useDomainConstraints>
<use>1</use>
<logicalDatatype>LOGDT019</logicalDatatype>
<dataTypePrecision>5</dataTypePrecision>
<ownDataTypeParameters>,5,</ownDataTypeParameters>
</Attribute>
<Attribute name="NOMBRE_TIPO" id="CB25DD79-09CB-4137-EF3E-F759A7EFE7F2">
<createdBy>rodri</createdBy>
<createdTime>2025-10-09 15:36:23 UTC</createdTime>
<ownerDesignName>Evaluación Final Transversal</ownerDesignName>
<engineerTo>
<item key="1BA74862-06A5-31D3-273E-3912B6FE0E96" value="true"/>
</engineerTo>
<useDomainConstraints>false</useDomainConstraints>
<use>1</use>
<logicalDatatype>LOGDT024</logicalDatatype>
<dataTypeSize>50</dataTypeSize>
<ownDataTypeParameters>50,,</ownDataTypeParameters>
</Attribute>
</attributes>
<identifiers itemClass="oracle.dbtools.crest.model.design.logical.CandidateKey">
<identifier id="F1B8163C-1EEB-9A37-EB5F-882280B5283C" name="TIPO_MAQUINA PK">
<createdBy>rodri</createdBy>
<createdTime>2025-10-09 15:36:19 UTC</createdTime>
<ownerDesignName>Evaluación Final Transversal</ownerDesignName>
<shouldEngineer>false</shouldEngineer>
<engineerTo>
<item key="1BA74862-06A5-31D3-273E-3912B6FE0E96" value="false"/>
</engineerTo>
<pk>true</pk>
<usedAttributes>
<attributeRef>0EE4EC91-3A59-35BD-42C0-460F58F4C38A</attributeRef>
</usedAttributes>
</identifier>
</identifiers>
</Entity>