<?xml version = '1.0' encoding = 'UTF-8'?>
<Entity class="oracle.dbtools.crest.model.design.logical.Entity" directorySegmentName="seg_0" id="1980A0FA-8CDF-E4FA-B8E7-5806966ADC8D" name="EMPRESA">
<createdBy>rodri</createdBy>
<createdTime>2025-09-08 13:19:23 UTC</createdTime>
<ownerDesignName>traabajoS4</ownerDesignName>
<engineerTo>
<item key="E641D91F-A0AF-57A5-E9E8-7936B3033959" value="true"/>
</engineerTo>
<adequatelyNormalized>NO</adequatelyNormalized>
<expectedVolumes>0</expectedVolumes>
<fwdEngineeringStrategyName>Single Table</fwdEngineeringStrategyName>
<growthPercent>0</growthPercent>
<growthType>Year</growthType>
<maxVolumes>9999999</maxVolumes>
<minVolumes>0</minVolumes>
<normalForm>Third</normalForm>
<attributes itemClass="oracle.dbtools.crest.model.design.logical.Attribute">
<Attribute name="id_empresa " id="CD6347C8-3920-7DAF-3443-ECF1D5AE4006">
<createdBy>rodri</createdBy>
<createdTime>2025-09-08 13:19:41 UTC</createdTime>
<ownerDesignName>traabajoS4</ownerDesignName>
<engineerTo>
<item key="E641D91F-A0AF-57A5-E9E8-7936B3033959" value="true"/>
</engineerTo>
<useDomainConstraints>false</useDomainConstraints>
<use>1</use>
<logicalDatatype>LOGDT024</logicalDatatype>
<dataTypeSize>20</dataTypeSize>
<ownDataTypeParameters>20,,</ownDataTypeParameters>
</Attribute>
<Attribute name="nombre_empresa " id="0FA199B2-BFAA-5157-66A8-841DC42BB49E">
<createdBy>rodri</createdBy>
<createdTime>2025-09-08 13:21:01 UTC</createdTime>
<ownerDesignName>traabajoS4</ownerDesignName>
<engineerTo>
<item key="E641D91F-A0AF-57A5-E9E8-7936B3033959" value="true"/>
</engineerTo>
<useDomainConstraints>false</useDomainConstraints>
<use>1</use>
<logicalDatatype>LOGDT024</logicalDatatype>
<dataTypeSize>20</dataTypeSize>
<ownDataTypeParameters>20,,</ownDataTypeParameters>
</Attribute>
<Attribute name="remuneracion_maxima " id="8DCC26F5-D683-0A72-24B1-B59DA8BD8537">
<createdBy>rodri</createdBy>
<createdTime>2025-09-08 13:21:53 UTC</createdTime>
<ownerDesignName>traabajoS4</ownerDesignName>
<engineerTo>
<item key="E641D91F-A0AF-57A5-E9E8-7936B3033959" value="true"/>
</engineerTo>
<useDomainConstraints>false</useDomainConstraints>
<use>1</use>
<logicalDatatype>LOGDT019</logicalDatatype>
<ownDataTypeParameters>,,</ownDataTypeParameters>
</Attribute>
<Attribute name="residencia_chile" id="9B2FCFDE-F76C-77C4-4B28-79CAA46ED787">
<createdBy>rodri</createdBy>
<createdTime>2025-09-08 17:38:09 UTC</createdTime>
<ownerDesignName>traabajoS4</ownerDesignName>
<engineerTo>
<item key="E641D91F-A0AF-57A5-E9E8-7936B3033959" value="true"/>
</engineerTo>
<useDomainConstraints>false</useDomainConstraints>
<use>1</use>
<logicalDatatype>LOGDT006</logicalDatatype>
<dataTypeSize>5 CHAR</dataTypeSize>
<ownDataTypeParameters>5 CHAR,,</ownDataTypeParameters>
</Attribute>
<Attribute name="id_ubicacion " id="65B1202E-154A-85A7-2384-FAD1933FD93B">
<createdBy>rodri</createdBy>
<createdTime>2025-09-08 14:34:06 UTC</createdTime>
<generatorID>B4E9E94D-1A8E-A3E0-A2FC-6BA59814AE1F</generatorID>
<ownerDesignName>traabajoS4</ownerDesignName>
<engineerTo>
<item key="E641D91F-A0AF-57A5-E9E8-7936B3033959" value="true"/>
</engineerTo>
<referedAttribute>F30905F6-72D4-43CD-1D8D-D1C9AE22C902</referedAttribute>
<useDomainConstraints>false</useDomainConstraints>
<use>1</use>
<logicalDatatype>LOGDT019</logicalDatatype>
<ownDataTypeParameters>,,</ownDataTypeParameters>
</Attribute>
</attributes>
<identifiers itemClass="oracle.dbtools.crest.model.design.logical.CandidateKey">
<identifier id="104A23B7-FB75-CBE2-057C-B42E5C6D229F" name="EMPRESA PK">
<createdBy>rodri</createdBy>
<createdTime>2025-09-08 13:21:41 UTC</createdTime>
<ownerDesignName>traabajoS4</ownerDesignName>
<engineerTo>
<item key="E641D91F-A0AF-57A5-E9E8-7936B3033959" value="true"/>
</engineerTo>
<pk>true</pk>
<usedAttributes>
<attributeRef>CD6347C8-3920-7DAF-3443-ECF1D5AE4006</attributeRef>
</usedAttributes>
</identifier>
</identifiers>
</Entity>