<?xml version = '1.0' encoding = 'UTF-8'?>
<Entity class="oracle.dbtools.crest.model.design.logical.Entity" directorySegmentName="seg_0" id="5D072F41-2BA2-1EE5-8829-0667A64CADD8" name="VISA ">
<createdBy>rodri</createdBy>
<createdTime>2025-09-08 13:46:51 UTC</createdTime>
<ownerDesignName>traabajoS4</ownerDesignName>
<engineerTo>
<item key="E641D91F-A0AF-57A5-E9E8-7936B3033959" value="true"/>
</engineerTo>
<adequatelyNormalized>NO</adequatelyNormalized>
<expectedVolumes>0</expectedVolumes>
<fwdEngineeringStrategyName>Single Table</fwdEngineeringStrategyName>
<growthPercent>0</growthPercent>
<growthType>Year</growthType>
<maxVolumes>9999999</maxVolumes>
<minVolumes>0</minVolumes>
<normalForm>Third</normalForm>
<attributes itemClass="oracle.dbtools.crest.model.design.logical.Attribute">
<Attribute name="id_visa " id="39047651-8A0E-AF6D-D5C6-3F7CC184AE14">
<createdBy>rodri</createdBy>
<createdTime>2025-09-08 13:46:58 UTC</createdTime>
<ownerDesignName>traabajoS4</ownerDesignName>
<engineerTo>
<item key="E641D91F-A0AF-57A5-E9E8-7936B3033959" value="true"/>
</engineerTo>
<useDomainConstraints>false</useDomainConstraints>
<use>1</use>
<logicalDatatype>LOGDT024</logicalDatatype>
<dataTypeSize>20</dataTypeSize>
<ownDataTypeParameters>20,,</ownDataTypeParameters>
</Attribute>
<Attribute name="fecha_visa " id="E717E127-E1B5-0A81-D7A5-2EC7427D45BD">
<createdBy>rodri</createdBy>
<createdTime>2025-09-08 13:48:13 UTC</createdTime>
<ownerDesignName>traabajoS4</ownerDesignName>
<engineerTo>
<item key="E641D91F-A0AF-57A5-E9E8-7936B3033959" value="true"/>
</engineerTo>
<useDomainConstraints>false</useDomainConstraints>
<use>1</use>
<logicalDatatype>LOGDT007</logicalDatatype>
<ownDataTypeParameters>,,</ownDataTypeParameters>
</Attribute>
<Attribute name="id_postulacion " id="9D79ECB2-3E2A-EFF5-F0CF-D1DA52A40DEF">
<createdBy>rodri</createdBy>
<createdTime>2025-09-08 15:25:34 UTC</createdTime>
<generatorID>3A97A1CB-AA76-97EB-B0EE-682443F05EE5</generatorID>
<ownerDesignName>traabajoS4</ownerDesignName>
<engineerTo>
<item key="E641D91F-A0AF-57A5-E9E8-7936B3033959" value="true"/>
</engineerTo>
<referedAttribute>27B3AFC7-BDF9-A817-D1D9-D7C70FD9B8C4</referedAttribute>
<useDomainConstraints>false</useDomainConstraints>
<use>1</use>
<logicalDatatype>LOGDT024</logicalDatatype>
<dataTypeSize>20</dataTypeSize>
<ownDataTypeParameters>,,</ownDataTypeParameters>
</Attribute>
</attributes>
<identifiers itemClass="oracle.dbtools.crest.model.design.logical.CandidateKey">
<identifier id="18B5042F-257A-7BAB-CE69-3EDC92976B0F" name="VISA PK">
<createdBy>rodri</createdBy>
<createdTime>2025-09-08 13:49:05 UTC</createdTime>
<ownerDesignName>traabajoS4</ownerDesignName>
<engineerTo>
<item key="E641D91F-A0AF-57A5-E9E8-7936B3033959" value="true"/>
</engineerTo>
<pk>true</pk>
<usedAttributes>
<attributeRef>39047651-8A0E-AF6D-D5C6-3F7CC184AE14</attributeRef>
</usedAttributes>
</identifier>
</identifiers>
</Entity>