<?xml version = '1.0' encoding = 'UTF-8'?>
<Entity class="oracle.dbtools.crest.model.design.logical.Entity" directorySegmentName="seg_0" id="670D3B55-C5A5-BDAB-4F2C-21F976E6F6C1" name="IDIOMA">
<createdBy>rodri</createdBy>
<createdTime>2025-09-08 13:38:41 UTC</createdTime>
<ownerDesignName>traabajoS4</ownerDesignName>
<engineerTo>
<item key="E641D91F-A0AF-57A5-E9E8-7936B3033959" value="true"/>
</engineerTo>
<adequatelyNormalized>NO</adequatelyNormalized>
<expectedVolumes>0</expectedVolumes>
<fwdEngineeringStrategyName>Single Table</fwdEngineeringStrategyName>
<growthPercent>0</growthPercent>
<growthType>Year</growthType>
<maxVolumes>9999999</maxVolumes>
<minVolumes>0</minVolumes>
<normalForm>Third</normalForm>
<attributes itemClass="oracle.dbtools.crest.model.design.logical.Attribute">
<Attribute name="id_idioma " id="BEEBABA3-7B4D-69D1-2C71-E5A9CD22DCBD">
<createdBy>rodri</createdBy>
<createdTime>2025-09-08 13:39:11 UTC</createdTime>
<ownerDesignName>traabajoS4</ownerDesignName>
<engineerTo>
<item key="E641D91F-A0AF-57A5-E9E8-7936B3033959" value="true"/>
</engineerTo>
<useDomainConstraints>false</useDomainConstraints>
<use>1</use>
<logicalDatatype>LOGDT019</logicalDatatype>
<ownDataTypeParameters>,,</ownDataTypeParameters>
</Attribute>
<Attribute name="nombre_idioma " id="4100D222-65AB-A586-B5E2-67D5A683F993">
<createdBy>rodri</createdBy>
<createdTime>2025-09-08 13:39:50 UTC</createdTime>
<ownerDesignName>traabajoS4</ownerDesignName>
<engineerTo>
<item key="E641D91F-A0AF-57A5-E9E8-7936B3033959" value="true"/>
</engineerTo>
<use>0</use>
<ownDataTypeParameters>,,</ownDataTypeParameters>
</Attribute>
<Attribute name="Folio_Postulante " id="11F3879B-A00B-28F5-214A-EEC8856E5CE9">
<createdBy>rodri</createdBy>
<createdTime>2025-09-08 17:22:13 UTC</createdTime>
<generatorID>1F919661-B448-071E-32E2-7591415EF9CC</generatorID>
<ownerDesignName>traabajoS4</ownerDesignName>
<engineerTo>
<item key="E641D91F-A0AF-57A5-E9E8-7936B3033959" value="true"/>
</engineerTo>
<referedAttribute>D6F8ACD4-8DF8-859B-9A42-AEA869032206</referedAttribute>
<useDomainConstraints>false</useDomainConstraints>
<use>1</use>
<logicalDatatype>LOGDT024</logicalDatatype>
<dataTypeSize>20</dataTypeSize>
<ownDataTypeParameters>,,</ownDataTypeParameters>
</Attribute>
</attributes>
<identifiers itemClass="oracle.dbtools.crest.model.design.logical.CandidateKey">
<identifier id="072716A4-F70F-B1B2-6EB0-E12573A8193C" name="IDIOMA PK">
<createdBy>rodri</createdBy>
<createdTime>2025-09-08 13:39:48 UTC</createdTime>
<ownerDesignName>traabajoS4</ownerDesignName>
<engineerTo>
<item key="E641D91F-A0AF-57A5-E9E8-7936B3033959" value="true"/>
</engineerTo>
<pk>true</pk>
<usedAttributes>
<attributeRef>BEEBABA3-7B4D-69D1-2C71-E5A9CD22DCBD</attributeRef>
</usedAttributes>
</identifier>
</identifiers>
</Entity>