<?xml version = '1.0' encoding = 'UTF-8'?>
<Entity class="oracle.dbtools.crest.model.design.logical.Entity" directorySegmentName="seg_0" id="8981A5A8-63BE-C506-C1A3-B66A81A798E4" name="POSTULACION">
<createdBy>rodri</createdBy>
<createdTime>2025-09-08 15:11:29 UTC</createdTime>
<ownerDesignName>traabajoS4</ownerDesignName>
<engineerTo>
<item key="E641D91F-A0AF-57A5-E9E8-7936B3033959" value="true"/>
</engineerTo>
<adequatelyNormalized>NO</adequatelyNormalized>
<expectedVolumes>0</expectedVolumes>
<fwdEngineeringStrategyName>Single Table</fwdEngineeringStrategyName>
<growthPercent>0</growthPercent>
<growthType>Year</growthType>
<maxVolumes>9999999</maxVolumes>
<minVolumes>0</minVolumes>
<normalForm>Third</normalForm>
<attributes itemClass="oracle.dbtools.crest.model.design.logical.Attribute">
<Attribute name="id_postulacion " id="27B3AFC7-BDF9-A817-D1D9-D7C70FD9B8C4">
<createdBy>rodri</createdBy>
<createdTime>2025-09-08 15:15:33 UTC</createdTime>
<ownerDesignName>traabajoS4</ownerDesignName>
<engineerTo>
<item key="E641D91F-A0AF-57A5-E9E8-7936B3033959" value="true"/>
</engineerTo>
<useDomainConstraints>false</useDomainConstraints>
<use>1</use>
<logicalDatatype>LOGDT024</logicalDatatype>
<dataTypeSize>20</dataTypeSize>
<ownDataTypeParameters>20,,</ownDataTypeParameters>
</Attribute>
<Attribute name="id_visa " id="1E724659-122E-2AFE-0D4C-B2684B1EFA1A">
<createdBy>rodri</createdBy>
<createdTime>2025-09-08 15:25:39 UTC</createdTime>
<generatorID>3A97A1CB-AA76-97EB-B0EE-682443F05EE5</generatorID>
<ownerDesignName>traabajoS4</ownerDesignName>
<engineerTo>
<item key="E641D91F-A0AF-57A5-E9E8-7936B3033959" value="true"/>
</engineerTo>
<referedAttribute>39047651-8A0E-AF6D-D5C6-3F7CC184AE14</referedAttribute>
<useDomainConstraints>false</useDomainConstraints>
<use>1</use>
<logicalDatatype>LOGDT024</logicalDatatype>
<dataTypeSize>20</dataTypeSize>
<ownDataTypeParameters>,,</ownDataTypeParameters>
</Attribute>
</attributes>
<identifiers itemClass="oracle.dbtools.crest.model.design.logical.CandidateKey">
<identifier id="595834A7-751A-58E1-2B8F-8EC1E80ED062" name="POSTULACION PK">
<createdBy>rodri</createdBy>
<createdTime>2025-09-08 15:15:47 UTC</createdTime>
<ownerDesignName>traabajoS4</ownerDesignName>
<engineerTo>
<item key="E641D91F-A0AF-57A5-E9E8-7936B3033959" value="true"/>
</engineerTo>
<pk>true</pk>
<usedAttributes>
<attributeRef>27B3AFC7-BDF9-A817-D1D9-D7C70FD9B8C4</attributeRef>
</usedAttributes>
</identifier>
</identifiers>
</Entity>