<?xml version = '1.0' encoding = 'UTF-8'?>
<Entity class="oracle.dbtools.crest.model.design.logical.Entity" directorySegmentName="seg_0" id="B5CCEC4E-360B-61E3-2452-11F26F37ABBB" name="UBICACION_EMPRESA">
<createdBy>rodri</createdBy>
<createdTime>2025-09-08 13:27:52 UTC</createdTime>
<ownerDesignName>traabajoS4</ownerDesignName>
<engineerTo>
<item key="E641D91F-A0AF-57A5-E9E8-7936B3033959" value="true"/>
</engineerTo>
<adequatelyNormalized>NO</adequatelyNormalized>
<expectedVolumes>0</expectedVolumes>
<fwdEngineeringStrategyName>Single Table</fwdEngineeringStrategyName>
<growthPercent>0</growthPercent>
<growthType>Year</growthType>
<maxVolumes>9999999</maxVolumes>
<minVolumes>0</minVolumes>
<normalForm>Third</normalForm>
<attributes itemClass="oracle.dbtools.crest.model.design.logical.Attribute">
<Attribute name="id_ubicacion " id="F30905F6-72D4-43CD-1D8D-D1C9AE22C902">
<createdBy>rodri</createdBy>
<createdTime>2025-09-08 13:28:09 UTC</createdTime>
<ownerDesignName>traabajoS4</ownerDesignName>
<engineerTo>
<item key="E641D91F-A0AF-57A5-E9E8-7936B3033959" value="true"/>
</engineerTo>
<useDomainConstraints>false</useDomainConstraints>
<use>1</use>
<logicalDatatype>LOGDT019</logicalDatatype>
<ownDataTypeParameters>,,</ownDataTypeParameters>
</Attribute>
<Attribute name="calle" id="4DD443B9-E752-D1F3-B378-25B8651FAEC4">
<createdBy>rodri</createdBy>
<createdTime>2025-09-08 13:28:34 UTC</createdTime>
<ownerDesignName>traabajoS4</ownerDesignName>
<engineerTo>
<item key="E641D91F-A0AF-57A5-E9E8-7936B3033959" value="true"/>
</engineerTo>
<useDomainConstraints>false</useDomainConstraints>
<use>1</use>
<logicalDatatype>LOGDT024</logicalDatatype>
<dataTypeSize>20</dataTypeSize>
<ownDataTypeParameters>20,,</ownDataTypeParameters>
</Attribute>
<Attribute name="ciudad " id="931C04FE-69E9-0AC0-7433-88150526BBAA">
<createdBy>rodri</createdBy>
<createdTime>2025-09-08 13:29:25 UTC</createdTime>
<ownerDesignName>traabajoS4</ownerDesignName>
<engineerTo>
<item key="E641D91F-A0AF-57A5-E9E8-7936B3033959" value="true"/>
</engineerTo>
<useDomainConstraints>false</useDomainConstraints>
<use>1</use>
<logicalDatatype>LOGDT024</logicalDatatype>
<dataTypeSize>20</dataTypeSize>
<ownDataTypeParameters>20,,</ownDataTypeParameters>
</Attribute>
<Attribute name="pais " id="FBAAD8AE-4376-5113-DE38-78A53E5AEA3A">
<createdBy>rodri</createdBy>
<createdTime>2025-09-08 13:30:20 UTC</createdTime>
<ownerDesignName>traabajoS4</ownerDesignName>
<engineerTo>
<item key="E641D91F-A0AF-57A5-E9E8-7936B3033959" value="true"/>
</engineerTo>
<useDomainConstraints>false</useDomainConstraints>
<use>1</use>
<logicalDatatype>LOGDT024</logicalDatatype>
<ownDataTypeParameters>,,</ownDataTypeParameters>
</Attribute>
<Attribute name="id_empresa " id="8AEDD3D1-01CD-9193-39AA-CA8CBFB4B469">
<createdBy>rodri</createdBy>
<createdTime>2025-09-08 14:34:01 UTC</createdTime>
<generatorID>B4E9E94D-1A8E-A3E0-A2FC-6BA59814AE1F</generatorID>
<ownerDesignName>traabajoS4</ownerDesignName>
<engineerTo>
<item key="E641D91F-A0AF-57A5-E9E8-7936B3033959" value="true"/>
</engineerTo>
<referedAttribute>CD6347C8-3920-7DAF-3443-ECF1D5AE4006</referedAttribute>
<useDomainConstraints>false</useDomainConstraints>
<use>1</use>
<logicalDatatype>LOGDT024</logicalDatatype>
<dataTypeSize>20</dataTypeSize>
<ownDataTypeParameters>,,</ownDataTypeParameters>
</Attribute>
</attributes>
<identifiers itemClass="oracle.dbtools.crest.model.design.logical.CandidateKey">
<identifier id="BD972142-B378-7827-4523-AE700409D0F8" name="UBICACION_EMPRESA PK">
<createdBy>rodri</createdBy>
<createdTime>2025-09-08 13:28:30 UTC</createdTime>
<ownerDesignName>traabajoS4</ownerDesignName>
<engineerTo>
<item key="E641D91F-A0AF-57A5-E9E8-7936B3033959" value="true"/>
</engineerTo>
<pk>true</pk>
<usedAttributes>
<attributeRef>F30905F6-72D4-43CD-1D8D-D1C9AE22C902</attributeRef>
</usedAttributes>
</identifier>
</identifiers>
</Entity>