<?xml version = '1.0' encoding = 'UTF-8'?>
<Table class="oracle.dbtools.crest.model.design.relational.Table" directorySegmentName="seg_0" id="40955AE1-F05D-F2C3-997C-D3624DE9FCAC" name="Postulante">
<createdBy>rodri</createdBy>
<createdTime>2025-09-08 17:41:21 UTC</createdTime>
<generatorID>F40F90A6-B661-9790-AD1E-430683D9F27C</generatorID>
<ownerDesignName>traabajoS4</ownerDesignName>
<allowColumnReorder>false</allowColumnReorder>
<existDependencyGenerateInDDl>true</existDependencyGenerateInDDl>
<parsed>true</parsed>
<columns itemClass="oracle.dbtools.crest.model.design.relational.Column">
<Column name="Folio_Postulante" id="BE8E3697-13FA-E878-A53D-DA064C7FB314">
<createdBy>rodri</createdBy>
<createdTime>2025-09-08 17:41:21 UTC</createdTime>
<generatorID>D6F8ACD4-8DF8-859B-9A42-AEA869032206</generatorID>
<ownerDesignName>traabajoS4</ownerDesignName>
<useDomainConstraints>false</useDomainConstraints>
<use>1</use>
<logicalDatatype>LOGDT024</logicalDatatype>
<dataTypeSize>20</dataTypeSize>
<ownDataTypeParameters>20,,</ownDataTypeParameters>
<autoIncrementCycle>false</autoIncrementCycle>
</Column>
<Column name="Rut" id="4185F13A-3633-7371-300C-732E48757BB4">
<createdBy>rodri</createdBy>
<createdTime>2025-09-08 17:41:21 UTC</createdTime>
<generatorID>94182506-74A9-F24F-0ABF-5CC087C2B8B7</generatorID>
<ownerDesignName>traabajoS4</ownerDesignName>
<nullsAllowed>true</nullsAllowed>
<useDomainConstraints>false</useDomainConstraints>
<use>1</use>
<logicalDatatype>LOGDT024</logicalDatatype>
<dataTypeSize>12</dataTypeSize>
<ownDataTypeParameters>12,,</ownDataTypeParameters>
<autoIncrementCycle>false</autoIncrementCycle>
</Column>
<Column name="Nombres" id="ED57F429-71EC-6806-B5D9-5AD17D4E1FFC">
<createdBy>rodri</createdBy>
<createdTime>2025-09-08 17:41:21 UTC</createdTime>
<generatorID>8B555260-59A6-9FEF-CB65-BB402878392F</generatorID>
<ownerDesignName>traabajoS4</ownerDesignName>
<useDomainConstraints>false</useDomainConstraints>
<use>1</use>
<logicalDatatype>LOGDT024</logicalDatatype>
<dataTypeSize>40</dataTypeSize>
<ownDataTypeParameters>40,,</ownDataTypeParameters>
<autoIncrementCycle>false</autoIncrementCycle>
</Column>
<Column name="Apellidos" id="5B3009DA-1E13-86E0-67CC-4A8F26F1BE12">
<createdBy>rodri</createdBy>
<createdTime>2025-09-08 17:41:21 UTC</createdTime>
<generatorID>2E7EA69F-79B7-2DB6-9E2B-E7CDC948C3F6</generatorID>
<ownerDesignName>traabajoS4</ownerDesignName>
<useDomainConstraints>false</useDomainConstraints>
<use>1</use>
<logicalDatatype>LOGDT024</logicalDatatype>
<dataTypeSize>40</dataTypeSize>
<ownDataTypeParameters>40,,</ownDataTypeParameters>
<autoIncrementCycle>false</autoIncrementCycle>
</Column>
<Column name="Genero" id="71D0DE50-866B-FB3F-FB02-233E30E45988">
<createdBy>rodri</createdBy>
<createdTime>2025-09-08 17:41:21 UTC</createdTime>
<generatorID>F33C512C-08B2-ED36-287F-7EC7D9B271A0</generatorID>
<ownerDesignName>traabajoS4</ownerDesignName>
<useDomainConstraints>false</useDomainConstraints>
<use>1</use>
<logicalDatatype>LOGDT024</logicalDatatype>
<dataTypeSize>15</dataTypeSize>
<ownDataTypeParameters>15,,</ownDataTypeParameters>
<autoIncrementCycle>false</autoIncrementCycle>
</Column>
<Column name="Correo" id="0894AD7C-B617-655C-7F3B-6196823FB39F">
<createdBy>rodri</createdBy>
<createdTime>2025-09-08 17:41:21 UTC</createdTime>
<generatorID>CF66F485-E02D-586B-F6B9-72009DAE170F</generatorID>
<ownerDesignName>traabajoS4</ownerDesignName>
<useDomainConstraints>false</useDomainConstraints>
<use>1</use>
<logicalDatatype>LOGDT024</logicalDatatype>
<dataTypeSize>50</dataTypeSize>
<ownDataTypeParameters>50,,</ownDataTypeParameters>
<autoIncrementCycle>false</autoIncrementCycle>
</Column>
<Column name="Estado_Civil" id="15294437-3BBB-2BCA-ED8E-45B20EF99160">
<createdBy>rodri</createdBy>
<createdTime>2025-09-08 17:41:21 UTC</createdTime>
<generatorID>693D6B3E-031C-88F8-5CA2-ECEA26C8006D</generatorID>
<ownerDesignName>traabajoS4</ownerDesignName>
<useDomainConstraints>false</useDomainConstraints>
<use>1</use>
<logicalDatatype>LOGDT024</logicalDatatype>
<dataTypeSize>10</dataTypeSize>
<ownDataTypeParameters>10,,</ownDataTypeParameters>
<autoIncrementCycle>false</autoIncrementCycle>
</Column>
<Column name="Renta_Actual" id="41CC8E28-2FDD-2AFB-D1EF-DD67419F0785">
<createdBy>rodri</createdBy>
<createdTime>2025-09-08 17:41:21 UTC</createdTime>
<generatorID>F9508604-9324-DD2D-FF52-2EC530A56C71</generatorID>
<ownerDesignName>traabajoS4</ownerDesignName>
<useDomainConstraints>false</useDomainConstraints>
<use>1</use>
<logicalDatatype>LOGDT019</logicalDatatype>
<ownDataTypeParameters>,,</ownDataTypeParameters>
<autoIncrementCycle>false</autoIncrementCycle>
</Column>
<Column name="Fecha_Nacimiento" id="C2703040-789E-8392-9C90-4B14C601AFE8">
<createdBy>rodri</createdBy>
<createdTime>2025-09-08 17:41:21 UTC</createdTime>
<generatorID>9194A43D-371C-A9DE-0780-8C25D86E780E</generatorID>
<ownerDesignName>traabajoS4</ownerDesignName>
<useDomainConstraints>false</useDomainConstraints>
<use>1</use>
<logicalDatatype>LOGDT007</logicalDatatype>
<ownDataTypeParameters>,,</ownDataTypeParameters>
<autoIncrementCycle>false</autoIncrementCycle>
</Column>
<Column name="Pais_Origen" id="5D2861EF-2521-303E-8A35-B1255A844C54">
<createdBy>rodri</createdBy>
<createdTime>2025-09-08 17:41:21 UTC</createdTime>
<generatorID>6D3806FB-1476-BD6A-CED7-BB7970CD3982</generatorID>
<ownerDesignName>traabajoS4</ownerDesignName>
<useDomainConstraints>false</useDomainConstraints>
<use>1</use>
<logicalDatatype>LOGDT024</logicalDatatype>
<dataTypeSize>30</dataTypeSize>
<ownDataTypeParameters>30,,</ownDataTypeParameters>
<autoIncrementCycle>false</autoIncrementCycle>
</Column>
<Column name="Web_Site" id="BE0AF26A-8EA6-A4A0-0212-8840EF6CABCB">
<createdBy>rodri</createdBy>
<createdTime>2025-09-08 17:41:21 UTC</createdTime>
<generatorID>F71D8366-E8AF-D5CC-D502-D54DE18F854B</generatorID>
<ownerDesignName>traabajoS4</ownerDesignName>
<nullsAllowed>true</nullsAllowed>
<useDomainConstraints>false</useDomainConstraints>
<use>1</use>
<logicalDatatype>LOGDT024</logicalDatatype>
<dataTypeSize>20</dataTypeSize>
<ownDataTypeParameters>20,,</ownDataTypeParameters>
<autoIncrementCycle>false</autoIncrementCycle>
</Column>
<Column name="grado_academico" id="FE627F45-49D9-0697-4E5B-EB004F60668D">
<createdBy>rodri</createdBy>
<createdTime>2025-09-08 17:41:21 UTC</createdTime>
<generatorID>80FFDDC5-61D7-5467-5461-38BD241EDB0A</generatorID>
<ownerDesignName>traabajoS4</ownerDesignName>
<useDomainConstraints>false</useDomainConstraints>
<use>1</use>
<logicalDatatype>LOGDT024</logicalDatatype>
<dataTypeSize>20</dataTypeSize>
<ownDataTypeParameters>20,,</ownDataTypeParameters>
<autoIncrementCycle>false</autoIncrementCycle>
</Column>
<Column name="POSTULACION_id_postulacion" id="661CE08B-579D-FA21-3BCE-B6CE5AB73DF0">
<createdBy>rodri</createdBy>
<createdTime>2025-09-08 17:41:21 UTC</createdTime>
<generatorID>23F88A56-1C95-17F6-65F9-1C7F556DA3D6</generatorID>
<ownerDesignName>traabajoS4</ownerDesignName>
<useDomainConstraints>false</useDomainConstraints>
<use>1</use>
<logicalDatatype>LOGDT024</logicalDatatype>
<dataTypeSize>20</dataTypeSize>
<ownDataTypeParameters>,,</ownDataTypeParameters>
<previousColumn>false</previousColumn>
<autoIncrementCycle>false</autoIncrementCycle>
<associations>
<colAssociation fkAssociation="0F0512A6-190E-8C7B-BA7D-D8CA6E20A81D" referredColumn="CB6964B1-6718-B196-A19D-81565920E81E"/>
</associations>
</Column>
<Column name="EMPRESA_id_empresa" id="F597611F-8672-087A-560E-F2ECD1B6E500">
<createdBy>rodri</createdBy>
<createdTime>2025-09-08 17:41:21 UTC</createdTime>
<generatorID>823590EE-2B2A-495A-B181-8E8AF9DCEB96</generatorID>
<ownerDesignName>traabajoS4</ownerDesignName>
<useDomainConstraints>false</useDomainConstraints>
<use>1</use>
<logicalDatatype>LOGDT024</logicalDatatype>
<dataTypeSize>20</dataTypeSize>
<ownDataTypeParameters>,,</ownDataTypeParameters>
<previousColumn>false</previousColumn>
<autoIncrementCycle>false</autoIncrementCycle>
<associations>
<colAssociation fkAssociation="0A4FCE73-629B-DFA4-A526-06F7CB71B591" referredColumn="34682B47-87E0-2581-682D-D4A0EF3CA8A5"/>
</associations>
</Column>
</columns>
<indexes itemClass="oracle.dbtools.crest.model.design.relational.Index">
<ind_PK_UK id="ABA79F49-6F1C-6BD0-19D4-08FB2D2E0DD9" name="Postulante_PK">
<createdBy>rodri</createdBy>
<createdTime>2025-09-08 17:41:21 UTC</createdTime>
<generatorID>73CE04BC-6642-42FA-EF91-5B091A6F678D</generatorID>
<ownerDesignName>traabajoS4</ownerDesignName>
<pk>true</pk>
<indexState>Primary Constraint</indexState>
<isSurrogateKey>false</isSurrogateKey>
<indexColumnUsage>
<colUsage columnID="BE8E3697-13FA-E878-A53D-DA064C7FB314"/>
</indexColumnUsage>
</ind_PK_UK>
<ind_PK_UK id="5BF0376F-D896-97BB-2186-DFB3BB379A93" name="Postulante_POSTULACION_FK">
<createdBy>rodri</createdBy>
<createdTime>2025-09-08 17:41:21 UTC</createdTime>
<generatorID>81FC71D2-7B8B-35FE-42C9-9960E7E96856</generatorID>
<ownerDesignName>traabajoS4</ownerDesignName>
<indexState>Foreign Key</indexState>
<isSurrogateKey>false</isSurrogateKey>
<indexColumnUsage>
<colUsage columnID="661CE08B-579D-FA21-3BCE-B6CE5AB73DF0"/>
</indexColumnUsage>
</ind_PK_UK>
<ind_PK_UK id="BD46E1B9-52C8-F557-EE73-7A84189A9235" name="Postulante_EMPRESA_FK">
<createdBy>rodri</createdBy>
<createdTime>2025-09-08 17:41:21 UTC</createdTime>
<generatorID>B0C97390-77E5-E7EC-273C-9C0C4EFA1571</generatorID>
<ownerDesignName>traabajoS4</ownerDesignName>
<indexState>Foreign Key</indexState>
<isSurrogateKey>false</isSurrogateKey>
<indexColumnUsage>
<colUsage columnID="F597611F-8672-087A-560E-F2ECD1B6E500"/>
</indexColumnUsage>
</ind_PK_UK>
</indexes>
</Table>