<?xml version = '1.0' encoding = 'UTF-8'?>
<Table class="oracle.dbtools.crest.model.design.relational.Table" directorySegmentName="seg_0" id="4C83B098-B79C-1DE1-9BFB-85B594A466AD" name="POSTULACION">
<createdBy>rodri</createdBy>
<createdTime>2025-09-08 17:41:21 UTC</createdTime>
<generatorID>8981A5A8-63BE-C506-C1A3-B66A81A798E4</generatorID>
<ownerDesignName>traabajoS4</ownerDesignName>
<allowColumnReorder>false</allowColumnReorder>
<existDependencyGenerateInDDl>true</existDependencyGenerateInDDl>
<parsed>true</parsed>
<columns itemClass="oracle.dbtools.crest.model.design.relational.Column">
<Column name="id_postulacion" id="CB6964B1-6718-B196-A19D-81565920E81E">
<createdBy>rodri</createdBy>
<createdTime>2025-09-08 17:41:21 UTC</createdTime>
<generatorID>27B3AFC7-BDF9-A817-D1D9-D7C70FD9B8C4</generatorID>
<ownerDesignName>traabajoS4</ownerDesignName>
<useDomainConstraints>false</useDomainConstraints>
<use>1</use>
<logicalDatatype>LOGDT024</logicalDatatype>
<dataTypeSize>20</dataTypeSize>
<ownDataTypeParameters>20,,</ownDataTypeParameters>
<autoIncrementCycle>false</autoIncrementCycle>
</Column>
<Column name="VISA_id_visa" id="B80651C3-EEC7-628D-BA56-FBD145E7E585">
<createdBy>rodri</createdBy>
<createdTime>2025-09-08 17:41:21 UTC</createdTime>
<generatorID>1E724659-122E-2AFE-0D4C-B2684B1EFA1A</generatorID>
<ownerDesignName>traabajoS4</ownerDesignName>
<useDomainConstraints>false</useDomainConstraints>
<use>1</use>
<logicalDatatype>LOGDT024</logicalDatatype>
<dataTypeSize>20</dataTypeSize>
<ownDataTypeParameters>,,</ownDataTypeParameters>
<previousColumn>false</previousColumn>
<autoIncrementCycle>false</autoIncrementCycle>
<associations>
<colAssociation fkAssociation="1961AAC4-8CF6-F456-0776-A1CF68F09F7B" referredColumn="22B27CFC-99DC-7386-B7A2-4CF66CD9735C"/>
</associations>
</Column>
</columns>
<indexes itemClass="oracle.dbtools.crest.model.design.relational.Index">
<ind_PK_UK id="537E05FD-D723-A51B-7606-A98713DCA1D6" name="POSTULACION_PK">
<createdBy>rodri</createdBy>
<createdTime>2025-09-08 17:41:21 UTC</createdTime>
<generatorID>595834A7-751A-58E1-2B8F-8EC1E80ED062</generatorID>
<ownerDesignName>traabajoS4</ownerDesignName>
<pk>true</pk>
<indexState>Primary Constraint</indexState>
<isSurrogateKey>false</isSurrogateKey>
<indexColumnUsage>
<colUsage columnID="CB6964B1-6718-B196-A19D-81565920E81E"/>
</indexColumnUsage>
</ind_PK_UK>
<ind_PK_UK id="EBD86662-003E-E0ED-319A-0ED6E34327F6" name="POSTULACION__IDX">
<createdBy>rodri</createdBy>
<createdTime>2025-09-08 17:41:21 UTC</createdTime>
<ownerDesignName>traabajoS4</ownerDesignName>
<indexState>Unique Plain Index</indexState>
<isSurrogateKey>false</isSurrogateKey>
<relationGeneratorID>3A97A1CB-AA76-97EB-B0EE-682443F05EE5</relationGeneratorID>
<indexColumnUsage>
<colUsage columnID="B80651C3-EEC7-628D-BA56-FBD145E7E585"/>
</indexColumnUsage>
</ind_PK_UK>
<ind_PK_UK id="391E5887-8C1C-DE07-0310-41558561E7A1" name="POSTULACION_VISA_FK">
<createdBy>rodri</createdBy>
<createdTime>2025-09-08 17:41:21 UTC</createdTime>
<generatorID>3A97A1CB-AA76-97EB-B0EE-682443F05EE5</generatorID>
<ownerDesignName>traabajoS4</ownerDesignName>
<indexState>Foreign Key</indexState>
<isSurrogateKey>false</isSurrogateKey>
<indexColumnUsage>
<colUsage columnID="B80651C3-EEC7-628D-BA56-FBD145E7E585"/>
</indexColumnUsage>
</ind_PK_UK>
</indexes>
</Table>