<?xml version = '1.0' encoding = 'UTF-8'?>
<Table class="oracle.dbtools.crest.model.design.relational.Table" directorySegmentName="seg_0" id="6C44FB3C-F272-67E3-A79D-4F919EBAC330" name="IDIOMA">
<createdBy>rodri</createdBy>
<createdTime>2025-09-08 17:41:21 UTC</createdTime>
<generatorID>670D3B55-C5A5-BDAB-4F2C-21F976E6F6C1</generatorID>
<ownerDesignName>traabajoS4</ownerDesignName>
<allowColumnReorder>false</allowColumnReorder>
<existDependencyGenerateInDDl>true</existDependencyGenerateInDDl>
<parsed>true</parsed>
<columns itemClass="oracle.dbtools.crest.model.design.relational.Column">
<Column name="id_idioma" id="2EEAF72D-1339-AE60-51EB-8F023CB3DEEF">
<createdBy>rodri</createdBy>
<createdTime>2025-09-08 17:41:21 UTC</createdTime>
<generatorID>BEEBABA3-7B4D-69D1-2C71-E5A9CD22DCBD</generatorID>
<ownerDesignName>traabajoS4</ownerDesignName>
<useDomainConstraints>false</useDomainConstraints>
<use>1</use>
<logicalDatatype>LOGDT019</logicalDatatype>
<ownDataTypeParameters>,,</ownDataTypeParameters>
<autoIncrementCycle>false</autoIncrementCycle>
</Column>
<Column name="nombre_idioma" id="C0B1E9D9-7763-0729-03E4-FA1DAFC78D1B">
<createdBy>rodri</createdBy>
<createdTime>2025-09-08 17:41:21 UTC</createdTime>
<generatorID>4100D222-65AB-A586-B5E2-67D5A683F993</generatorID>
<ownerDesignName>traabajoS4</ownerDesignName>
<use>0</use>
<ownDataTypeParameters>,,</ownDataTypeParameters>
<autoIncrementCycle>false</autoIncrementCycle>
</Column>
<Column name="Postulante_Folio_Postulante" id="801AE4EE-979B-19B4-564B-E7C1E96B241F">
<createdBy>rodri</createdBy>
<createdTime>2025-09-08 17:41:21 UTC</createdTime>
<generatorID>11F3879B-A00B-28F5-214A-EEC8856E5CE9</generatorID>
<ownerDesignName>traabajoS4</ownerDesignName>
<useDomainConstraints>false</useDomainConstraints>
<use>1</use>
<logicalDatatype>LOGDT024</logicalDatatype>
<dataTypeSize>20</dataTypeSize>
<ownDataTypeParameters>,,</ownDataTypeParameters>
<previousColumn>false</previousColumn>
<autoIncrementCycle>false</autoIncrementCycle>
<associations>
<colAssociation fkAssociation="62B4D25A-C2D0-1A83-C87D-A50BF926FC61" referredColumn="BE8E3697-13FA-E878-A53D-DA064C7FB314"/>
</associations>
</Column>
</columns>
<indexes itemClass="oracle.dbtools.crest.model.design.relational.Index">
<ind_PK_UK id="F877E70B-5B23-845C-D166-14CF3CFD743C" name="IDIOMA_PK">
<createdBy>rodri</createdBy>
<createdTime>2025-09-08 17:41:21 UTC</createdTime>
<generatorID>072716A4-F70F-B1B2-6EB0-E12573A8193C</generatorID>
<ownerDesignName>traabajoS4</ownerDesignName>
<pk>true</pk>
<indexState>Primary Constraint</indexState>
<isSurrogateKey>false</isSurrogateKey>
<indexColumnUsage>
<colUsage columnID="2EEAF72D-1339-AE60-51EB-8F023CB3DEEF"/>
</indexColumnUsage>
</ind_PK_UK>
<ind_PK_UK id="FCA128AB-6F08-8B7F-B8D6-2EDFA975EF8C" name="IDIOMA_Postulante_FK">
<createdBy>rodri</createdBy>
<createdTime>2025-09-08 17:41:21 UTC</createdTime>
<generatorID>1F919661-B448-071E-32E2-7591415EF9CC</generatorID>
<ownerDesignName>traabajoS4</ownerDesignName>
<indexState>Foreign Key</indexState>
<isSurrogateKey>false</isSurrogateKey>
<indexColumnUsage>
<colUsage columnID="801AE4EE-979B-19B4-564B-E7C1E96B241F"/>
</indexColumnUsage>
</ind_PK_UK>
</indexes>
</Table>