<?xml version = '1.0' encoding = 'UTF-8'?>
<Table class="oracle.dbtools.crest.model.design.relational.Table" directorySegmentName="seg_0" id="9E15EFB0-99EC-497C-B1ED-7EEF8C1D3BA8" name="UBICACION_EMPRESA">
<createdBy>rodri</createdBy>
<createdTime>2025-09-08 17:41:21 UTC</createdTime>
<generatorID>B5CCEC4E-360B-61E3-2452-11F26F37ABBB</generatorID>
<ownerDesignName>traabajoS4</ownerDesignName>
<allowColumnReorder>false</allowColumnReorder>
<existDependencyGenerateInDDl>true</existDependencyGenerateInDDl>
<parsed>true</parsed>
<columns itemClass="oracle.dbtools.crest.model.design.relational.Column">
<Column name="id_ubicacion" id="20AAA96D-9477-B2AD-5BA6-6A34152DC375">
<createdBy>rodri</createdBy>
<createdTime>2025-09-08 17:41:21 UTC</createdTime>
<generatorID>F30905F6-72D4-43CD-1D8D-D1C9AE22C902</generatorID>
<ownerDesignName>traabajoS4</ownerDesignName>
<useDomainConstraints>false</useDomainConstraints>
<use>1</use>
<logicalDatatype>LOGDT019</logicalDatatype>
<ownDataTypeParameters>,,</ownDataTypeParameters>
<autoIncrementCycle>false</autoIncrementCycle>
</Column>
<Column name="calle" id="802F45A6-9980-4F4E-FA6F-E90D0BC0798F">
<createdBy>rodri</createdBy>
<createdTime>2025-09-08 17:41:21 UTC</createdTime>
<generatorID>4DD443B9-E752-D1F3-B378-25B8651FAEC4</generatorID>
<ownerDesignName>traabajoS4</ownerDesignName>
<useDomainConstraints>false</useDomainConstraints>
<use>1</use>
<logicalDatatype>LOGDT024</logicalDatatype>
<dataTypeSize>20</dataTypeSize>
<ownDataTypeParameters>20,,</ownDataTypeParameters>
<autoIncrementCycle>false</autoIncrementCycle>
</Column>
<Column name="ciudad" id="DBC0232A-1BDE-FE1D-0C35-998F93186BDD">
<createdBy>rodri</createdBy>
<createdTime>2025-09-08 17:41:21 UTC</createdTime>
<generatorID>931C04FE-69E9-0AC0-7433-88150526BBAA</generatorID>
<ownerDesignName>traabajoS4</ownerDesignName>
<useDomainConstraints>false</useDomainConstraints>
<use>1</use>
<logicalDatatype>LOGDT024</logicalDatatype>
<dataTypeSize>20</dataTypeSize>
<ownDataTypeParameters>20,,</ownDataTypeParameters>
<autoIncrementCycle>false</autoIncrementCycle>
</Column>
<Column name="pais" id="98167520-75DC-CFA2-CC2A-AD140D037C2E">
<createdBy>rodri</createdBy>
<createdTime>2025-09-08 17:41:21 UTC</createdTime>
<generatorID>FBAAD8AE-4376-5113-DE38-78A53E5AEA3A</generatorID>
<ownerDesignName>traabajoS4</ownerDesignName>
<useDomainConstraints>false</useDomainConstraints>
<use>1</use>
<logicalDatatype>LOGDT024</logicalDatatype>
<ownDataTypeParameters>,,</ownDataTypeParameters>
<autoIncrementCycle>false</autoIncrementCycle>
</Column>
<Column name="EMPRESA_id_empresa" id="165D4370-669C-3947-F45E-53DA216A8EAF">
<createdBy>rodri</createdBy>
<createdTime>2025-09-08 17:41:21 UTC</createdTime>
<generatorID>8AEDD3D1-01CD-9193-39AA-CA8CBFB4B469</generatorID>
<ownerDesignName>traabajoS4</ownerDesignName>
<useDomainConstraints>false</useDomainConstraints>
<use>1</use>
<logicalDatatype>LOGDT024</logicalDatatype>
<dataTypeSize>20</dataTypeSize>
<ownDataTypeParameters>,,</ownDataTypeParameters>
<previousColumn>false</previousColumn>
<autoIncrementCycle>false</autoIncrementCycle>
<associations>
<colAssociation fkAssociation="1F4E94EC-2FAB-8423-AC14-751FC042EFB7" referredColumn="34682B47-87E0-2581-682D-D4A0EF3CA8A5"/>
</associations>
</Column>
</columns>
<indexes itemClass="oracle.dbtools.crest.model.design.relational.Index">
<ind_PK_UK id="D95B4DFE-7637-2706-FD11-08B042B2544F" name="UBICACION_EMPRESA_PK">
<createdBy>rodri</createdBy>
<createdTime>2025-09-08 17:41:21 UTC</createdTime>
<generatorID>BD972142-B378-7827-4523-AE700409D0F8</generatorID>
<ownerDesignName>traabajoS4</ownerDesignName>
<pk>true</pk>
<indexState>Primary Constraint</indexState>
<isSurrogateKey>false</isSurrogateKey>
<indexColumnUsage>
<colUsage columnID="20AAA96D-9477-B2AD-5BA6-6A34152DC375"/>
</indexColumnUsage>
</ind_PK_UK>
<ind_PK_UK id="E1AF006A-1B09-A1C2-F6F8-8EF555296C56" name="UBICACION_EMPRESA__IDX">
<createdBy>rodri</createdBy>
<createdTime>2025-09-08 17:41:21 UTC</createdTime>
<ownerDesignName>traabajoS4</ownerDesignName>
<indexState>Unique Plain Index</indexState>
<isSurrogateKey>false</isSurrogateKey>
<relationGeneratorID>B4E9E94D-1A8E-A3E0-A2FC-6BA59814AE1F</relationGeneratorID>
<indexColumnUsage>
<colUsage columnID="165D4370-669C-3947-F45E-53DA216A8EAF"/>
</indexColumnUsage>
</ind_PK_UK>
<ind_PK_UK id="E6FEEF63-C991-0AE8-54E7-E0221D734DEF" name="UBICACION_EMPRESA_EMPRESA_FK">
<createdBy>rodri</createdBy>
<createdTime>2025-09-08 17:41:21 UTC</createdTime>
<generatorID>B4E9E94D-1A8E-A3E0-A2FC-6BA59814AE1F</generatorID>
<ownerDesignName>traabajoS4</ownerDesignName>
<indexState>Foreign Key</indexState>
<isSurrogateKey>false</isSurrogateKey>
<indexColumnUsage>
<colUsage columnID="165D4370-669C-3947-F45E-53DA216A8EAF"/>
</indexColumnUsage>
</ind_PK_UK>
</indexes>
</Table>