<?xml version = '1.0' encoding = 'UTF-8'?>
<Table class="oracle.dbtools.crest.model.design.relational.Table" directorySegmentName="seg_0" id="ACCF179B-413F-4CC1-F352-5C5C56EEAA22" name="EMPRESA">
<createdBy>rodri</createdBy>
<createdTime>2025-09-08 17:41:21 UTC</createdTime>
<generatorID>1980A0FA-8CDF-E4FA-B8E7-5806966ADC8D</generatorID>
<ownerDesignName>traabajoS4</ownerDesignName>
<allowColumnReorder>false</allowColumnReorder>
<existDependencyGenerateInDDl>true</existDependencyGenerateInDDl>
<parsed>true</parsed>
<columns itemClass="oracle.dbtools.crest.model.design.relational.Column">
<Column name="id_empresa" id="34682B47-87E0-2581-682D-D4A0EF3CA8A5">
<createdBy>rodri</createdBy>
<createdTime>2025-09-08 17:41:21 UTC</createdTime>
<generatorID>CD6347C8-3920-7DAF-3443-ECF1D5AE4006</generatorID>
<ownerDesignName>traabajoS4</ownerDesignName>
<useDomainConstraints>false</useDomainConstraints>
<use>1</use>
<logicalDatatype>LOGDT024</logicalDatatype>
<dataTypeSize>20</dataTypeSize>
<ownDataTypeParameters>20,,</ownDataTypeParameters>
<autoIncrementCycle>false</autoIncrementCycle>
</Column>
<Column name="nombre_empresa" id="27048BC0-34A4-28E5-F0AD-8708B60E8B4C">
<createdBy>rodri</createdBy>
<createdTime>2025-09-08 17:41:21 UTC</createdTime>
<generatorID>0FA199B2-BFAA-5157-66A8-841DC42BB49E</generatorID>
<ownerDesignName>traabajoS4</ownerDesignName>
<useDomainConstraints>false</useDomainConstraints>
<use>1</use>
<logicalDatatype>LOGDT024</logicalDatatype>
<dataTypeSize>20</dataTypeSize>
<ownDataTypeParameters>20,,</ownDataTypeParameters>
<autoIncrementCycle>false</autoIncrementCycle>
</Column>
<Column name="remuneracion_maxima" id="CD5874D5-4E60-CD70-5D2E-C55D5989B35C">
<createdBy>rodri</createdBy>
<createdTime>2025-09-08 17:41:21 UTC</createdTime>
<generatorID>8DCC26F5-D683-0A72-24B1-B59DA8BD8537</generatorID>
<ownerDesignName>traabajoS4</ownerDesignName>
<useDomainConstraints>false</useDomainConstraints>
<use>1</use>
<logicalDatatype>LOGDT019</logicalDatatype>
<ownDataTypeParameters>,,</ownDataTypeParameters>
<autoIncrementCycle>false</autoIncrementCycle>
</Column>
<Column name="residencia_chile" id="511DA6A5-C032-64F5-D3C3-2AE4CA2B8255">
<createdBy>rodri</createdBy>
<createdTime>2025-09-08 17:41:21 UTC</createdTime>
<generatorID>9B2FCFDE-F76C-77C4-4B28-79CAA46ED787</generatorID>
<ownerDesignName>traabajoS4</ownerDesignName>
<useDomainConstraints>false</useDomainConstraints>
<use>1</use>
<logicalDatatype>LOGDT006</logicalDatatype>
<dataTypeSize>5 CHAR</dataTypeSize>
<ownDataTypeParameters>5 CHAR,,</ownDataTypeParameters>
<autoIncrementCycle>false</autoIncrementCycle>
</Column>
<Column name="UBICACION_EMPRESA_id_ubicacion" id="ED3B5B69-3905-F518-38BB-8439889719F1">
<createdBy>rodri</createdBy>
<createdTime>2025-09-08 17:41:21 UTC</createdTime>
<generatorID>65B1202E-154A-85A7-2384-FAD1933FD93B</generatorID>
<ownerDesignName>traabajoS4</ownerDesignName>
<useDomainConstraints>false</useDomainConstraints>
<use>1</use>
<logicalDatatype>LOGDT019</logicalDatatype>
<ownDataTypeParameters>,,</ownDataTypeParameters>
<previousColumn>false</previousColumn>
<autoIncrementCycle>false</autoIncrementCycle>
<associations>
<colAssociation fkAssociation="A88D4164-EE01-B3B5-675E-F5B94283CCF4" referredColumn="20AAA96D-9477-B2AD-5BA6-6A34152DC375"/>
</associations>
</Column>
</columns>
<indexes itemClass="oracle.dbtools.crest.model.design.relational.Index">
<ind_PK_UK id="6A95B1D8-334E-4B1D-AFC3-CD968A5203DF" name="EMPRESA_PK">
<createdBy>rodri</createdBy>
<createdTime>2025-09-08 17:41:21 UTC</createdTime>
<generatorID>104A23B7-FB75-CBE2-057C-B42E5C6D229F</generatorID>
<ownerDesignName>traabajoS4</ownerDesignName>
<pk>true</pk>
<indexState>Primary Constraint</indexState>
<isSurrogateKey>false</isSurrogateKey>
<indexColumnUsage>
<colUsage columnID="34682B47-87E0-2581-682D-D4A0EF3CA8A5"/>
</indexColumnUsage>
</ind_PK_UK>
<ind_PK_UK id="EDB9D472-AA10-AD05-6F8B-5F01B2EFC2DA" name="EMPRESA__IDX">
<createdBy>rodri</createdBy>
<createdTime>2025-09-08 17:41:21 UTC</createdTime>
<ownerDesignName>traabajoS4</ownerDesignName>
<indexState>Unique Plain Index</indexState>
<isSurrogateKey>false</isSurrogateKey>
<relationGeneratorID>B4E9E94D-1A8E-A3E0-A2FC-6BA59814AE1F</relationGeneratorID>
<indexColumnUsage>
<colUsage columnID="ED3B5B69-3905-F518-38BB-8439889719F1"/>
</indexColumnUsage>
</ind_PK_UK>
<ind_PK_UK id="A1BD8120-24D1-065F-3048-DA62E25A2A31" name="EMPRESA_UBICACION_EMPRESA_FK">
<createdBy>rodri</createdBy>
<createdTime>2025-09-08 17:41:21 UTC</createdTime>
<generatorID>B4E9E94D-1A8E-A3E0-A2FC-6BA59814AE1F</generatorID>
<ownerDesignName>traabajoS4</ownerDesignName>
<indexState>Foreign Key</indexState>
<isSurrogateKey>false</isSurrogateKey>
<indexColumnUsage>
<colUsage columnID="ED3B5B69-3905-F518-38BB-8439889719F1"/>
</indexColumnUsage>
</ind_PK_UK>
</indexes>
</Table>