<?xml version = '1.0' encoding = 'UTF-8'?>
<Table class="oracle.dbtools.crest.model.design.relational.Table" directorySegmentName="seg_0" id="F8BEA929-EA6F-0EDE-54D1-094173B20363" name="Relation_1">
<createdBy>rodri</createdBy>
<createdTime>2025-09-08 17:41:21 UTC</createdTime>
<ownerDesignName>traabajoS4</ownerDesignName>
<allowColumnReorder>false</allowColumnReorder>
<existDependencyGenerateInDDl>true</existDependencyGenerateInDDl>
<parsed>true</parsed>
<columns itemClass="oracle.dbtools.crest.model.design.relational.Column">
<Column name="Postulante_Folio_Postulante" id="9E0FD9CC-69E7-1005-B403-E8FFCE035E3D">
<createdBy>rodri</createdBy>
<createdTime>2025-09-08 17:41:21 UTC</createdTime>
<ownerDesignName>traabajoS4</ownerDesignName>
<useDomainConstraints>false</useDomainConstraints>
<use>1</use>
<logicalDatatype>LOGDT024</logicalDatatype>
<dataTypeSize>20</dataTypeSize>
<ownDataTypeParameters>,,</ownDataTypeParameters>
<previousColumn>false</previousColumn>
<autoIncrementCycle>false</autoIncrementCycle>
<associations>
<colAssociation fkAssociation="0ADFEFB9-D492-2328-BD29-2023123685EB" referredColumn="BE8E3697-13FA-E878-A53D-DA064C7FB314"/>
</associations>
</Column>
<Column name="TITULO_id_titulo" id="27125EE7-6705-08C8-548F-76E38B69BB2E">
<createdBy>rodri</createdBy>
<createdTime>2025-09-08 17:41:21 UTC</createdTime>
<ownerDesignName>traabajoS4</ownerDesignName>
<useDomainConstraints>false</useDomainConstraints>
<use>1</use>
<logicalDatatype>LOGDT019</logicalDatatype>
<ownDataTypeParameters>,,</ownDataTypeParameters>
<previousColumn>false</previousColumn>
<autoIncrementCycle>false</autoIncrementCycle>
<associations>
<colAssociation fkAssociation="8307C62B-CA2D-9D3B-6DB5-7852350FBADC" referredColumn="397D6266-E7AB-733C-3B2A-882809654FF4"/>
</associations>
</Column>
</columns>
<indexes itemClass="oracle.dbtools.crest.model.design.relational.Index">
<ind_PK_UK id="92310868-B2EE-EC7B-68CB-BCB21644C345" name="Relation_1_PK">
<createdBy>rodri</createdBy>
<createdTime>2025-09-08 17:41:21 UTC</createdTime>
<ownerDesignName>traabajoS4</ownerDesignName>
<pk>true</pk>
<indexState>Primary Constraint</indexState>
<isSurrogateKey>false</isSurrogateKey>
<indexColumnUsage>
<colUsage columnID="9E0FD9CC-69E7-1005-B403-E8FFCE035E3D"/>
<colUsage columnID="27125EE7-6705-08C8-548F-76E38B69BB2E"/>
</indexColumnUsage>
</ind_PK_UK>
<ind_PK_UK id="FCADCA53-09A2-4CAC-3D16-DD647247B279" name="Relation_1_Postulante_FK">
<createdBy>rodri</createdBy>
<createdTime>2025-09-08 17:41:21 UTC</createdTime>
<generatorID>AF76A56C-29A1-69E3-BE65-0B541088EE03</generatorID>
<ownerDesignName>traabajoS4</ownerDesignName>
<indexState>Foreign Key</indexState>
<isSurrogateKey>false</isSurrogateKey>
<indexColumnUsage>
<colUsage columnID="9E0FD9CC-69E7-1005-B403-E8FFCE035E3D"/>
</indexColumnUsage>
</ind_PK_UK>
<ind_PK_UK id="7C14659E-AAF3-3C07-E322-F0E11A88496A" name="Relation_1_TITULO_FK">
<createdBy>rodri</createdBy>
<createdTime>2025-09-08 17:41:21 UTC</createdTime>
<generatorID>AF76A56C-29A1-69E3-BE65-0B541088EE03</generatorID>
<ownerDesignName>traabajoS4</ownerDesignName>
<indexState>Foreign Key</indexState>
<isSurrogateKey>false</isSurrogateKey>
<indexColumnUsage>
<colUsage columnID="27125EE7-6705-08C8-548F-76E38B69BB2E"/>
</indexColumnUsage>
</ind_PK_UK>
</indexes>
</Table>