<?xml version = '1.0' encoding = 'UTF-8'?>
<Table class="oracle.dbtools.crest.model.design.relational.Table" directorySegmentName="seg_0" id="FAB6D988-6741-27EE-9036-9634874C2BE5" name="VISA">
<createdBy>rodri</createdBy>
<createdTime>2025-09-08 17:41:21 UTC</createdTime>
<generatorID>5D072F41-2BA2-1EE5-8829-0667A64CADD8</generatorID>
<ownerDesignName>traabajoS4</ownerDesignName>
<allowColumnReorder>false</allowColumnReorder>
<existDependencyGenerateInDDl>true</existDependencyGenerateInDDl>
<parsed>true</parsed>
<columns itemClass="oracle.dbtools.crest.model.design.relational.Column">
<Column name="id_visa" id="22B27CFC-99DC-7386-B7A2-4CF66CD9735C">
<createdBy>rodri</createdBy>
<createdTime>2025-09-08 17:41:21 UTC</createdTime>
<generatorID>39047651-8A0E-AF6D-D5C6-3F7CC184AE14</generatorID>
<ownerDesignName>traabajoS4</ownerDesignName>
<useDomainConstraints>false</useDomainConstraints>
<use>1</use>
<logicalDatatype>LOGDT024</logicalDatatype>
<dataTypeSize>20</dataTypeSize>
<ownDataTypeParameters>20,,</ownDataTypeParameters>
<autoIncrementCycle>false</autoIncrementCycle>
</Column>
<Column name="fecha_visa" id="087F88D4-3E62-E03F-D8C5-F4BC3EBD839B">
<createdBy>rodri</createdBy>
<createdTime>2025-09-08 17:41:21 UTC</createdTime>
<generatorID>E717E127-E1B5-0A81-D7A5-2EC7427D45BD</generatorID>
<ownerDesignName>traabajoS4</ownerDesignName>
<useDomainConstraints>false</useDomainConstraints>
<use>1</use>
<logicalDatatype>LOGDT007</logicalDatatype>
<ownDataTypeParameters>,,</ownDataTypeParameters>
<autoIncrementCycle>false</autoIncrementCycle>
</Column>
<Column name="POSTULACION_id_postulacion" id="2A43BB91-43AF-28CF-2818-C4FE1832BED4">
<createdBy>rodri</createdBy>
<createdTime>2025-09-08 17:41:21 UTC</createdTime>
<generatorID>9D79ECB2-3E2A-EFF5-F0CF-D1DA52A40DEF</generatorID>
<ownerDesignName>traabajoS4</ownerDesignName>
<useDomainConstraints>false</useDomainConstraints>
<use>1</use>
<logicalDatatype>LOGDT024</logicalDatatype>
<dataTypeSize>20</dataTypeSize>
<ownDataTypeParameters>,,</ownDataTypeParameters>
<previousColumn>false</previousColumn>
<autoIncrementCycle>false</autoIncrementCycle>
<associations>
<colAssociation fkAssociation="F45A7002-058D-EEFF-5543-D9F45CCAE922" referredColumn="CB6964B1-6718-B196-A19D-81565920E81E"/>
</associations>
</Column>
</columns>
<indexes itemClass="oracle.dbtools.crest.model.design.relational.Index">
<ind_PK_UK id="B0ACD1F1-6338-60AE-B9F3-29868F4BBB23" name="VISA_PK">
<createdBy>rodri</createdBy>
<createdTime>2025-09-08 17:41:21 UTC</createdTime>
<generatorID>18B5042F-257A-7BAB-CE69-3EDC92976B0F</generatorID>
<ownerDesignName>traabajoS4</ownerDesignName>
<pk>true</pk>
<indexState>Primary Constraint</indexState>
<isSurrogateKey>false</isSurrogateKey>
<indexColumnUsage>
<colUsage columnID="22B27CFC-99DC-7386-B7A2-4CF66CD9735C"/>
</indexColumnUsage>
</ind_PK_UK>
<ind_PK_UK id="836B91E4-A670-BAC1-2108-EEAD04B0CE04" name="VISA__IDX">
<createdBy>rodri</createdBy>
<createdTime>2025-09-08 17:41:21 UTC</createdTime>
<ownerDesignName>traabajoS4</ownerDesignName>
<indexState>Unique Plain Index</indexState>
<isSurrogateKey>false</isSurrogateKey>
<relationGeneratorID>3A97A1CB-AA76-97EB-B0EE-682443F05EE5</relationGeneratorID>
<indexColumnUsage>
<colUsage columnID="2A43BB91-43AF-28CF-2818-C4FE1832BED4"/>
</indexColumnUsage>
</ind_PK_UK>
<ind_PK_UK id="7FC2A05B-03E6-CC96-9C01-E652F74B8F93" name="VISA_POSTULACION_FK">
<createdBy>rodri</createdBy>
<createdTime>2025-09-08 17:41:21 UTC</createdTime>
<generatorID>3A97A1CB-AA76-97EB-B0EE-682443F05EE5</generatorID>
<ownerDesignName>traabajoS4</ownerDesignName>
<indexState>Foreign Key</indexState>
<isSurrogateKey>false</isSurrogateKey>
<indexColumnUsage>
<colUsage columnID="2A43BB91-43AF-28CF-2818-C4FE1832BED4"/>
</indexColumnUsage>
</ind_PK_UK>
</indexes>
</Table>