<?xml version = '1.0' encoding = 'UTF-8'?>
<Table class="oracle.dbtools.crest.model.design.relational.Table" directorySegmentName="seg_0" id="06F0B6EE-68EC-2487-5EA6-EE784E7875F6" name="AVION">
<createdBy>rodri</createdBy>
<createdTime>2025-08-25 22:54:46 UTC</createdTime>
<generatorID>B326A066-CE31-34B2-F536-016207A5118E</generatorID>
<ownerDesignName>Treabajo_Semana2</ownerDesignName>
<allowColumnReorder>false</allowColumnReorder>
<existDependencyGenerateInDDl>true</existDependencyGenerateInDDl>
<parsed>true</parsed>
<columns itemClass="oracle.dbtools.crest.model.design.relational.Column">
<Column name="Matricula" id="C2BCEC67-B9B2-9FE0-5614-9EAD8D7AD33D">
<createdBy>rodri</createdBy>
<createdTime>2025-08-25 22:54:46 UTC</createdTime>
<generatorID>EF85AC8F-A2F8-B917-3475-CD54170430CC</generatorID>
<ownerDesignName>Treabajo_Semana2</ownerDesignName>
<useDomainConstraints>false</useDomainConstraints>
<use>1</use>
<logicalDatatype>LOGDT019</logicalDatatype>
<ownDataTypeParameters>,,</ownDataTypeParameters>
<autoIncrementCycle>false</autoIncrementCycle>
</Column>
<Column name="Marca" id="5F9D68EE-97AE-ABF9-5FE9-F42487AB6441">
<createdBy>rodri</createdBy>
<createdTime>2025-08-25 22:54:46 UTC</createdTime>
<generatorID>360F3033-D64B-D299-05AC-DC2DC1E6E8FC</generatorID>
<ownerDesignName>Treabajo_Semana2</ownerDesignName>
<useDomainConstraints>false</useDomainConstraints>
<use>1</use>
<logicalDatatype>LOGDT024</logicalDatatype>
<dataTypeSize>50</dataTypeSize>
<ownDataTypeParameters>50,,</ownDataTypeParameters>
<autoIncrementCycle>false</autoIncrementCycle>
</Column>
<Column name="Modelo" id="546C2BA3-9587-B369-E685-1FA2A9B1392A">
<createdBy>rodri</createdBy>
<createdTime>2025-08-25 22:54:46 UTC</createdTime>
<generatorID>0881BD35-F98B-7074-1291-70B7C223C2A7</generatorID>
<ownerDesignName>Treabajo_Semana2</ownerDesignName>
<useDomainConstraints>false</useDomainConstraints>
<use>1</use>
<logicalDatatype>LOGDT024</logicalDatatype>
<dataTypeSize>20</dataTypeSize>
<ownDataTypeParameters>20,,</ownDataTypeParameters>
<autoIncrementCycle>false</autoIncrementCycle>
</Column>
<Column name="Capacidad" id="EBE15830-13D6-0BFF-81ED-4E9C4F616B08">
<createdBy>rodri</createdBy>
<createdTime>2025-08-25 22:54:46 UTC</createdTime>
<generatorID>1164FF59-F959-AB15-0C26-66D7D9C23449</generatorID>
<ownerDesignName>Treabajo_Semana2</ownerDesignName>
<useDomainConstraints>false</useDomainConstraints>
<use>1</use>
<logicalDatatype>LOGDT019</logicalDatatype>
<ownDataTypeParameters>,,</ownDataTypeParameters>
<autoIncrementCycle>false</autoIncrementCycle>
</Column>
</columns>
<indexes itemClass="oracle.dbtools.crest.model.design.relational.Index">
<ind_PK_UK id="9107D72B-27AA-E266-3848-3E16936B2772" name="AVION_PK">
<createdBy>rodri</createdBy>
<createdTime>2025-08-25 22:54:46 UTC</createdTime>
<generatorID>24C6CCD5-1216-D9D8-5C6B-1F9424E7A248</generatorID>
<ownerDesignName>Treabajo_Semana2</ownerDesignName>
<pk>true</pk>
<indexState>Primary Constraint</indexState>
<isSurrogateKey>false</isSurrogateKey>
<indexColumnUsage>
<colUsage columnID="C2BCEC67-B9B2-9FE0-5614-9EAD8D7AD33D"/>
</indexColumnUsage>
</ind_PK_UK>
</indexes>
</Table>