<?xml version = '1.0' encoding = 'UTF-8'?>
<Table class="oracle.dbtools.crest.model.design.relational.Table" directorySegmentName="seg_0" id="2ADC199C-3749-D96B-3C1F-D44932C4873E" name="PASAJERO">
<createdBy>rodri</createdBy>
<createdTime>2025-08-25 22:54:46 UTC</createdTime>
<generatorID>E7F4FEE3-1BAB-E697-E129-E09A6D72878E</generatorID>
<ownerDesignName>Treabajo_Semana2</ownerDesignName>
<allowColumnReorder>false</allowColumnReorder>
<existDependencyGenerateInDDl>true</existDependencyGenerateInDDl>
<parsed>true</parsed>
<columns itemClass="oracle.dbtools.crest.model.design.relational.Column">
<Column name="NumPasajero" id="8485A30A-C8CA-5F7F-1CB2-52048414D572">
<createdBy>rodri</createdBy>
<createdTime>2025-08-25 22:54:46 UTC</createdTime>
<generatorID>83467CDC-032C-AD09-F810-6756EAE03CAA</generatorID>
<ownerDesignName>Treabajo_Semana2</ownerDesignName>
<useDomainConstraints>false</useDomainConstraints>
<use>1</use>
<logicalDatatype>LOGDT019</logicalDatatype>
<ownDataTypeParameters>,,</ownDataTypeParameters>
<autoIncrementCycle>false</autoIncrementCycle>
</Column>
<Column name="NombreCompletro" id="0A50BB1D-AA00-814A-20CD-F803168EB492">
<createdBy>rodri</createdBy>
<createdTime>2025-08-25 22:54:46 UTC</createdTime>
<generatorID>63022123-3AED-94E1-5673-1B007599FDAF</generatorID>
<ownerDesignName>Treabajo_Semana2</ownerDesignName>
<useDomainConstraints>false</useDomainConstraints>
<use>1</use>
<logicalDatatype>LOGDT024</logicalDatatype>
<dataTypeSize>150</dataTypeSize>
<ownDataTypeParameters>150,,</ownDataTypeParameters>
<autoIncrementCycle>false</autoIncrementCycle>
</Column>
<Column name="Direccion" id="F86C0118-690A-15ED-B274-8F47AC0022FC">
<createdBy>rodri</createdBy>
<createdTime>2025-08-25 22:54:46 UTC</createdTime>
<generatorID>F5A599EF-FD35-C746-6592-9C954E55BA3C</generatorID>
<ownerDesignName>Treabajo_Semana2</ownerDesignName>
<useDomainConstraints>false</useDomainConstraints>
<use>1</use>
<logicalDatatype>LOGDT024</logicalDatatype>
<dataTypeSize>50</dataTypeSize>
<ownDataTypeParameters>50,,</ownDataTypeParameters>
<autoIncrementCycle>false</autoIncrementCycle>
</Column>
<Column name="HistorialVuelos" id="C9646278-3007-F354-11A0-CDF0DBB683D5">
<createdBy>rodri</createdBy>
<createdTime>2025-08-25 22:54:46 UTC</createdTime>
<generatorID>6ECA05CD-9703-A56B-B29D-7AB195B6A19D</generatorID>
<ownerDesignName>Treabajo_Semana2</ownerDesignName>
<useDomainConstraints>false</useDomainConstraints>
<use>1</use>
<logicalDatatype>LOGDT024</logicalDatatype>
<dataTypeSize>100</dataTypeSize>
<ownDataTypeParameters>100,,</ownDataTypeParameters>
<autoIncrementCycle>false</autoIncrementCycle>
</Column>
<Column name="ClaseAsiento" id="35BDD433-2F64-1EC0-0E9F-A4E27EA8458A">
<createdBy>rodri</createdBy>
<createdTime>2025-08-25 22:54:46 UTC</createdTime>
<generatorID>5F12BDEF-A000-5395-05CD-7A54DEBB0F14</generatorID>
<ownerDesignName>Treabajo_Semana2</ownerDesignName>
<useDomainConstraints>false</useDomainConstraints>
<use>1</use>
<logicalDatatype>LOGDT024</logicalDatatype>
<dataTypeSize>20</dataTypeSize>
<ownDataTypeParameters>20,,</ownDataTypeParameters>
<autoIncrementCycle>false</autoIncrementCycle>
</Column>
</columns>
<indexes itemClass="oracle.dbtools.crest.model.design.relational.Index">
<ind_PK_UK id="32D55E99-988E-78CB-0B28-8FDBB761DA3E" name="PASAJERO_PK">
<createdBy>rodri</createdBy>
<createdTime>2025-08-25 22:54:46 UTC</createdTime>
<generatorID>CD111C23-1DED-2CFA-3F0B-B54459340679</generatorID>
<ownerDesignName>Treabajo_Semana2</ownerDesignName>
<pk>true</pk>
<indexState>Primary Constraint</indexState>
<isSurrogateKey>false</isSurrogateKey>
<indexColumnUsage>
<colUsage columnID="8485A30A-C8CA-5F7F-1CB2-52048414D572"/>
</indexColumnUsage>
</ind_PK_UK>
</indexes>
</Table>