<?xml version = '1.0' encoding = 'UTF-8'?>
<Table class="oracle.dbtools.crest.model.design.relational.Table" directorySegmentName="seg_0" id="5923F364-8B51-77E6-0252-30E991EBDDF3" name="VUELO">
<createdBy>rodri</createdBy>
<createdTime>2025-08-25 22:54:46 UTC</createdTime>
<generatorID>86366A8D-3F4E-35FA-CE61-A0C5A4B0C969</generatorID>
<ownerDesignName>Treabajo_Semana2</ownerDesignName>
<allowColumnReorder>false</allowColumnReorder>
<existDependencyGenerateInDDl>true</existDependencyGenerateInDDl>
<parsed>true</parsed>
<columns itemClass="oracle.dbtools.crest.model.design.relational.Column">
<Column name="NroVuelo" id="65E6566A-C862-1877-86F5-208E7C1A3F59">
<createdBy>rodri</createdBy>
<createdTime>2025-08-25 22:54:46 UTC</createdTime>
<generatorID>03F36E6D-A3B4-D66A-061E-D951D3DE3D05</generatorID>
<ownerDesignName>Treabajo_Semana2</ownerDesignName>
<useDomainConstraints>false</useDomainConstraints>
<use>1</use>
<logicalDatatype>LOGDT019</logicalDatatype>
<dataTypePrecision>10</dataTypePrecision>
<ownDataTypeParameters>,10,</ownDataTypeParameters>
<autoIncrementCycle>false</autoIncrementCycle>
</Column>
<Column name="FechaDespegue" id="05E078B4-5C71-68A4-E51B-0A97E1596995">
<createdBy>rodri</createdBy>
<createdTime>2025-08-25 22:54:46 UTC</createdTime>
<generatorID>567FE4D9-4D24-5D11-F6DC-0880ED9963E1</generatorID>
<ownerDesignName>Treabajo_Semana2</ownerDesignName>
<useDomainConstraints>false</useDomainConstraints>
<use>1</use>
<logicalDatatype>LOGDT008</logicalDatatype>
<ownDataTypeParameters>,,</ownDataTypeParameters>
<autoIncrementCycle>false</autoIncrementCycle>
</Column>
<Column name="FechaLlegada" id="8ACCF879-AEAB-5063-BC90-C254C407767B">
<createdBy>rodri</createdBy>
<createdTime>2025-08-25 22:54:46 UTC</createdTime>
<generatorID>AAA44694-4ED4-9ECD-670F-59453654E90B</generatorID>
<ownerDesignName>Treabajo_Semana2</ownerDesignName>
<useDomainConstraints>false</useDomainConstraints>
<use>1</use>
<logicalDatatype>LOGDT008</logicalDatatype>
<ownDataTypeParameters>,,</ownDataTypeParameters>
<autoIncrementCycle>false</autoIncrementCycle>
</Column>
<Column name="HoraSalida" id="42AA2A11-EE26-2826-372E-D1E900795E4B">
<createdBy>rodri</createdBy>
<createdTime>2025-08-25 22:54:46 UTC</createdTime>
<generatorID>B6127CC5-1326-46E0-7B12-16142A94E413</generatorID>
<ownerDesignName>Treabajo_Semana2</ownerDesignName>
<useDomainConstraints>false</useDomainConstraints>
<use>1</use>
<logicalDatatype>LOGDT047</logicalDatatype>
<dataTypeScale>6</dataTypeScale>
<ownDataTypeParameters>,,6</ownDataTypeParameters>
<autoIncrementCycle>false</autoIncrementCycle>
</Column>
<Column name="HoraLlegada" id="C4070374-AB32-71E3-CEE8-6E96353691F0">
<createdBy>rodri</createdBy>
<createdTime>2025-08-25 22:54:46 UTC</createdTime>
<generatorID>BC15C3E5-344B-E4EB-2DD3-A3F57A1F0FAF</generatorID>
<ownerDesignName>Treabajo_Semana2</ownerDesignName>
<useDomainConstraints>false</useDomainConstraints>
<use>1</use>
<logicalDatatype>LOGDT047</logicalDatatype>
<dataTypeScale>6</dataTypeScale>
<ownDataTypeParameters>,,6</ownDataTypeParameters>
<autoIncrementCycle>false</autoIncrementCycle>
</Column>
<Column name="CiudadOrigen" id="4559F5F7-89F0-1B62-8F45-7DA5D582C9EF">
<createdBy>rodri</createdBy>
<createdTime>2025-08-25 22:54:46 UTC</createdTime>
<generatorID>AC790459-DEB9-E635-6735-5713A9BA30C9</generatorID>
<ownerDesignName>Treabajo_Semana2</ownerDesignName>
<useDomainConstraints>false</useDomainConstraints>
<use>1</use>
<logicalDatatype>LOGDT024</logicalDatatype>
<dataTypeSize>50</dataTypeSize>
<ownDataTypeParameters>50,,</ownDataTypeParameters>
<autoIncrementCycle>false</autoIncrementCycle>
</Column>
<Column name="CiudadDestino" id="58158D5C-895C-0E6B-8622-E231892DB001">
<createdBy>rodri</createdBy>
<createdTime>2025-08-25 22:54:46 UTC</createdTime>
<generatorID>621A2EE5-2EF4-6C9A-536E-6CE88BB7B5CA</generatorID>
<ownerDesignName>Treabajo_Semana2</ownerDesignName>
<useDomainConstraints>false</useDomainConstraints>
<use>1</use>
<logicalDatatype>LOGDT024</logicalDatatype>
<dataTypeSize>50</dataTypeSize>
<ownDataTypeParameters>50,,</ownDataTypeParameters>
<autoIncrementCycle>false</autoIncrementCycle>
</Column>
<Column name="AVION_Matricula" id="BE843234-243A-AFBF-E429-C6B7C9C8268D">
<createdBy>rodri</createdBy>
<createdTime>2025-08-25 22:54:46 UTC</createdTime>
<generatorID>2572431D-4388-3486-1BA1-C554FF66BBB2</generatorID>
<ownerDesignName>Treabajo_Semana2</ownerDesignName>
<useDomainConstraints>false</useDomainConstraints>
<use>1</use>
<logicalDatatype>LOGDT019</logicalDatatype>
<ownDataTypeParameters>,,</ownDataTypeParameters>
<previousColumn>false</previousColumn>
<autoIncrementCycle>false</autoIncrementCycle>
<associations>
<colAssociation fkAssociation="D0B4B31C-A872-3FC5-C613-C6EE4EE5EAEA" referredColumn="C2BCEC67-B9B2-9FE0-5614-9EAD8D7AD33D"/>
</associations>
</Column>
</columns>
<indexes itemClass="oracle.dbtools.crest.model.design.relational.Index">
<ind_PK_UK id="55DA0259-6BE1-24A2-9298-0D674BC9DCCB" name="VUELO_PK">
<createdBy>rodri</createdBy>
<createdTime>2025-08-25 22:54:46 UTC</createdTime>
<generatorID>652FC7DC-4619-4D4D-3344-8C3910D61F67</generatorID>
<ownerDesignName>Treabajo_Semana2</ownerDesignName>
<pk>true</pk>
<indexState>Primary Constraint</indexState>
<isSurrogateKey>false</isSurrogateKey>
<indexColumnUsage>
<colUsage columnID="65E6566A-C862-1877-86F5-208E7C1A3F59"/>
</indexColumnUsage>
</ind_PK_UK>
<ind_PK_UK id="A43667B2-9E13-F93F-74AC-7210D01961A9" name="VUELO_AVION_FK">
<createdBy>rodri</createdBy>
<createdTime>2025-08-25 22:54:47 UTC</createdTime>
<generatorID>24C2960C-2CF8-4A9E-D766-66776D1FE1B8</generatorID>
<ownerDesignName>Treabajo_Semana2</ownerDesignName>
<indexState>Foreign Key</indexState>
<isSurrogateKey>false</isSurrogateKey>
<indexColumnUsage>
<colUsage columnID="BE843234-243A-AFBF-E429-C6B7C9C8268D"/>
</indexColumnUsage>
</ind_PK_UK>
</indexes>
</Table>