<?xml version = '1.0' encoding = 'UTF-8'?>
<Table class="oracle.dbtools.crest.model.design.relational.Table" directorySegmentName="seg_0" id="A9A0D882-B6F9-BE4E-C2CB-BF70F1D70118" name="PILOTO">
<createdBy>rodri</createdBy>
<createdTime>2025-08-25 22:54:46 UTC</createdTime>
<generatorID>2CAA0E21-B506-3998-E175-FAEAF4130F20</generatorID>
<ownerDesignName>Treabajo_Semana2</ownerDesignName>
<allowColumnReorder>false</allowColumnReorder>
<existDependencyGenerateInDDl>true</existDependencyGenerateInDDl>
<parsed>true</parsed>
<columns itemClass="oracle.dbtools.crest.model.design.relational.Column">
<Column name="RUT" id="FEEB72FE-44E0-93AB-86FC-45D184F898A5">
<createdBy>rodri</createdBy>
<createdTime>2025-08-25 22:54:47 UTC</createdTime>
<generatorID>F4764608-260F-F15D-7FED-AFDB97F9330E</generatorID>
<ownerDesignName>Treabajo_Semana2</ownerDesignName>
<useDomainConstraints>false</useDomainConstraints>
<use>1</use>
<logicalDatatype>LOGDT024</logicalDatatype>
<dataTypeSize>9</dataTypeSize>
<ownDataTypeParameters>,,</ownDataTypeParameters>
<autoIncrementCycle>false</autoIncrementCycle>
<associations>
<colAssociation fkAssociation="014E99F9-89B7-8A50-E4B3-55F086E17D41" referredColumn="F98DD974-4752-CA09-31B1-14AF6D262A6D"/>
</associations>
</Column>
<Column name="CantidadHorasVuelo" id="BAB8ED90-8E76-D5A3-2BDE-A9CDE8755064">
<createdBy>rodri</createdBy>
<createdTime>2025-08-25 22:54:47 UTC</createdTime>
<generatorID>BF44D565-473E-E8DD-E674-220F42105E19</generatorID>
<ownerDesignName>Treabajo_Semana2</ownerDesignName>
<nullsAllowed>true</nullsAllowed>
<useDomainConstraints>false</useDomainConstraints>
<use>1</use>
<logicalDatatype>LOGDT019</logicalDatatype>
<ownDataTypeParameters>,,</ownDataTypeParameters>
<autoIncrementCycle>false</autoIncrementCycle>
</Column>
<Column name="AFP" id="0AB131AC-2C76-80B3-884C-79B8465D83B6">
<createdBy>rodri</createdBy>
<createdTime>2025-08-25 22:54:47 UTC</createdTime>
<generatorID>644DC449-49B2-2776-A492-CECC914B24DE</generatorID>
<ownerDesignName>Treabajo_Semana2</ownerDesignName>
<useDomainConstraints>false</useDomainConstraints>
<use>1</use>
<logicalDatatype>LOGDT024</logicalDatatype>
<dataTypeSize>50</dataTypeSize>
<ownDataTypeParameters>50,,</ownDataTypeParameters>
<autoIncrementCycle>false</autoIncrementCycle>
</Column>
<Column name="TipoLicencia" id="E9CFCC89-7F47-EBAA-08E0-C9D304AD2279">
<createdBy>rodri</createdBy>
<createdTime>2025-08-25 22:54:47 UTC</createdTime>
<generatorID>6E7CDBE6-A98E-12BA-55F0-4F3BB04019BC</generatorID>
<ownerDesignName>Treabajo_Semana2</ownerDesignName>
<useDomainConstraints>false</useDomainConstraints>
<use>1</use>
<logicalDatatype>LOGDT024</logicalDatatype>
<dataTypeSize>50</dataTypeSize>
<ownDataTypeParameters>50,,</ownDataTypeParameters>
<autoIncrementCycle>false</autoIncrementCycle>
</Column>
<Column name="Certificaciones" id="762F4217-4A4B-3198-3A29-A0B2F783BDE5">
<createdBy>rodri</createdBy>
<createdTime>2025-08-25 22:54:47 UTC</createdTime>
<generatorID>77B7686D-C874-D52C-F7F8-93E7DC0C6603</generatorID>
<ownerDesignName>Treabajo_Semana2</ownerDesignName>
<useDomainConstraints>false</useDomainConstraints>
<use>1</use>
<logicalDatatype>LOGDT024</logicalDatatype>
<dataTypeSize>100</dataTypeSize>
<ownDataTypeParameters>100,,</ownDataTypeParameters>
<autoIncrementCycle>false</autoIncrementCycle>
</Column>
</columns>
<indexes itemClass="oracle.dbtools.crest.model.design.relational.Index">
<ind_PK_UK id="479B102C-6548-D194-ADB8-D593C48C2E27" name="PILOTO_PK">
<createdBy>rodri</createdBy>
<createdTime>2025-08-25 22:54:47 UTC</createdTime>
<generatorID>8856CF4F-EC02-F7A3-6D6D-435FCDD38067</generatorID>
<ownerDesignName>Treabajo_Semana2</ownerDesignName>
<pk>true</pk>
<indexState>Primary Constraint</indexState>
<isSurrogateKey>false</isSurrogateKey>
<indexColumnUsage>
<colUsage columnID="FEEB72FE-44E0-93AB-86FC-45D184F898A5"/>
</indexColumnUsage>
</ind_PK_UK>
<ind_PK_UK id="E636089A-FCE3-B08C-833A-C6BA3F3E45CF" name="PILOTO_EMPLEADO_FK">
<createdBy>rodri</createdBy>
<createdTime>2025-08-25 22:54:47 UTC</createdTime>
<generatorID>03154215-5DE7-8E56-064F-7A0CAEC50CB1</generatorID>
<ownerDesignName>Treabajo_Semana2</ownerDesignName>
<indexState>Foreign Key</indexState>
<isSurrogateKey>false</isSurrogateKey>
<indexColumnUsage>
<colUsage columnID="FEEB72FE-44E0-93AB-86FC-45D184F898A5"/>
</indexColumnUsage>
</ind_PK_UK>
</indexes>
</Table>