<?xml version = '1.0' encoding = 'UTF-8'?>
<Table class="oracle.dbtools.crest.model.design.relational.Table" directorySegmentName="seg_0" id="B1905DD7-9DAF-8F98-78F1-9F8B5EFC3A37" name="RESERVA">
<createdBy>rodri</createdBy>
<createdTime>2025-08-25 22:54:46 UTC</createdTime>
<generatorID>FBBB17AE-19D5-4741-FB3C-83CCC1A07DCF</generatorID>
<ownerDesignName>Treabajo_Semana2</ownerDesignName>
<allowColumnReorder>false</allowColumnReorder>
<existDependencyGenerateInDDl>true</existDependencyGenerateInDDl>
<parsed>true</parsed>
<columns itemClass="oracle.dbtools.crest.model.design.relational.Column">
<Column name="NumReserva" id="0620E680-C240-E8A3-606B-B523FAA6F033">
<createdBy>rodri</createdBy>
<createdTime>2025-08-25 22:54:46 UTC</createdTime>
<generatorID>86A15012-4F25-7749-643F-FCE2746E29C7</generatorID>
<ownerDesignName>Treabajo_Semana2</ownerDesignName>
<useDomainConstraints>false</useDomainConstraints>
<use>1</use>
<logicalDatatype>LOGDT019</logicalDatatype>
<ownDataTypeParameters>,,</ownDataTypeParameters>
<autoIncrementCycle>false</autoIncrementCycle>
</Column>
<Column name="FechaReserva" id="1728E629-7669-0C6B-0D6E-B730CAB3B239">
<createdBy>rodri</createdBy>
<createdTime>2025-08-25 22:54:46 UTC</createdTime>
<generatorID>413CCE40-D4B6-3D23-ADE7-10E40808D00D</generatorID>
<ownerDesignName>Treabajo_Semana2</ownerDesignName>
<useDomainConstraints>false</useDomainConstraints>
<use>1</use>
<logicalDatatype>LOGDT008</logicalDatatype>
<ownDataTypeParameters>,,</ownDataTypeParameters>
<autoIncrementCycle>false</autoIncrementCycle>
</Column>
<Column name="Precio" id="2ADBBDEA-417E-5B31-AC99-5A2B670B37BA">
<createdBy>rodri</createdBy>
<createdTime>2025-08-25 22:54:46 UTC</createdTime>
<generatorID>F9619488-9834-EF59-27C1-33B06CDB197B</generatorID>
<ownerDesignName>Treabajo_Semana2</ownerDesignName>
<useDomainConstraints>false</useDomainConstraints>
<use>1</use>
<logicalDatatype>LOGDT019</logicalDatatype>
<ownDataTypeParameters>,,</ownDataTypeParameters>
<autoIncrementCycle>false</autoIncrementCycle>
</Column>
<Column name="FormaPago" id="3DFB80C7-A61C-078A-DA75-209EF05CA543">
<createdBy>rodri</createdBy>
<createdTime>2025-08-25 22:54:46 UTC</createdTime>
<generatorID>6853A4FB-8C95-A7A6-8F1E-DC0AA8DBDA2D</generatorID>
<ownerDesignName>Treabajo_Semana2</ownerDesignName>
<useDomainConstraints>false</useDomainConstraints>
<use>1</use>
<logicalDatatype>LOGDT019</logicalDatatype>
<ownDataTypeParameters>,,</ownDataTypeParameters>
<autoIncrementCycle>false</autoIncrementCycle>
</Column>
<Column name="VUELO_NroVuelo" id="6C104BF0-7D9E-5801-8759-4336A71C1319">
<createdBy>rodri</createdBy>
<createdTime>2025-08-25 22:54:46 UTC</createdTime>
<generatorID>DF3940B7-AD3D-A041-FE7A-5AF74824BFB5</generatorID>
<ownerDesignName>Treabajo_Semana2</ownerDesignName>
<useDomainConstraints>false</useDomainConstraints>
<use>1</use>
<logicalDatatype>LOGDT019</logicalDatatype>
<dataTypePrecision>10</dataTypePrecision>
<ownDataTypeParameters>,,</ownDataTypeParameters>
<previousColumn>false</previousColumn>
<autoIncrementCycle>false</autoIncrementCycle>
<associations>
<colAssociation fkAssociation="0C9E0E02-6A0D-BDDC-5B09-570709AA6BFC" referredColumn="65E6566A-C862-1877-86F5-208E7C1A3F59"/>
</associations>
</Column>
<Column name="PASAJERO_NumPasajero" id="E1F75F8D-6D57-9AA7-46B3-F9DA0F77BBD4">
<createdBy>rodri</createdBy>
<createdTime>2025-08-25 22:54:46 UTC</createdTime>
<generatorID>770C093C-456C-C45A-1B35-F32DCC775759</generatorID>
<ownerDesignName>Treabajo_Semana2</ownerDesignName>
<useDomainConstraints>false</useDomainConstraints>
<use>1</use>
<logicalDatatype>LOGDT019</logicalDatatype>
<ownDataTypeParameters>,,</ownDataTypeParameters>
<previousColumn>false</previousColumn>
<autoIncrementCycle>false</autoIncrementCycle>
<associations>
<colAssociation fkAssociation="4C94EFE8-A5CC-3F26-A81E-C6DEF3D3EA3D" referredColumn="8485A30A-C8CA-5F7F-1CB2-52048414D572"/>
</associations>
</Column>
<Column name="ADMINISTRATIVO_RUT" id="4EA95AB9-76D3-8EF9-7A6F-988998B5C0F5">
<createdBy>rodri</createdBy>
<createdTime>2025-08-25 22:54:46 UTC</createdTime>
<generatorID>AD3040FC-33C9-CEB7-7F04-1761BEF8697B</generatorID>
<ownerDesignName>Treabajo_Semana2</ownerDesignName>
<useDomainConstraints>false</useDomainConstraints>
<use>1</use>
<logicalDatatype>LOGDT024</logicalDatatype>
<dataTypeSize>9</dataTypeSize>
<ownDataTypeParameters>,,</ownDataTypeParameters>
<previousColumn>false</previousColumn>
<autoIncrementCycle>false</autoIncrementCycle>
<associations>
<colAssociation fkAssociation="CD0584DA-C19E-B8C3-E55E-5C7A38192A88" referredColumn="FB712330-1737-D2D9-73D1-3853E50EB4E6"/>
</associations>
</Column>
</columns>
<indexes itemClass="oracle.dbtools.crest.model.design.relational.Index">
<ind_PK_UK id="AC43C790-FC73-509F-C97A-E101AD320489" name="RESERVA_PK">
<createdBy>rodri</createdBy>
<createdTime>2025-08-25 22:54:46 UTC</createdTime>
<generatorID>134461E1-9B1A-E698-E39C-97FB9EB15723</generatorID>
<ownerDesignName>Treabajo_Semana2</ownerDesignName>
<pk>true</pk>
<indexState>Primary Constraint</indexState>
<isSurrogateKey>false</isSurrogateKey>
<indexColumnUsage>
<colUsage columnID="0620E680-C240-E8A3-606B-B523FAA6F033"/>
</indexColumnUsage>
</ind_PK_UK>
<ind_PK_UK id="1E9D53A5-67FF-CC20-3C52-43B80E4E5D66" name="RESERVA_VUELO_FK">
<createdBy>rodri</createdBy>
<createdTime>2025-08-25 22:54:47 UTC</createdTime>
<generatorID>93BEC603-100C-5A2E-F6F2-792FB556BD11</generatorID>
<ownerDesignName>Treabajo_Semana2</ownerDesignName>
<indexState>Foreign Key</indexState>
<isSurrogateKey>false</isSurrogateKey>
<indexColumnUsage>
<colUsage columnID="6C104BF0-7D9E-5801-8759-4336A71C1319"/>
</indexColumnUsage>
</ind_PK_UK>
<ind_PK_UK id="0C39EBD2-46C1-56D4-6F3E-CBA8A997E827" name="RESERVA_PASAJERO_FK">
<createdBy>rodri</createdBy>
<createdTime>2025-08-25 22:54:47 UTC</createdTime>
<generatorID>F39952C3-8B5D-965F-3C0E-D6BD45C14F14</generatorID>
<ownerDesignName>Treabajo_Semana2</ownerDesignName>
<indexState>Foreign Key</indexState>
<isSurrogateKey>false</isSurrogateKey>
<indexColumnUsage>
<colUsage columnID="E1F75F8D-6D57-9AA7-46B3-F9DA0F77BBD4"/>
</indexColumnUsage>
</ind_PK_UK>
<ind_PK_UK id="D287BB9A-2473-219C-13F5-14067E7E82B1" name="RESERVA_ADMINISTRATIVO_FK">
<createdBy>rodri</createdBy>
<createdTime>2025-08-25 22:54:47 UTC</createdTime>
<generatorID>8877DF75-D852-816F-FDB9-F8E39D282453</generatorID>
<ownerDesignName>Treabajo_Semana2</ownerDesignName>
<indexState>Foreign Key</indexState>
<isSurrogateKey>false</isSurrogateKey>
<indexColumnUsage>
<colUsage columnID="4EA95AB9-76D3-8EF9-7A6F-988998B5C0F5"/>
</indexColumnUsage>
</ind_PK_UK>
</indexes>
</Table>