<?xml version = '1.0' encoding = 'UTF-8'?>
<Table class="oracle.dbtools.crest.model.design.relational.Table" directorySegmentName="seg_0" id="D9E61769-9114-59BE-0341-45A186B6C258" name="EMPLEADO">
<createdBy>rodri</createdBy>
<createdTime>2025-08-25 22:54:46 UTC</createdTime>
<generatorID>3F638CD6-45AF-A653-4B0E-D01D983190BD</generatorID>
<ownerDesignName>Treabajo_Semana2</ownerDesignName>
<allowColumnReorder>false</allowColumnReorder>
<existDependencyGenerateInDDl>true</existDependencyGenerateInDDl>
<parsed>true</parsed>
<columns itemClass="oracle.dbtools.crest.model.design.relational.Column">
<Column name="RUT" id="F98DD974-4752-CA09-31B1-14AF6D262A6D">
<createdBy>rodri</createdBy>
<createdTime>2025-08-25 22:54:46 UTC</createdTime>
<generatorID>F4764608-260F-F15D-7FED-AFDB97F9330E</generatorID>
<ownerDesignName>Treabajo_Semana2</ownerDesignName>
<useDomainConstraints>false</useDomainConstraints>
<use>1</use>
<logicalDatatype>LOGDT024</logicalDatatype>
<dataTypeSize>9</dataTypeSize>
<ownDataTypeParameters>9,,</ownDataTypeParameters>
<autoIncrementCycle>false</autoIncrementCycle>
</Column>
<Column name="NombreCompleto" id="8FE9B0D1-15E5-A7A3-2B8B-E3972F7178A1">
<createdBy>rodri</createdBy>
<createdTime>2025-08-25 22:54:47 UTC</createdTime>
<generatorID>4C7C10B3-3D02-D2F8-FF66-71B9A6749178</generatorID>
<ownerDesignName>Treabajo_Semana2</ownerDesignName>
<useDomainConstraints>false</useDomainConstraints>
<use>1</use>
<logicalDatatype>LOGDT024</logicalDatatype>
<dataTypeSize>100</dataTypeSize>
<ownDataTypeParameters>100,,</ownDataTypeParameters>
<autoIncrementCycle>false</autoIncrementCycle>
</Column>
<Column name="Direccion" id="14F84226-3474-23B4-8E31-615F4821AA7A">
<createdBy>rodri</createdBy>
<createdTime>2025-08-25 22:54:47 UTC</createdTime>
<generatorID>C6BB43D1-1A84-2EB4-3A5E-1AD9DDE3BA5E</generatorID>
<ownerDesignName>Treabajo_Semana2</ownerDesignName>
<useDomainConstraints>false</useDomainConstraints>
<use>1</use>
<logicalDatatype>LOGDT024</logicalDatatype>
<dataTypeSize>200</dataTypeSize>
<ownDataTypeParameters>200,,</ownDataTypeParameters>
<autoIncrementCycle>false</autoIncrementCycle>
</Column>
<Column name="SueldoBase" id="6D7E2777-1023-FDE8-4265-D0CE12EB08D9">
<createdBy>rodri</createdBy>
<createdTime>2025-08-25 22:54:47 UTC</createdTime>
<generatorID>86BC08E6-A7FA-A169-9C28-71D605B9855B</generatorID>
<ownerDesignName>Treabajo_Semana2</ownerDesignName>
<useDomainConstraints>false</useDomainConstraints>
<use>1</use>
<logicalDatatype>LOGDT019</logicalDatatype>
<dataTypePrecision>20</dataTypePrecision>
<ownDataTypeParameters>,20,</ownDataTypeParameters>
<autoIncrementCycle>false</autoIncrementCycle>
</Column>
<Column name="FechaIngreso" id="6FFD8822-BCD9-2386-3AB6-30D72913F5A0">
<createdBy>rodri</createdBy>
<createdTime>2025-08-25 22:54:47 UTC</createdTime>
<generatorID>9E7D2419-39B3-B034-38C6-ED82E0E23805</generatorID>
<ownerDesignName>Treabajo_Semana2</ownerDesignName>
<useDomainConstraints>false</useDomainConstraints>
<use>1</use>
<logicalDatatype>LOGDT007</logicalDatatype>
<ownDataTypeParameters>,,</ownDataTypeParameters>
<autoIncrementCycle>false</autoIncrementCycle>
</Column>
<Column name="Genero" id="D330FA87-2168-C787-1290-C58A192C3FBB">
<createdBy>rodri</createdBy>
<createdTime>2025-08-25 22:54:47 UTC</createdTime>
<generatorID>08DD2D86-6F04-AEEB-0039-2B7BBB83335F</generatorID>
<ownerDesignName>Treabajo_Semana2</ownerDesignName>
<useDomainConstraints>false</useDomainConstraints>
<use>1</use>
<logicalDatatype>LOGDT025</logicalDatatype>
<ownDataTypeParameters>,,</ownDataTypeParameters>
<autoIncrementCycle>false</autoIncrementCycle>
</Column>
<Column name="TelefonoMovil" id="FA53FC25-EACF-3350-DD42-ECE10D1EA086">
<createdBy>rodri</createdBy>
<createdTime>2025-08-25 22:54:47 UTC</createdTime>
<generatorID>0EB134A5-4018-6E33-560F-6C8A8B20C865</generatorID>
<ownerDesignName>Treabajo_Semana2</ownerDesignName>
<useDomainConstraints>false</useDomainConstraints>
<use>1</use>
<logicalDatatype>LOGDT024</logicalDatatype>
<dataTypeSize>20</dataTypeSize>
<ownDataTypeParameters>20,,</ownDataTypeParameters>
<autoIncrementCycle>false</autoIncrementCycle>
</Column>
<Column name="TelefonoContacto" id="A39A0552-3697-880A-0983-973D5E5EAF09">
<createdBy>rodri</createdBy>
<createdTime>2025-08-25 22:54:47 UTC</createdTime>
<generatorID>F5DEBD04-97ED-7AFD-F34B-DE9C426FDDE5</generatorID>
<ownerDesignName>Treabajo_Semana2</ownerDesignName>
<useDomainConstraints>false</useDomainConstraints>
<use>1</use>
<logicalDatatype>LOGDT024</logicalDatatype>
<dataTypeSize>20</dataTypeSize>
<ownDataTypeParameters>20,,</ownDataTypeParameters>
<autoIncrementCycle>false</autoIncrementCycle>
</Column>
</columns>
<indexes itemClass="oracle.dbtools.crest.model.design.relational.Index">
<ind_PK_UK id="F55850BA-10E1-8F08-AE4B-734D13D9B09F" name="EMPLEADO_PK">
<createdBy>rodri</createdBy>
<createdTime>2025-08-25 22:54:46 UTC</createdTime>
<generatorID>8856CF4F-EC02-F7A3-6D6D-435FCDD38067</generatorID>
<ownerDesignName>Treabajo_Semana2</ownerDesignName>
<pk>true</pk>
<indexState>Primary Constraint</indexState>
<isSurrogateKey>false</isSurrogateKey>
<indexColumnUsage>
<colUsage columnID="F98DD974-4752-CA09-31B1-14AF6D262A6D"/>
</indexColumnUsage>
</ind_PK_UK>
</indexes>
</Table>