<?xml version = '1.0' encoding = 'UTF-8'?>
<Table class="oracle.dbtools.crest.model.design.relational.Table" directorySegmentName="seg_0" id="EECEBE26-904C-9946-6C8B-B0FC0996EDDB" name="ADMINISTRATIVO">
<createdBy>rodri</createdBy>
<createdTime>2025-08-25 22:54:46 UTC</createdTime>
<generatorID>07C37C65-457C-0446-948C-42D8BD7F14C2</generatorID>
<ownerDesignName>Treabajo_Semana2</ownerDesignName>
<allowColumnReorder>false</allowColumnReorder>
<existDependencyGenerateInDDl>true</existDependencyGenerateInDDl>
<parsed>true</parsed>
<columns itemClass="oracle.dbtools.crest.model.design.relational.Column">
<Column name="RUT" id="FB712330-1737-D2D9-73D1-3853E50EB4E6">
<createdBy>rodri</createdBy>
<createdTime>2025-08-25 22:54:47 UTC</createdTime>
<generatorID>F4764608-260F-F15D-7FED-AFDB97F9330E</generatorID>
<ownerDesignName>Treabajo_Semana2</ownerDesignName>
<useDomainConstraints>false</useDomainConstraints>
<use>1</use>
<logicalDatatype>LOGDT024</logicalDatatype>
<dataTypeSize>9</dataTypeSize>
<ownDataTypeParameters>,,</ownDataTypeParameters>
<autoIncrementCycle>false</autoIncrementCycle>
<associations>
<colAssociation fkAssociation="C2AA48C9-2263-7B52-E0BE-5ED529DDE094" referredColumn="F98DD974-4752-CA09-31B1-14AF6D262A6D"/>
</associations>
</Column>
<Column name="HorasExtras" id="E6B42893-F71F-C3BA-9B9B-1BAEBBF048E5">
<createdBy>rodri</createdBy>
<createdTime>2025-08-25 22:54:47 UTC</createdTime>
<generatorID>3BABE2EB-9FBA-9938-F48E-D1DB4ABE0F51</generatorID>
<ownerDesignName>Treabajo_Semana2</ownerDesignName>
<useDomainConstraints>false</useDomainConstraints>
<use>1</use>
<logicalDatatype>LOGDT019</logicalDatatype>
<ownDataTypeParameters>,,</ownDataTypeParameters>
<autoIncrementCycle>false</autoIncrementCycle>
</Column>
<Column name="AFP" id="0ED95ACB-49BF-18DB-F656-50F675884606">
<createdBy>rodri</createdBy>
<createdTime>2025-08-25 22:54:47 UTC</createdTime>
<generatorID>84B55692-225F-899C-583A-48B8A7CFDD77</generatorID>
<ownerDesignName>Treabajo_Semana2</ownerDesignName>
<useDomainConstraints>false</useDomainConstraints>
<use>1</use>
<logicalDatatype>LOGDT024</logicalDatatype>
<dataTypeSize>50</dataTypeSize>
<ownDataTypeParameters>50,,</ownDataTypeParameters>
<autoIncrementCycle>false</autoIncrementCycle>
</Column>
<Column name="Area" id="CC74FBE5-4DBA-25C7-7731-9B482A0C7280">
<createdBy>rodri</createdBy>
<createdTime>2025-08-25 22:54:47 UTC</createdTime>
<generatorID>3296018E-8B9A-D16A-4762-B8BEE6B88C32</generatorID>
<ownerDesignName>Treabajo_Semana2</ownerDesignName>
<useDomainConstraints>false</useDomainConstraints>
<use>1</use>
<logicalDatatype>LOGDT024</logicalDatatype>
<dataTypeSize>100</dataTypeSize>
<ownDataTypeParameters>100,,</ownDataTypeParameters>
<autoIncrementCycle>false</autoIncrementCycle>
</Column>
<Column name="Bonificaciones" id="49DB87CB-CCBC-860C-A5D1-3E21184ED2F6">
<createdBy>rodri</createdBy>
<createdTime>2025-08-25 22:54:47 UTC</createdTime>
<generatorID>FBD1C825-2891-FDE2-B7E0-7F75F8A730A6</generatorID>
<ownerDesignName>Treabajo_Semana2</ownerDesignName>
<useDomainConstraints>false</useDomainConstraints>
<use>1</use>
<logicalDatatype>LOGDT024</logicalDatatype>
<dataTypeSize>50</dataTypeSize>
<ownDataTypeParameters>50,,</ownDataTypeParameters>
<autoIncrementCycle>false</autoIncrementCycle>
</Column>
</columns>
<indexes itemClass="oracle.dbtools.crest.model.design.relational.Index">
<ind_PK_UK id="BD2CE472-DCA8-2A25-A250-EF2721395498" name="ADMINISTRATIVO_PK">
<createdBy>rodri</createdBy>
<createdTime>2025-08-25 22:54:47 UTC</createdTime>
<generatorID>8856CF4F-EC02-F7A3-6D6D-435FCDD38067</generatorID>
<ownerDesignName>Treabajo_Semana2</ownerDesignName>
<pk>true</pk>
<indexState>Primary Constraint</indexState>
<isSurrogateKey>false</isSurrogateKey>
<indexColumnUsage>
<colUsage columnID="FB712330-1737-D2D9-73D1-3853E50EB4E6"/>
</indexColumnUsage>
</ind_PK_UK>
<ind_PK_UK id="755E9A7F-9401-0509-2FD0-359F72F28797" name="ADMINISTRATIVO_EMPLEADO_FK">
<createdBy>rodri</createdBy>
<createdTime>2025-08-25 22:54:47 UTC</createdTime>
<generatorID>3AB45D16-710B-638A-842C-AFE12049258B</generatorID>
<ownerDesignName>Treabajo_Semana2</ownerDesignName>
<indexState>Foreign Key</indexState>
<isSurrogateKey>false</isSurrogateKey>
<indexColumnUsage>
<colUsage columnID="FB712330-1737-D2D9-73D1-3853E50EB4E6"/>
</indexColumnUsage>
</ind_PK_UK>
</indexes>
</Table>