<?xml version = '1.0' encoding = 'UTF-8'?>
<Diagram class="oracle.dbtools.crest.swingui.logical.DPVLogical" name="Logical" id="0AD4FB7F-EED0-0288-C08B-B59C0C8FD8CD">
<createdBy>rodri</createdBy>
<modifiedBy>rodri</modifiedBy>
<createdTime>2025-09-03 21:40:28 UTC</createdTime>
<autoRoute>false</autoRoute>
<boxInbox>true</boxInbox>
<showLegend>false</showLegend>
<showLabels>false</showLabels>
<showRelAttributes>false</showRelAttributes>
<gridEnabled>false</gridEnabled>
<showGrid>false</showGrid>
<diagramColor>-1</diagramColor>
<display>false</display>
<notation>1</notation>
<objectViews>
<OView class="oracle.dbtools.crest.swingui.logical.TVEntity" oid="1980A0FA-8CDF-E4FA-B8E7-5806966ADC8D" otype="Entity" vid="175FA801-788F-B2F7-A920-28C595747299">
<hideElementsInCurrentOnly>false</hideElementsInCurrentOnly>
<bounds x="567" y="18" width="179" height="126"/>
</OView>
<OView class="oracle.dbtools.crest.swingui.logical.TVEntity" oid="5D072F41-2BA2-1EE5-8829-0667A64CADD8" otype="Entity" vid="165675A3-143E-D1F8-81AA-F12F4A5BF3CE">
<hideElementsInCurrentOnly>false</hideElementsInCurrentOnly>
<bounds x="571" y="236" width="165" height="73"/>
</OView>
<OView class="oracle.dbtools.crest.swingui.logical.TVEntity" oid="670D3B55-C5A5-BDAB-4F2C-21F976E6F6C1" otype="Entity" vid="5C041F02-2F70-01DB-CFBB-A902DEF0E130">
<hideElementsInCurrentOnly>false</hideElementsInCurrentOnly>
<bounds x="341" y="358" width="167" height="78"/>
</OView>
<OView class="oracle.dbtools.crest.swingui.logical.TVEntity" oid="829151C9-440F-E4FF-7EF4-80F601C474B1" otype="Entity" vid="3F91F81D-2CCD-871B-49D4-B26DBC9B691E">
<hideElementsInCurrentOnly>false</hideElementsInCurrentOnly>
<bounds x="330" y="17" width="174" height="127"/>
</OView>
<OView class="oracle.dbtools.crest.swingui.logical.TVEntity" oid="8981A5A8-63BE-C506-C1A3-B66A81A798E4" otype="Entity" vid="A0313568-1884-D693-ED06-435F59ECD681">
<hideElementsInCurrentOnly>false</hideElementsInCurrentOnly>
<bounds x="334" y="237" width="173" height="75"/>
</OView>
<OView class="oracle.dbtools.crest.swingui.logical.TVEntity" oid="B5CCEC4E-360B-61E3-2452-11F26F37ABBB" otype="Entity" vid="93651A91-1CDD-BD41-A6B7-583C1F8F6E73">
<hideElementsInCurrentOnly>false</hideElementsInCurrentOnly>
<bounds x="827" y="22" width="179" height="120"/>
</OView>
<OView class="oracle.dbtools.crest.swingui.logical.TVEntity" oid="F40F90A6-B661-9790-AD1E-430683D9F27C" otype="Entity" vid="838189F9-24F1-ED44-4D88-9B943B806687">
<hideElementsInCurrentOnly>false</hideElementsInCurrentOnly>
<bounds x="24" y="14" width="193" height="222"/>
</OView>
</objectViews>
<connectors>
<Connector class="oracle.dbtools.crest.swingui.logical.TVRelation" oid="1F919661-B448-071E-32E2-7591415EF9CC" otype="Relation" vid_source="838189F9-24F1-ED44-4D88-9B943B806687" vid_target="5C041F02-2F70-01DB-CFBB-A902DEF0E130">
<hideElementsInCurrentOnly>false</hideElementsInCurrentOnly>
<backgroundColor>-16777216</backgroundColor>
<lineWidth>1</lineWidth>
<points>
<point x="48" y="236"/>
<point x="48" y="395"/>
<point x="341" y="395"/>
</points>
</Connector>
<Connector class="oracle.dbtools.crest.swingui.logical.TVRelation" oid="3A97A1CB-AA76-97EB-B0EE-682443F05EE5" otype="Relation" vid_source="A0313568-1884-D693-ED06-435F59ECD681" vid_target="165675A3-143E-D1F8-81AA-F12F4A5BF3CE">
<hideElementsInCurrentOnly>false</hideElementsInCurrentOnly>
<backgroundColor>-16777216</backgroundColor>
<lineWidth>1</lineWidth>
<points>
<point x="507" y="273"/>
<point x="571" y="273"/>
</points>
</Connector>
<Connector class="oracle.dbtools.crest.swingui.logical.TVRelation" oid="81FC71D2-7B8B-35FE-42C9-9960E7E96856" otype="Relation" vid_source="838189F9-24F1-ED44-4D88-9B943B806687" vid_target="A0313568-1884-D693-ED06-435F59ECD681">
<hideElementsInCurrentOnly>false</hideElementsInCurrentOnly>
<backgroundColor>-16777216</backgroundColor>
<lineWidth>1</lineWidth>
<points>
<point x="126" y="236"/>
<point x="126" y="273"/>
<point x="334" y="273"/>
</points>
</Connector>
<Connector class="oracle.dbtools.crest.swingui.logical.TVRelation" oid="AF76A56C-29A1-69E3-BE65-0B541088EE03" otype="Relation" vid_source="838189F9-24F1-ED44-4D88-9B943B806687" vid_target="3F91F81D-2CCD-871B-49D4-B26DBC9B691E">
<hideElementsInCurrentOnly>false</hideElementsInCurrentOnly>
<backgroundColor>-16777216</backgroundColor>
<lineWidth>1</lineWidth>
<points>
<point x="217" y="80"/>
<point x="330" y="80"/>
</points>
</Connector>
<Connector class="oracle.dbtools.crest.swingui.logical.TVRelation" oid="B0C97390-77E5-E7EC-273C-9C0C4EFA1571" otype="Relation" vid_source="838189F9-24F1-ED44-4D88-9B943B806687" vid_target="175FA801-788F-B2F7-A920-28C595747299">
<hideElementsInCurrentOnly>false</hideElementsInCurrentOnly>
<backgroundColor>-16777216</backgroundColor>
<lineWidth>1</lineWidth>
<points>
<point x="217" y="190"/>
<point x="601" y="190"/>
<point x="601" y="144"/>
</points>
</Connector>
<Connector class="oracle.dbtools.crest.swingui.logical.TVRelation" oid="B4E9E94D-1A8E-A3E0-A2FC-6BA59814AE1F" otype="Relation" vid_source="175FA801-788F-B2F7-A920-28C595747299" vid_target="93651A91-1CDD-BD41-A6B7-583C1F8F6E73">
<hideElementsInCurrentOnly>false</hideElementsInCurrentOnly>
<backgroundColor>-16777216</backgroundColor>
<lineWidth>1</lineWidth>
<points>
<point x="746" y="82"/>
<point x="827" y="82"/>
</points>
</Connector>
</connectors>
</Diagram>